date,open,high,low,close,volume,symbol
<<<<<<< HEAD
2021-04-22,4.767168,4.9093266,4.194119,4.9093,610329004.0,GWIND
2021-04-26,5.1998243,5.3949614,4.8563485,4.9623,1025725877.0,GWIND
2021-04-27,4.7468596,4.9446454,4.556137,4.6356,826476948.0,GWIND
2021-04-28,4.368947,4.617945,4.176459,4.2559,504666686.0,GWIND
2021-04-29,4.2188416,4.3265643,4.14997,4.15,160355474.0,GWIND
2021-04-30,4.318618,4.4855,4.14997,4.3089,396059344.0,GWIND
2021-05-03,4.392787,4.46784,4.3000746,4.4237,270163778.0,GWIND
2021-05-04,4.3813086,4.450181,4.291246,4.3001,228409489.0,GWIND
2021-05-05,4.266522,4.3442245,4.2029486,4.2118,118745925.0,GWIND
2021-05-06,4.1967673,4.2470975,4.14997,4.1588,88016267.0,GWIND
2021-05-07,4.152619,4.2029486,4.1058216,4.1058,73795194.0,GWIND
2021-05-10,4.14997,4.3442245,3.9910347,4.1411,385873272.0,GWIND
2021-05-11,4.091694,4.1587996,4.017524,4.0175,112899677.0,GWIND
2021-05-12,3.9866204,4.035184,3.955716,3.9557,37129556.0,GWIND
2021-05-17,3.9407053,4.0086946,3.9027379,3.9027,144003103.0,GWIND
2021-05-18,3.9292264,3.9733758,3.911567,3.9116,116756904.0,GWIND
2021-05-20,3.9062696,3.938057,3.8850782,3.8851,99986020.0,GWIND
2021-05-21,3.9407053,4.017524,3.8850782,3.9204,160227798.0,GWIND
2021-05-24,3.8965569,3.938057,3.8585892,3.8674,59760270.0,GWIND
2021-05-25,3.7870684,3.8850782,3.6731648,3.682,90467233.0,GWIND
2021-05-26,3.634314,3.7349732,3.5583787,3.6114,64713462.0,GWIND
2021-05-27,3.8029618,3.9203973,3.602527,3.735,319821274.0,GWIND
2021-05-28,3.6484416,3.7261434,3.5848677,3.629,73358116.0,GWIND
2021-05-31,3.6555054,3.7084837,3.6201866,3.6378,57512004.0,GWIND
2021-06-01,3.602527,3.6643355,3.5583787,3.5584,66906717.0,GWIND
2021-06-02,3.5248258,3.5495489,3.5054,3.5142,65121042.0,GWIND
2021-06-03,3.510698,3.5672083,3.452422,3.4701,54666230.0,GWIND
2021-06-04,3.455071,3.4877408,3.4259326,3.4348,47612799.0,GWIND
2021-06-07,3.455071,3.4877408,3.4347625,3.4436,49561315.0,GWIND
2021-06-08,3.44889,3.4789112,3.4259326,3.4259,56727119.0,GWIND
2021-06-09,3.4356453,3.4700816,3.417103,3.4348,75586371.0,GWIND
2021-06-10,3.4435923,3.4700816,3.417103,3.4348,66253699.0,GWIND
2021-06-11,3.450656,3.4965703,3.3994434,3.4171,110522639.0,GWIND
2021-06-14,3.4029756,3.4259326,3.381784,3.3906,31365257.0,GWIND
2021-06-15,3.349997,3.408273,3.222849,3.32,53705200.0,GWIND
2021-06-16,3.3906138,3.4700816,3.3023164,3.373,143088456.0,GWIND
2021-06-17,3.380901,3.4347625,3.355295,3.3553,42151871.0,GWIND
2021-06-18,3.3446996,3.3729544,3.319976,3.32,21003183.0,GWIND
2021-06-21,3.3049657,3.3729544,3.2846572,3.3023,42713752.0,GWIND
2021-06-22,3.295253,3.3376355,3.2758274,3.2847,43976432.0,GWIND
2021-06-23,3.2749445,3.3111465,3.2493382,3.2582,41650016.0,GWIND
2021-06-24,3.2652318,3.3023164,3.2405086,3.2582,43475080.0,GWIND
2021-06-25,3.2493382,3.2934868,3.2140198,3.2228,73256674.0,GWIND
2021-06-28,3.158392,3.231679,3.0727441,3.0727,46036195.0,GWIND
2021-06-29,2.9800317,3.0727441,2.9491277,2.9756,55121922.0,GWIND
2021-06-30,2.969436,3.0197656,2.9226387,2.9315,41553998.0,GWIND
2021-07-01,2.970319,3.002106,2.9402976,2.9668,46699262.0,GWIND
2021-07-02,2.9535425,3.0374248,2.8784897,2.9403,98331743.0,GWIND
2021-07-05,2.975617,3.0109355,2.9402976,3.0021,34275532.0,GWIND
2021-07-06,3.183998,3.3023164,2.9844465,3.3023,137907202.0,GWIND
2021-07-07,3.4012094,3.5407195,3.2934868,3.2935,322034720.0,GWIND
2021-07-08,3.3058484,3.381784,3.231679,3.2758,200033693.0,GWIND
2021-07-09,3.2254982,3.3111465,3.1698709,3.1699,45786896.0,GWIND
2021-07-12,3.1089456,3.1963599,3.0197656,3.0286,43306858.0,GWIND
2021-07-13,3.0639143,3.125722,3.002106,3.0109,62927492.0,GWIND
2021-07-14,3.0391908,3.0815732,3.0197656,3.0198,24287650.0,GWIND
2021-07-16,3.059499,3.099233,3.002106,3.0992,38030956.0,GWIND
2021-07-19,3.0647967,3.1080625,3.0285952,3.0816,13094393.0,GWIND
2021-07-26,3.0550842,3.1080625,3.0285952,3.0463,26603434.0,GWIND
2021-07-27,3.0515525,3.0904033,3.0197656,3.0463,37237382.0,GWIND
2021-07-28,3.1857643,3.2758274,3.0462546,3.1964,166577981.0,GWIND
2021-07-29,3.2025409,3.2934868,3.161041,3.1787,48736357.0,GWIND
2021-07-30,3.1424985,3.1787002,3.1168926,3.1346,21238247.0,GWIND
2021-08-02,3.2104876,3.2758274,3.125722,3.267,77073549.0,GWIND
2021-08-03,3.2793593,3.328806,3.2405086,3.2493,37363230.0,GWIND
2021-08-04,3.3040824,3.3641245,3.2493382,3.2935,66489164.0,GWIND
2021-08-05,3.4338794,3.5760381,3.258168,3.4259,240798315.0,GWIND
2021-08-06,3.3738375,3.4347625,3.3376355,3.3376,45551840.0,GWIND
2021-08-09,3.3703055,3.417103,3.319976,3.4083,60515567.0,GWIND
2021-08-10,3.5080492,3.5848677,3.3729544,3.4524,191074885.0,GWIND
2021-08-11,3.4630175,3.5407195,3.3906138,3.3906,65671759.0,GWIND
2021-08-12,3.538953,3.6555054,3.3994434,3.4613,232426022.0,GWIND
2021-08-13,3.477145,3.5054,3.452422,3.4789,49060784.0,GWIND
2021-08-16,3.5548468,3.602527,3.4877408,3.5319,64116714.0,GWIND
2021-08-17,3.4533052,3.4877408,3.4259326,3.4436,50735605.0,GWIND
2021-08-18,3.394146,3.4612517,3.355295,3.3553,45476541.0,GWIND
2021-08-19,3.297019,3.346465,3.258168,3.32,32801027.0,GWIND
2021-08-20,3.3076146,3.346465,3.2758274,3.3023,20568540.0,GWIND
2021-08-23,3.3676565,3.408273,3.3023164,3.3818,61523879.0,GWIND
2021-08-24,3.3694224,3.3994434,3.346465,3.3465,35012460.0,GWIND
2021-08-25,3.322625,3.355295,3.2846572,3.2847,32773444.0,GWIND
2021-08-26,3.282891,3.3111465,3.2493382,3.2493,23104729.0,GWIND
2021-08-27,3.2352107,3.2758274,3.2140198,3.267,19253334.0,GWIND
2021-08-31,3.2652318,3.3111465,3.2405086,3.2493,30052782.0,GWIND
2021-09-01,3.2608168,3.2846572,3.231679,3.2317,29566605.0,GWIND
2021-09-02,3.258168,3.2846572,3.231679,3.2582,74134124.0,GWIND
2021-09-03,3.255519,3.2934868,3.231679,3.2493,41866791.0,GWIND
2021-09-06,3.313795,3.381784,3.2493382,3.3023,62371687.0,GWIND
2021-09-07,3.3332207,3.3729544,3.2846572,3.3023,45560680.0,GWIND
2021-09-08,3.255519,3.3023164,3.2140198,3.2228,25716484.0,GWIND
2021-09-09,3.234328,3.2493382,3.2051895,3.2405,12159455.0,GWIND
2021-09-10,3.2493382,3.2846572,3.222849,3.2493,31465626.0,GWIND
2021-09-13,3.2572849,3.2934868,3.231679,3.2493,20394096.0,GWIND
2021-09-14,3.2643487,3.2934868,3.2405086,3.2582,40317524.0,GWIND
2021-09-15,3.2307959,3.2669978,3.1963599,3.2052,22507073.0,GWIND
2021-09-16,3.2290301,3.2758274,3.1963599,3.214,40516330.0,GWIND
2021-09-17,3.2140198,3.2405086,3.1875303,3.2052,16205010.0,GWIND
2021-09-20,3.132786,3.1875303,3.099233,3.1169,20574219.0,GWIND
2021-09-21,3.1442647,3.1963599,3.099233,3.1434,20817489.0,GWIND
2021-09-22,3.125722,3.1698709,3.099233,3.1257,16903407.0,GWIND
2021-09-23,3.1636899,3.2493382,3.0727441,3.1257,43371267.0,GWIND
2021-09-24,3.1424985,3.1787002,3.1080625,3.1346,20658178.0,GWIND
2021-09-27,3.1389668,3.1698709,3.1168926,3.1346,13577723.0,GWIND
2021-09-28,3.1636899,3.231679,3.1080625,3.214,35526419.0,GWIND
2021-09-29,3.3526459,3.4965703,3.1875303,3.3641,124747184.0,GWIND
2021-09-30,3.346465,3.3906138,3.3111465,3.3376,32507854.0,GWIND
2021-10-01,3.4303477,3.4965703,3.3111465,3.4259,66775238.0,GWIND
2021-10-04,3.6572716,3.7614627,3.4347625,3.6997,226319699.0,GWIND
2021-10-05,3.7014198,3.7879512,3.5142303,3.5142,158797958.0,GWIND
2021-10-06,3.5884,3.6555054,3.4965703,3.5407,83248986.0,GWIND
2021-10-07,3.60341,3.6643355,3.5583787,3.5672,33773711.0,GWIND
2021-10-08,3.5839849,3.6908243,3.4700816,3.6467,57459149.0,GWIND
2021-10-11,3.7226117,3.8056104,3.6555054,3.7085,83545536.0,GWIND
2021-10-12,3.695239,3.7702916,3.6466756,3.6555,27351228.0,GWIND
2021-10-13,3.6184206,3.7084837,3.5407195,3.5495,40307260.0,GWIND
2021-10-14,3.5928144,3.6555054,3.5318894,3.5672,23872520.0,GWIND
2021-10-15,3.68641,3.7526329,3.5936975,3.6997,55364759.0,GWIND
2021-10-18,3.803845,3.867419,3.6643355,3.7968,90026213.0,GWIND
2021-10-19,3.9468868,4.017524,3.8585892,3.9822,82082788.0,GWIND
2021-10-20,3.892142,3.9998653,3.8409297,3.8939,47215751.0,GWIND
2021-10-21,3.8462274,3.9292264,3.7526329,3.8233,43180911.0,GWIND
2021-10-22,3.8365145,3.8850782,3.7702916,3.8409,25841068.0,GWIND
2021-10-25,3.863887,3.938057,3.796781,3.8409,36170915.0,GWIND
2021-10-26,3.8806634,3.9292264,3.8409297,3.8762,38346906.0,GWIND
2021-10-27,3.89744,3.938057,3.867419,3.8939,29633599.0,GWIND
2021-10-28,3.8515255,3.911567,3.8144407,3.8144,11813752.0,GWIND
2021-11-01,3.9221628,3.9733758,3.8409297,3.9116,31513217.0,GWIND
2021-11-02,3.9407053,3.9998653,3.8850782,3.8939,34957955.0,GWIND
2021-11-03,4.1040554,4.2647567,3.7702916,4.15,210267487.0,GWIND
2021-11-04,4.2930117,4.397202,4.1058216,4.3001,106698846.0,GWIND
2021-11-05,4.323033,4.4236917,4.176459,4.3089,62512473.0,GWIND
2021-11-08,4.3071384,4.397202,4.2470975,4.3001,30886365.0,GWIND
2021-11-09,4.240033,4.3442245,4.141141,4.1411,29099512.0,GWIND
2021-11-10,4.189704,4.2470975,4.123481,4.1765,27149208.0,GWIND
2021-11-11,4.131428,4.2029486,4.061673,4.097,20883880.0,GWIND
2021-11-12,4.2470975,4.3707128,4.079332,4.2383,51806217.0,GWIND
2021-11-15,4.2488627,4.291246,4.194119,4.2118,28688393.0,GWIND
2021-11-16,4.2965436,4.3442245,4.1852884,4.2648,57390161.0,GWIND
2021-11-17,4.3212667,4.397202,4.2470975,4.3266,48704812.0,GWIND
2021-11-18,4.3830748,4.46784,4.273586,4.4237,71454838.0,GWIND
2021-11-19,4.404266,4.4766703,4.3353944,4.3442,42416936.0,GWIND
2021-11-22,4.374245,4.46784,4.3000746,4.4237,49847997.0,GWIND
2021-11-23,4.3866067,4.450181,4.2647567,4.3884,66013372.0,GWIND
2021-11-24,4.506691,4.6091156,4.397202,4.6003,63357463.0,GWIND
2021-11-25,4.5190525,4.6620946,4.4413514,4.4855,52677533.0,GWIND
2021-11-26,4.374245,4.5119886,4.2647567,4.3177,72724794.0,GWIND
2021-11-29,4.338043,4.46784,4.255927,4.4325,49207894.0,GWIND
2021-11-30,4.513755,4.6356053,4.388373,4.6268,39587120.0,GWIND
2021-12-01,4.6285415,4.697413,4.5826263,4.6003,30480293.0,GWIND
2021-12-02,4.65503,4.7150726,4.564967,4.6798,31916735.0,GWIND
2021-12-03,4.767168,4.8563485,4.706242,4.7416,37529719.0,GWIND
2021-12-06,4.739795,4.8033695,4.6797533,4.7239,26720574.0,GWIND
2021-12-07,4.751274,4.7945395,4.697413,4.7151,47496523.0,GWIND
2021-12-08,4.694764,4.7503915,4.626775,4.6356,27462882.0,GWIND
2021-12-09,4.60735,4.6885834,4.538478,4.5915,24887088.0,GWIND
2021-12-10,4.620594,4.706242,4.5208178,4.6444,41092684.0,GWIND
2021-12-13,4.6682754,4.7150726,4.6002855,4.6003,31360165.0,GWIND
2021-12-14,4.702711,4.7503915,4.6356053,4.7504,47060330.0,GWIND
2021-12-15,4.745093,4.7945395,4.6797533,4.7327,51589874.0,GWIND
2021-12-16,4.948177,5.183048,4.7239017,5.1389,122258197.0,GWIND
2021-12-17,5.2872386,5.5715556,4.653264,5.0153,113989806.0,GWIND
2021-12-20,5.077091,5.341983,4.7239017,5.0859,89023591.0,GWIND
2021-12-21,4.764519,5.3596425,4.5826263,4.5826,69511393.0,GWIND
2021-12-22,4.63119,4.8563485,4.194119,4.6886,101132757.0,GWIND
2021-12-23,4.5402446,4.7768803,4.361883,4.4943,51798109.0,GWIND
2021-12-24,4.5658503,4.670924,4.4148617,4.5561,59583055.0,GWIND
2021-12-27,4.564967,4.626775,4.5208178,4.5473,37536697.0,GWIND
2021-12-28,4.564084,4.697413,4.3353944,4.4855,67786556.0,GWIND
2021-12-29,4.5331798,4.6356053,4.4148617,4.6356,44266085.0,GWIND
2021-12-30,4.793657,4.918156,4.617945,4.8563,71070795.0,GWIND
2021-12-31,5.019698,5.209537,4.8298593,5.1566,66873408.0,GWIND
2022-01-03,5.3905463,5.562726,5.209537,5.5627,116431986.0,GWIND
2022-01-04,5.607757,5.74815,5.4302807,5.598,109404557.0,GWIND
2022-01-05,5.5839176,5.695171,5.4567695,5.5892,74553564.0,GWIND
2022-01-06,5.4832582,5.659853,5.262515,5.5097,59651103.0,GWIND
2022-01-07,5.562726,5.659853,5.4479394,5.5627,65951703.0,GWIND
2022-01-10,5.51063,5.651023,5.42145,5.6069,42688919.0,GWIND
2022-01-11,5.7534475,5.8982553,5.5362363,5.8806,99503370.0,GWIND
2022-01-12,5.957415,6.048361,5.801129,6.0307,80399307.0,GWIND
2022-01-13,6.0766153,6.1808066,5.9424043,6.0219,66998419.0,GWIND
2022-01-14,5.9397554,6.039531,5.8452773,5.9159,40949036.0,GWIND
2022-01-17,6.0201054,6.118998,5.8452773,6.0748,52626909.0,GWIND
2022-01-18,6.296476,6.472187,5.8629365,5.8629,123558805.0,GWIND
2022-01-19,6.2576256,6.445698,5.9247446,6.3574,153883215.0,GWIND
2022-01-20,6.4200916,6.6664414,6.1808066,6.4192,117799411.0,GWIND
2022-01-21,6.5269322,6.6487823,6.304422,6.6135,71367771.0,GWIND
2022-01-24,6.6099315,6.9666514,6.304422,6.3839,108346351.0,GWIND
2022-01-25,6.183455,6.516336,5.977722,6.2868,70933952.0,GWIND
2022-01-26,6.1649127,6.3485713,6.048361,6.172,41545240.0,GWIND
2022-01-27,6.387422,6.551655,6.0748496,6.4987,83746954.0,GWIND
2022-01-28,6.709707,6.896014,6.3927197,6.6753,113149996.0,GWIND
2022-01-31,6.601101,6.790057,6.4015493,6.4722,67841060.0,GWIND
2022-02-01,6.469538,6.595803,6.366231,6.4104,33758533.0,GWIND
2022-02-02,6.473953,6.595803,6.3927197,6.4192,38863024.0,GWIND
2022-02-03,6.2858796,6.454528,6.1013384,6.1455,33338895.0,GWIND
2022-02-04,6.3574004,6.481017,6.1808066,6.3309,49399478.0,GWIND
2022-02-07,6.359167,6.463358,6.2249556,6.4369,32868160.0,GWIND
2022-02-08,6.330029,6.463358,6.233785,6.3839,30632273.0,GWIND
2022-02-09,6.535761,6.613463,6.3485713,6.6046,43265011.0,GWIND
2022-02-10,6.592272,6.71059,6.5251656,6.6664,32940896.0,GWIND
2022-02-11,6.4995594,6.675271,6.295593,6.587,38738712.0,GWIND
2022-02-14,6.560485,6.6664414,6.4015493,6.5693,41547302.0,GWIND
2022-02-15,6.739728,6.8871846,6.5339956,6.6664,56147028.0,GWIND
2022-02-16,6.6381865,6.798887,6.5339956,6.5693,38721940.0,GWIND
2022-02-17,6.764451,6.9225035,6.5781436,6.6046,100440114.0,GWIND
2022-02-18,6.7494407,6.8518653,6.6487823,6.7547,51816141.0,GWIND
2022-02-21,6.6558456,6.798887,6.4898467,6.7194,41461472.0,GWIND
2022-02-22,6.5278153,6.6311226,6.4368687,6.4634,39159067.0,GWIND
2022-02-23,6.429805,6.5428247,6.216125,6.428,36810598.0,GWIND
2022-02-24,5.969776,6.2426147,5.7922983,6.1808,49526587.0,GWIND
2022-02-25,6.2982416,6.4898467,6.06602,6.4898,66589153.0,GWIND
2022-02-28,6.511038,6.6487823,6.330912,6.5428,62688154.0,GWIND
2022-03-01,6.6240587,6.71059,6.516336,6.7106,53725883.0,GWIND
2022-03-02,6.6072817,6.798887,6.410379,6.587,45074161.0,GWIND
2022-03-03,6.53841,6.622293,6.472187,6.4898,29474453.0,GWIND
2022-03-04,6.481017,6.5693145,6.3838897,6.428,23707827.0,GWIND
2022-03-07,5.9441695,6.1808066,5.7922983,5.7923,59818837.0,GWIND
2022-03-08,5.4708962,5.686342,5.2978344,5.4568,79262397.0,GWIND
2022-03-09,5.555662,5.704002,5.4302807,5.5539,45199953.0,GWIND
2022-03-10,5.4470563,5.6421933,5.3508124,5.395,27852069.0,GWIND
2022-03-11,5.4523544,5.5715556,5.3596425,5.4744,36019077.0,GWIND
2022-03-14,5.6104064,5.7304907,5.492088,5.651,34164030.0,GWIND
2022-03-15,5.5441833,5.712831,5.4567695,5.4656,36818134.0,GWIND
2022-03-16,5.444407,5.5185776,5.4037905,5.4215,16594806.0,GWIND
2022-03-17,5.453238,5.553896,5.3861313,5.3861,32907156.0,GWIND
2022-03-18,5.3481636,5.4567695,5.1918774,5.4303,31738037.0,GWIND
2022-03-21,5.3764186,5.474428,5.3243237,5.3685,33568042.0,GWIND
2022-03-22,5.3764186,5.4479394,5.3331532,5.4038,21086837.0,GWIND
2022-03-23,5.3905463,5.474428,5.3508124,5.4656,44046085.0,GWIND
2022-03-24,5.6333637,5.76581,5.4567695,5.7128,66163731.0,GWIND
2022-03-25,5.732257,5.880595,5.598045,5.6863,39019629.0,GWIND
2022-03-28,5.73314,5.7834687,5.6245337,5.6863,21067477.0,GWIND
2022-03-29,5.7075334,5.915914,5.5715556,5.7481,53253089.0,GWIND
2022-03-30,5.7940645,5.854107,5.695171,5.8453,35807940.0,GWIND
2022-03-31,5.943287,6.0571904,5.8099575,6.0219,35352926.0,GWIND
2022-04-01,6.0192227,6.0748496,5.968893,5.9954,21224279.0,GWIND
2022-04-04,6.050127,6.0925093,5.986553,6.066,21373151.0,GWIND
2022-04-05,6.0324664,6.0748496,5.986553,6.0219,25552393.0,GWIND
2022-04-06,6.321199,6.445698,6.189636,6.3662,121098260.0,GWIND
2022-04-07,6.4236236,6.5251656,6.330912,6.3397,46066332.0,GWIND
2022-04-08,6.369763,6.516336,6.251444,6.4898,55313695.0,GWIND
2022-04-11,6.495145,6.5693145,6.4280396,6.4457,31483136.0,GWIND
2022-04-12,6.483666,6.5693145,6.366231,6.4722,39027398.0,GWIND
2022-04-13,6.40773,6.5693145,6.1808066,6.2691,56388635.0,GWIND
2022-04-14,6.3017735,6.3750606,6.251444,6.3221,27309620.0,GWIND
2022-04-15,6.264688,6.3397417,6.233785,6.2691,23626857.0,GWIND
2022-04-18,6.404198,6.5339956,6.286763,6.4634,43435075.0,GWIND
2022-04-19,6.535761,6.595803,6.445698,6.5428,45346366.0,GWIND
2022-04-20,6.616112,6.728249,6.516336,6.5958,41699140.0,GWIND
2022-04-21,6.6108136,6.69293,6.4986763,6.5958,39290962.0,GWIND
2022-04-22,6.453645,6.560485,6.2779336,6.3574,30063386.0,GWIND
2022-04-25,6.324731,6.4015493,6.233785,6.2868,18456265.0,GWIND
2022-04-26,6.342391,6.507506,6.1278286,6.2603,47698166.0,GWIND
2022-04-27,6.2214236,6.3397417,6.1543174,6.2956,27034829.0,GWIND
2022-04-28,6.4995594,6.604633,6.322082,6.6046,42088372.0,GWIND
2022-04-29,6.7803445,7.0284605,6.5428247,6.6488,163883080.0,GWIND
2022-05-05,6.629356,6.798887,6.445698,6.4722,82878686.0,GWIND
2022-05-06,6.500443,6.595803,6.3750606,6.5605,72098794.0,GWIND
2022-05-09,6.614346,6.675271,6.516336,6.6135,58076696.0,GWIND
2022-05-10,6.635537,6.7194195,6.5781436,6.5781,63635589.0,GWIND
2022-05-11,6.3927197,6.595803,6.251444,6.2956,41005546.0,GWIND
2022-05-12,6.1163497,6.286763,5.968893,6.2073,73157412.0,GWIND
2022-05-13,6.2549763,6.3485713,6.1719766,6.2779,28350491.0,GWIND
2022-05-16,6.2090616,6.313252,6.1543174,6.1631,27196831.0,GWIND
2022-05-17,6.104871,6.207296,6.039531,6.119,29218795.0,GWIND
2022-05-18,6.0412965,6.207296,5.9247446,6.0042,38846008.0,GWIND
2022-05-20,6.0669026,6.1719766,5.9600635,6.013,31941187.0,GWIND
2022-05-23,6.08986,6.1631465,6.0130415,6.0925,22844149.0,GWIND
2022-05-24,6.1163497,6.1808066,6.0836797,6.0925,19045134.0,GWIND
2022-05-25,6.3000083,6.366231,6.1278286,6.3133,57491808.0,GWIND
2022-05-26,6.4000845,6.5526423,6.3320765,6.3413,23258575.0,GWIND
2022-05-27,6.3633227,6.4423594,6.3045063,6.3505,19805079.0,GWIND
2022-05-30,6.4350076,6.4883103,6.396408,6.424,25337294.0,GWIND
2022-05-31,6.541614,6.6445446,6.4423594,6.4975,43986369.0,GWIND
2022-06-01,6.6252446,6.690496,6.515882,6.5894,48850319.0,GWIND
2022-06-02,6.5958366,6.635355,6.561833,6.5894,25460736.0,GWIND
2022-06-03,6.665682,6.7456374,6.5985937,6.6813,56452328.0,GWIND
2022-06-06,6.7823987,6.8467307,6.7180667,6.7916,53815949.0,GWIND
2022-06-07,6.7548275,6.8283496,6.681306,6.7456,45018870.0,GWIND
2022-06-08,6.6537347,6.809969,6.4423594,6.4515,29767713.0,GWIND
2022-06-09,6.6776295,6.7823987,6.46074,6.6905,63050013.0,GWIND
2022-06-10,6.6280026,6.736447,6.5250716,6.571,43903861.0,GWIND
2022-06-13,6.600432,6.672116,6.5066915,6.6262,35525772.0,GWIND
2022-06-14,6.6914153,6.819159,6.571023,6.617,48436567.0,GWIND
2022-06-15,6.6950912,6.7915883,6.5985937,6.7456,40558236.0,GWIND
2022-06-16,6.6381116,6.773208,6.5342617,6.6262,41295396.0,GWIND
2022-06-17,6.983665,7.20515,6.6537347,7.1408,150836564.0,GWIND
2022-06-20,7.411011,7.545189,7.177579,7.3798,108586585.0,GWIND
2022-06-21,7.5176177,7.7198024,7.3246226,7.6463,91217963.0,GWIND
2022-06-22,7.705099,7.866847,7.526808,7.7749,80845870.0,GWIND
2022-06-23,7.7032604,7.8852277,7.5084276,7.6279,71765099.0,GWIND
2022-06-24,7.6545525,7.774944,7.545189,7.6371,56575189.0,GWIND
2022-06-27,7.5304847,7.6279006,7.2602916,7.4992,35878974.0,GWIND
2022-06-28,7.4854527,7.6738524,7.269481,7.3981,39678331.0,GWIND
2022-06-29,7.33657,7.4624767,7.195959,7.2419,27309787.0,GWIND
2022-06-30,7.311756,7.416525,7.2235303,7.2971,28719950.0,GWIND
2022-07-01,7.375169,7.5176177,7.2235303,7.4073,35842572.0,GWIND
2022-07-04,7.491885,7.6554713,7.269481,7.2787,42916498.0,GWIND
2022-07-05,7.2207727,7.3705745,7.113247,7.2603,41810218.0,GWIND
2022-07-06,7.286942,7.3797636,7.20515,7.2879,34012624.0,GWIND
2022-07-07,7.693152,7.8852277,7.2878613,7.6647,98489547.0,GWIND
2022-07-08,7.67569,7.765754,7.60952,7.7106,13745336.0,GWIND
2022-07-13,8.055247,8.188505,7.692233,8.1885,85607791.0,GWIND
2022-07-14,8.126931,8.32636,7.949558,8.115,71516001.0,GWIND
2022-07-18,8.351172,8.500974,8.151744,8.3907,68800747.0,GWIND
2022-07-19,8.395287,8.500974,8.32636,8.3815,47592063.0,GWIND
2022-07-20,8.180234,8.436642,8.01389,8.1977,77751878.0,GWIND
2022-07-21,8.202291,8.32636,8.041461,8.2253,49256201.0,GWIND
2022-07-22,8.646179,8.932916,8.317169,8.5929,173295592.0,GWIND
2022-07-25,8.954972,9.282145,8.574495,8.8778,114114724.0,GWIND
2022-07-26,8.887881,9.11672,8.721539,8.8962,71920803.0,GWIND
2022-07-27,9.119478,9.374046,8.905343,9.1994,117929461.0,GWIND
2022-07-28,9.162671,9.3464775,9.034007,9.1811,72530286.0,GWIND
2022-07-29,9.229759,9.429188,9.098338,9.4016,56948855.0,GWIND
2022-08-01,9.484329,9.603802,9.3280945,9.5211,91224286.0,GWIND
2022-08-02,9.355666,9.576233,9.052387,9.3557,68520510.0,GWIND
2022-08-03,9.419078,9.557852,9.282145,9.3557,42962554.0,GWIND
2022-08-04,9.722357,9.8887005,9.383237,9.8519,100853544.0,GWIND
2022-08-05,10.203007,10.568778,9.723277,10.3666,125447084.0,GWIND
2022-08-08,10.471361,10.927197,10.201169,10.2839,111791734.0,GWIND
2022-08-09,10.3041,10.743393,10.008174,10.1093,99449214.0,GWIND
2022-08-10,10.401516,10.660681,9.714085,10.532,118670195.0,GWIND
2022-08-11,10.871139,11.1201935,10.504447,11.0742,145866435.0,GWIND
2022-08-12,11.178091,11.625655,10.761773,10.9364,238292092.0,GWIND
2022-08-15,10.905142,11.166143,10.614729,10.9088,92244009.0,GWIND
2022-08-16,11.102732,11.460232,10.568778,11.0742,207323056.0,GWIND
2022-08-17,11.00991,11.239665,10.918007,10.918,66828744.0,GWIND
2022-08-18,10.819672,11.0558605,10.642299,10.7434,92421942.0,GWIND
2022-08-19,10.834375,10.973148,10.669871,10.8721,72728774.0,GWIND
2022-08-22,10.961202,11.083432,10.798533,10.9088,80406085.0,GWIND
2022-08-23,11.06689,11.258045,10.835295,11.2397,119495862.0,GWIND
2022-08-24,11.597167,11.919744,11.239665,11.7451,194953249.0,GWIND
2022-08-25,12.079654,12.324115,11.717559,11.9197,111485298.0,GWIND
2022-08-26,11.788322,12.039218,11.598084,11.7727,83477783.0,GWIND
2022-08-29,12.333305,12.682533,11.625655,12.5539,152747993.0,GWIND
2022-08-31,13.4388895,13.785362,12.636582,13.4269,221653196.0,GWIND
2022-09-01,14.363428,14.750338,13.895645,14.6125,266324742.0,GWIND
2022-09-02,15.051779,15.807219,13.9967375,14.7136,368300189.0,GWIND
2022-09-05,14.560101,15.154709,14.1254015,14.7779,232083830.0,GWIND
2022-09-06,14.322073,14.897382,14.134592,14.2449,173981315.0,GWIND
2022-09-07,14.049123,14.529772,13.730221,13.96,176183394.0,GWIND
2022-09-08,13.934245,14.254065,13.665889,13.6659,140885960.0,GWIND
2022-09-09,13.786282,14.07945,13.601559,13.721,108940714.0,GWIND
2022-09-12,13.856128,14.281635,13.3901825,14.0794,215295575.0,GWIND
2022-09-13,13.757792,14.198923,13.463704,13.4637,153082798.0,GWIND
2022-09-14,13.177888,13.592366,12.792816,13.3534,133037697.0,GWIND
2022-09-15,13.193511,13.583177,13.013383,13.0134,117729764.0,GWIND
2022-09-16,13.380992,13.776172,13.022572,13.335,130197203.0,GWIND
2022-09-19,14.05188,14.40111,13.399372,13.7118,205138090.0,GWIND
2022-09-20,13.950788,14.272445,13.601559,14.0703,159692304.0,GWIND
2022-09-21,14.037175,14.355158,13.812933,13.9416,123580638.0,GWIND
2022-09-22,14.073017,14.502202,13.840506,14.3643,158046849.0,GWIND
2022-09-23,14.281635,14.575723,14.116211,14.1346,113255412.0,GWIND
2022-09-26,14.168595,14.511392,13.886456,13.9967,129789559.0,GWIND
2022-09-27,13.933326,14.152971,13.555607,13.6935,95230852.0,GWIND
2022-09-28,13.522522,13.785362,13.2615185,13.3994,63539037.0,GWIND
2022-09-29,13.085066,13.537226,12.54468,13.0501,86863350.0,GWIND
2022-09-30,13.1613455,13.380992,12.866339,13.335,61394483.0,GWIND
2022-10-03,13.6162615,13.785362,13.307469,13.7854,103508201.0,GWIND
2022-10-04,13.972844,14.355158,13.638318,14.2265,157622072.0,GWIND
2022-10-05,15.110595,15.55908,14.46544,15.2742,326147826.0,GWIND
2022-10-06,15.26591,15.5958395,15.035235,15.0904,155402995.0,GWIND
2022-10-07,15.605029,16.285107,14.934143,16.0094,221047445.0,GWIND
2022-10-10,16.635258,17.093851,16.128874,16.3954,219940905.0,GWIND
2022-10-11,16.733593,17.093851,16.02778,16.8549,200818364.0,GWIND
2022-10-12,16.53876,17.020329,16.128874,16.2667,137056990.0,GWIND
2022-10-13,16.258457,16.588385,15.991019,16.2208,133119354.0,GWIND
2022-10-14,16.606766,16.946808,16.303488,16.7354,154535777.0,GWIND
2022-10-17,17.692135,18.104774,17.020329,17.682,252944825.0,GWIND
2022-10-18,17.353935,18.031256,16.882477,17.489,212725007.0,GWIND
2022-10-19,17.466974,17.82907,17.07547,17.1398,159289735.0,GWIND
2022-10-20,17.032276,17.599312,16.634338,17.2777,194452353.0,GWIND
2022-10-21,17.238134,17.507408,16.864094,17.3604,126399975.0,GWIND
2022-10-24,17.440321,17.90259,16.974377,17.2133,181189167.0,GWIND
2022-10-25,16.764841,17.286844,16.450531,17.2501,139942606.0,GWIND
2022-10-26,17.065361,17.525791,16.910046,16.9192,80023836.0,GWIND
2022-10-27,17.50006,17.755548,17.139801,17.1582,188151675.0,GWIND
2022-10-28,17.005623,17.15818,16.836521,16.8365,30434850.0,GWIND
2022-10-31,17.047897,17.323606,16.891663,16.91,112548069.0,GWIND
2022-11-01,17.604826,18.472387,16.75381,18.3437,304910695.0,GWIND
2022-11-02,19.068832,19.648737,18.380484,18.5643,364013743.0,GWIND
2022-11-03,19.247126,19.997965,18.784855,19.1157,324355713.0,GWIND
2022-11-04,19.056887,19.501692,18.729712,18.8216,204989422.0,GWIND
2022-11-07,18.828968,19.262747,18.509148,18.8584,183637860.0,GWIND
2022-11-08,18.500875,18.895138,18.334532,18.4172,153628129.0,GWIND
2022-11-09,18.573477,18.950277,18.23344,18.3989,190799879.0,GWIND
2022-11-10,19.257233,19.667118,18.306963,19.373,345965122.0,GWIND
2022-11-11,19.37395,19.924444,18.895138,19.0238,202578386.0,GWIND
2022-11-14,20.109169,20.91699,18.67457,20.8802,293150492.0,GWIND
2022-11-15,22.467382,22.957224,20.99051,22.9572,442512534.0,GWIND
2022-11-16,24.621576,25.236403,22.975605,24.0049,709050717.0,GWIND
2022-11-17,22.41408,24.390902,21.61545,21.6154,460830752.0,GWIND
2022-11-18,21.70919,22.86532,20.089869,22.3507,375400991.0,GWIND
2022-11-21,23.300938,24.170334,21.486786,23.6189,356987961.0,GWIND
2022-11-22,24.77689,25.585632,22.755041,25.3651,331166053.0,GWIND
2022-11-23,25.866856,26.853886,25.015839,25.1996,345044844.0,GWIND
2022-11-24,24.89085,25.53049,24.501184,24.7217,263663630.0,GWIND
2022-11-25,25.632505,26.559797,24.868793,25.3834,276754500.0,GWIND
2022-11-28,24.459827,25.567253,23.91301,24.3909,260674598.0,GWIND
2022-11-29,23.773317,24.501184,23.324833,23.6557,127104517.0,GWIND
2022-11-30,23.90474,24.446043,23.269691,23.6557,158163194.0,GWIND
2022-12-01,23.783426,24.225477,23.379976,23.6373,135646036.0,GWIND
2022-12-02,23.106108,23.729204,22.82856,23.0124,152723461.0,GWIND
2022-12-05,22.371807,23.122648,21.964676,22.2771,172748209.0,GWIND
2022-12-06,22.620861,23.600542,21.229458,23.4351,253158391.0,GWIND
2022-12-07,23.109783,24.133575,21.854395,22.5529,174846613.0,GWIND
2022-12-08,21.908619,22.552855,21.413261,22.0933,118371679.0,GWIND
2022-12-09,22.191677,22.51609,21.780874,22.4242,181952131.0,GWIND
2022-12-12,22.883701,23.435118,22.51609,22.5712,218350865.0,GWIND
2022-12-13,22.128263,22.82856,21.762493,22.3507,218036516.0,GWIND
2022-12-14,21.751465,22.405807,21.229458,21.2295,144327788.0,GWIND
2022-12-15,21.37742,21.872776,20.972132,21.4133,137769065.0,GWIND
2022-12-16,22.021656,22.51609,21.321362,22.369,224997637.0,GWIND
2022-12-19,22.815693,23.288073,22.277145,22.6999,225527760.0,GWIND
2022-12-20,22.325853,22.883701,22.130102,22.1852,138244914.0,GWIND
2022-12-21,21.917809,22.36905,21.597067,21.8544,178746529.0,GWIND
2022-12-22,21.803848,22.185242,21.321362,21.4684,586273866.0,GWIND
2022-12-23,21.41786,21.836014,21.137556,21.3765,149074980.0,GWIND
2022-12-26,21.272654,21.68897,20.99051,21.2662,148848713.0,GWIND
2022-12-27,20.928017,21.394884,20.549381,21.0457,137550248.0,GWIND
2022-12-28,20.580626,21.082415,20.218533,20.678,121832638.0,GWIND
2022-12-29,20.826008,21.211077,20.402338,21.2111,88630993.0,GWIND
2022-12-30,20.999702,21.67059,20.714806,20.917,123041406.0,GWIND
2023-01-02,21.323198,21.68897,20.751564,21.5052,158178008.0,GWIND
2023-01-03,21.497814,21.854395,20.95375,21.1743,133305558.0,GWIND
2023-01-04,20.585222,21.229458,20.163391,20.8618,104963386.0,GWIND
2023-01-05,19.722258,20.95375,18.821613,18.84,124992567.0,GWIND
2023-01-06,19.002665,19.667118,17.865831,19.4833,118809856.0,GWIND
2023-01-09,18.806911,19.75902,18.352911,18.3621,118816743.0,GWIND
2023-01-10,18.28858,18.766474,17.562555,17.9761,92087540.0,GWIND
2023-01-11,17.47892,18.28858,16.882477,16.9009,89226231.0,GWIND
2023-01-12,16.933939,17.415508,16.06454,17.2777,101408615.0,GWIND
2023-01-13,17.433887,17.82907,16.955997,17.6269,93103556.0,GWIND
2023-01-16,17.98898,18.545908,17.277655,18.4356,86130189.0,GWIND
2023-01-17,18.478819,19.152466,18.150728,18.3621,111228714.0,GWIND
2023-01-18,18.736143,19.35465,18.28858,19.3547,127428289.0,GWIND
2023-01-19,19.206686,19.648737,18.784855,19.0054,75916440.0,GWIND
2023-01-20,18.721441,19.078941,18.23344,18.5459,67267336.0,GWIND
2023-01-23,18.303286,18.784855,17.636074,17.6636,73998778.0,GWIND
2023-01-24,17.402643,17.727976,16.781382,17.6636,68883287.0,GWIND
2023-01-25,17.289602,18.086397,16.661907,17.4431,80732188.0,GWIND
2023-01-26,17.520275,17.8934,17.029518,17.4431,52867900.0,GWIND
2023-01-27,16.969782,17.406319,16.615957,17.0939,62751603.0,GWIND
2023-01-30,16.898098,17.185755,16.69867,16.7446,45573047.0,GWIND
2023-01-31,16.2557,16.744617,16.02778,16.0278,64033026.0,GWIND
2023-02-01,15.986428,16.422964,15.448795,15.5499,67071060.0,GWIND
2023-02-02,15.185957,15.724504,14.254065,15.3477,86494780.0,GWIND
2023-02-03,15.741046,16.128874,15.19147,16.1197,42172602.0,GWIND
2023-02-06,15.627087,16.082922,15.264992,16.0829,20208676.0,GWIND
2023-02-07,14.90841,16.036974,14.474631,14.9066,61728210.0,GWIND
2023-02-15,16.017673,16.395391,14.90657,16.3954,54503097.0,GWIND
2023-02-16,16.159203,17.525791,15.448795,16.4689,71884111.0,GWIND
2023-02-17,15.901875,16.422964,15.724504,15.8164,30767752.0,GWIND
2023-02-20,16.03789,16.275917,15.816405,16.2116,53048966.0,GWIND
2023-02-21,17.078228,17.819878,16.036974,17.682,123985521.0,GWIND
2023-02-22,16.970701,17.682024,16.542435,16.5424,70297794.0,GWIND
2023-02-23,17.420103,17.8934,16.542435,17.1674,122239111.0,GWIND
2023-02-24,16.906366,17.360365,16.542435,17.0939,76021866.0,GWIND
2023-02-27,17.200457,17.544172,16.542435,17.4431,66623405.0,GWIND
2023-02-28,17.541414,17.948544,17.185755,17.2409,91057077.0,GWIND
2023-03-01,17.53682,17.700407,17.259275,17.535,70499715.0,GWIND
2023-03-02,17.744518,18.169107,17.277655,17.5717,102385079.0,GWIND
2023-03-03,17.30155,17.663645,16.854904,17.2317,66729419.0,GWIND
2023-03-06,17.491787,17.783117,16.395391,17.4247,88593158.0,GWIND
2023-03-07,17.617693,17.746357,17.470652,17.6912,85217746.0,GWIND
2023-03-08,17.56439,17.819878,17.406319,17.6085,57176823.0,GWIND
2023-03-09,17.961409,18.28858,17.617693,18.2243,72253370.0,GWIND
2023-03-10,17.656294,18.242632,17.314415,17.4798,90439737.0,GWIND
2023-03-13,17.333715,17.590122,17.093851,17.0939,66597485.0,GWIND
2023-03-14,16.851227,17.167372,16.560816,16.5884,52676524.0,GWIND
2023-03-15,16.206991,16.70786,15.899116,16.0278,50686633.0,GWIND
2023-03-16,16.326464,16.588385,16.02778,16.2667,58886280.0,GWIND
2023-03-17,16.116009,16.533245,15.715315,16.1473,141313012.0,GWIND
2023-03-20,15.56827,16.174826,15.237421,15.3018,82972318.0,GWIND
2023-03-21,15.084862,15.439605,14.86981,15.0352,53706100.0,GWIND
2023-03-22,15.670282,16.119684,15.053616,15.6142,123022375.0,GWIND
2023-03-23,15.756669,15.96345,15.430418,15.8991,81570989.0,GWIND
2023-03-24,16.102222,16.450531,15.798025,16.3311,88414194.0,GWIND
2023-03-27,16.859497,17.341986,16.00021,17.3144,141523743.0,GWIND
2023-03-28,17.138884,17.626884,16.450531,16.4873,127987682.0,GWIND
2023-03-29,15.866951,16.533245,15.4855585,15.8991,61034005.0,GWIND
2023-03-30,15.829272,16.110495,15.577461,15.605,35960385.0,GWIND
2023-03-31,15.334837,15.614221,15.127137,15.2466,44128846.0,GWIND
2023-04-03,14.989284,15.402845,14.704387,14.8147,40330087.0,GWIND
2023-04-04,14.962632,15.237421,14.566533,15.0628,51654408.0,GWIND
2023-04-05,15.150114,15.448795,15.007665,15.1455,60810237.0,GWIND
2023-04-06,15.02145,15.173089,14.888192,14.8882,36708503.0,GWIND
2023-04-07,14.800883,15.108758,14.612483,14.7503,51295693.0,GWIND
2023-04-10,14.979175,15.108758,14.823859,15.072,53036770.0,GWIND
2023-04-11,15.679471,16.275917,15.026046,16.0737,135949339.0,GWIND
2023-04-12,16.262133,16.77219,15.8347845,15.9451,108019229.0,GWIND
2023-04-13,15.723584,16.119684,15.347705,15.5315,52245123.0,GWIND
2023-04-14,15.545295,15.761266,15.393657,15.5315,25204241.0,GWIND
2023-04-17,15.439605,15.752074,15.071997,15.1915,38059487.0,GWIND
2023-04-18,15.320132,15.660172,14.980094,15.2926,42746880.0,GWIND
2023-04-19,15.344948,15.577461,15.163899,15.458,17230797.0,GWIND
2023-04-20,15.317376,15.4855585,15.237421,15.3661,9028727.0,GWIND
2023-04-24,15.643628,15.779646,15.421226,15.5499,30627500.0,GWIND
2023-04-25,15.316457,15.669362,14.980094,14.9801,35615703.0,GWIND
2023-04-26,14.61708,15.026046,14.355158,14.6584,30029423.0,GWIND
2023-04-27,14.576643,14.768718,14.336778,14.686,28797968.0,GWIND
2023-04-28,14.475551,14.768718,14.08864,14.3919,22563953.0,GWIND
2023-05-02,13.909431,14.428679,13.619938,13.7578,27465017.0,GWIND
2023-05-03,13.076795,13.785362,12.682533,13.3534,30958666.0,GWIND
2023-05-04,13.798228,14.097832,13.371802,13.5464,38404892.0,GWIND
2023-05-05,13.49806,14.23605,13.045744,13.5219,40609785.0,GWIND
2023-05-08,13.557099,13.864675,13.083835,13.7599,31253404.0,GWIND
2023-05-09,13.59138,13.893242,13.359984,13.4362,35222152.0,GWIND
2023-05-10,13.296185,13.712315,13.0362215,13.3886,37013224.0,GWIND
2023-05-11,13.811348,14.321751,13.331418,13.9789,54184136.0,GWIND
2023-05-12,13.60376,14.169393,13.388553,13.56,35538613.0,GWIND
2023-05-15,13.254285,13.502822,12.360127,13.141,25756656.0,GWIND
2023-05-16,13.377125,13.645658,13.140969,13.5219,43618256.0,GWIND
2023-05-17,14.086548,14.426498,13.531389,14.2837,75811827.0,GWIND
2023-05-18,14.531245,15.035934,14.074167,14.2932,74194940.0,GWIND
2023-05-22,14.731216,15.01689,14.331274,14.7217,72662988.0,GWIND
2023-05-23,15.515866,16.188152,14.340796,15.8549,137378737.0,GWIND
2023-05-24,15.724408,16.416689,15.150203,15.3311,90807326.0,GWIND
2023-05-25,15.403501,15.664417,15.09307,15.1692,46705261.0,GWIND
2023-05-26,15.2549515,15.521577,15.007367,15.1788,51315133.0,GWIND
2023-05-29,15.67489,15.902477,15.245429,15.8168,68668327.0,GWIND
2023-05-30,15.985323,16.216717,15.664417,16.0072,57205160.0,GWIND
2023-05-31,16.816631,17.283232,16.026268,16.6547,149726792.0,GWIND
2023-06-01,16.619516,16.949945,16.38812,16.7404,79671348.0,GWIND
2023-06-02,17.008982,17.321321,16.702362,17.0642,79381803.0,GWIND
2023-06-05,17.334654,17.67365,16.949945,17.626,116339050.0,GWIND
2023-06-06,17.120398,17.768875,16.8452,17.1499,78346053.0,GWIND
2023-06-07,17.32513,17.502247,17.188007,17.3118,67942767.0,GWIND
2023-06-08,17.04136,17.330843,16.673794,17.1213,48448728.0,GWIND
2023-06-09,17.012793,17.283232,16.8452,17.0452,45596955.0,GWIND
2023-06-12,17.297516,17.549858,17.064215,17.169,92809678.0,GWIND
2023-06-13,16.698553,17.226095,16.3786,16.5881,52912450.0,GWIND
2023-06-14,16.327177,16.711882,16.150059,16.2262,39884663.0,GWIND
2023-06-15,16.1453,16.3786,15.978657,16.2929,52767939.0,GWIND
2023-06-16,16.257664,16.54048,15.950089,15.9501,41410086.0,GWIND
2023-06-19,15.870101,16.140537,15.416834,15.4168,46145912.0,GWIND
2023-06-20,15.495869,15.788207,15.226382,15.4835,38522474.0,GWIND
2023-06-21,15.314942,15.712028,15.102591,15.1883,45009804.0,GWIND
2023-06-22,15.388265,15.616803,15.09307,15.474,42395071.0,GWIND
2023-06-23,15.978657,16.207193,15.569193,16.2072,56159493.0,GWIND
2023-06-26,16.48811,16.62618,16.22624,16.5881,62382928.0,GWIND
2023-06-27,16.870909,17.321321,16.340508,17.1404,48829001.0,GWIND
2023-07-03,17.776493,18.14025,17.378454,18.1402,142028776.0,GWIND
2023-07-04,17.82601,18.283089,17.43559,17.5879,129198343.0,GWIND
2023-07-05,17.541288,17.873623,17.140394,17.7022,85707357.0,GWIND
2023-07-06,17.985989,18.168818,17.616516,17.9688,127490022.0,GWIND
2023-07-07,18.753496,19.330555,17.67365,19.2734,311755520.0,GWIND
2023-07-10,19.967607,20.39707,19.521004,19.9781,218110544.0,GWIND
2023-07-11,19.636225,20.416115,19.273422,19.502,168878876.0,GWIND
2023-07-12,19.383883,19.901901,18.883,19.4448,181720521.0,GWIND
2023-07-13,19.699072,20.24471,19.140106,19.2353,234396184.0,GWIND
2023-07-14,19.374361,19.730497,19.159153,19.6924,101765615.0,GWIND
2023-07-17,20.590374,21.02555,20.092352,20.359,253723710.0,GWIND
2023-07-18,20.409449,21.235043,19.597185,19.6543,340769013.0,GWIND
2023-07-19,20.092352,20.663698,19.121061,20.6447,225330531.0,GWIND
2023-07-20,21.227427,21.863525,20.378023,21.7112,356418753.0,GWIND
2023-07-21,22.500576,22.949085,21.901615,22.4539,414968361.0,GWIND
2023-07-24,23.887043,24.434584,22.949085,24.3774,482323368.0,GWIND
2023-07-25,22.737686,24.396494,21.939705,22.0159,339026691.0,GWIND
2023-07-26,22.00541,22.644365,21.330269,22.3206,174895070.0,GWIND
2023-07-27,21.945417,22.51105,21.57785,21.654,180227298.0,GWIND
2023-07-28,22.010117,22.51876,21.691854,22.0572,130260626.0,GWIND
2023-07-31,23.66489,24.05719,22.672604,23.788,398911246.0,GWIND
2023-08-01,23.921614,24.903324,22.787987,23.538,361558388.0,GWIND
2023-08-02,23.326435,23.69181,22.98029,22.9803,194285520.0,GWIND
2023-08-03,23.01394,23.57643,22.307226,22.6149,198249130.0,GWIND
2023-08-04,22.53222,22.903368,22.191843,22.6726,167636896.0,GWIND
2023-08-07,22.66491,23.845655,21.941847,23.038,245480572.0,GWIND
2023-08-08,22.897596,23.441816,22.53799,22.7495,169815975.0,GWIND
2023-08-09,23.28509,24.018728,22.403378,23.7495,327934898.0,GWIND
2023-08-10,23.239899,24.191801,21.653395,22.288,256508664.0,GWIND
2023-08-11,21.920694,22.499529,21.249556,22.0957,247597616.0,GWIND
2023-08-14,22.084154,22.46107,21.653395,21.9418,224232923.0,GWIND
2023-08-15,21.91781,22.211073,21.499552,22.0765,144350566.0,GWIND
2023-08-16,21.805311,22.134151,21.614933,21.7303,117667483.0,GWIND
2023-08-17,21.951464,22.268764,21.557241,22.2303,137395462.0,GWIND
2023-08-18,22.229343,23.01875,21.153404,21.6726,224343834.0,GWIND
2023-08-21,21.684162,22.230305,20.788027,21.8265,183536910.0,GWIND
2023-08-22,23.173553,23.999498,21.730316,23.9995,562484818.0,GWIND
2023-08-23,24.386992,25.191782,23.345665,23.8649,515261126.0,GWIND
2023-08-24,24.914864,26.21099,23.845655,24.0956,680959024.0,GWIND
2023-08-25,24.434105,25.480236,23.287973,24.8072,474278498.0,GWIND
2023-08-28,26.168684,26.69175,25.557158,25.8648,567461796.0,GWIND
2023-08-29,25.51485,26.345602,24.903324,25.5764,321107420.0,GWIND
2023-08-31,27.316736,28.095566,26.1533,27.884,669323610.0,GWIND
2023-09-01,29.847452,30.672434,27.941721,30.6724,858879782.0,GWIND
2023-09-04,31.836832,33.422375,29.883991,31.1917,984195598.0,GWIND
2023-09-05,30.324366,31.172422,29.710917,30.4801,514464334.0,GWIND
2023-09-06,29.957066,31.018581,29.32631,29.4802,346203262.0,GWIND
2023-09-07,29.474382,30.480131,28.78786,28.9994,311378919.0,GWIND
2023-09-08,29.996489,30.864738,28.730167,29.9417,486965349.0,GWIND
2023-09-11,32.52432,32.92239,30.787819,32.9224,1153876570.0,GWIND
2023-09-12,32.28875,34.037754,31.422419,31.634,717152617.0,GWIND
2023-09-13,32.66182,33.74929,31.422419,31.7301,667438283.0,GWIND
2023-09-14,30.75801,32.19163,29.980143,31.4417,483162160.0,GWIND
2023-09-15,31.28973,32.057022,30.51859,31.4032,377089702.0,GWIND
2023-09-18,31.476265,32.65316,29.691687,29.6917,497181547.0,GWIND
2023-09-19,31.11858,32.57624,29.422462,31.7109,504222697.0,GWIND
2023-09-20,31.64453,32.51855,30.633974,30.6532,495547270.0,GWIND
2023-09-21,30.622435,31.807028,29.710917,31.6916,425285170.0,GWIND
2023-09-22,33.30315,34.230053,31.345495,33.8454,801167886.0,GWIND
2023-09-25,36.3002,37.229992,34.326206,36.0569,1135556302.0,GWIND
2023-09-26,34.444473,35.383873,33.61468,34.1916,598399131.0,GWIND
2023-09-27,33.219494,34.345436,32.210865,32.4224,399591377.0,GWIND
2023-09-28,31.477226,32.210865,30.84551,31.3263,330218350.0,GWIND
2023-09-29,31.728184,32.499317,31.210886,31.3455,296730554.0,GWIND
2023-10-02,30.987814,31.807028,29.80707,30.8647,329010958.0,GWIND
2023-10-03,31.05512,31.883947,30.51859,31.307,335182400.0,GWIND
2023-10-04,30.917622,31.460882,30.614744,30.6147,173735634.0,GWIND
2023-10-05,30.667627,31.537802,29.614765,31.057,225357974.0,GWIND
2023-10-06,30.533978,30.980124,29.787838,30.4609,179540219.0,GWIND
2023-10-09,29.666687,30.614744,28.922472,29.134,169842744.0,GWIND
2023-10-10,30.37821,30.92243,29.249388,30.634,229796283.0,GWIND
2023-10-11,30.17533,31.095505,29.614765,29.7878,180981636.0,GWIND
2023-10-12,29.777262,30.787819,28.557096,29.7686,248813679.0,GWIND
2023-10-13,28.927279,29.768608,28.576324,28.7494,112841386.0,GWIND
2023-10-16,28.746513,29.557074,27.691729,28.3648,214742891.0,GWIND
2023-10-17,28.670555,29.230156,27.787878,29.0955,158243209.0,GWIND
2023-10-18,28.732092,29.268618,27.999414,29.134,160696039.0,GWIND
2023-10-19,28.651325,29.307077,27.82634,28.2109,141121109.0,GWIND
2023-10-20,27.2302,27.84557,26.634058,27.7879,153065463.0,GWIND
2023-10-23,27.872496,28.7494,27.19174,27.9994,184409363.0,GWIND
2023-10-24,28.304214,28.960932,27.653269,28.6725,260835913.0,GWIND
2023-10-25,27.888838,28.903242,25.807152,25.8072,169372329.0,GWIND
2023-10-26,26.170607,27.114819,24.999477,26.6341,199661155.0,GWIND
2023-10-27,26.508099,27.172508,25.76869,26.8071,119745870.0,GWIND
2023-10-30,27.092701,27.499426,26.537907,26.9033,116628649.0,GWIND
2023-10-31,26.44656,27.134047,25.807152,25.8072,85573667.0,GWIND
2023-11-01,25.340816,26.037916,24.787943,25.5956,111447623.0,GWIND
2023-11-02,25.981188,26.24945,25.691769,26.1148,85353954.0,GWIND
2023-11-03,25.068707,26.24945,24.65333,25.211,207276794.0,GWIND
2023-11-06,26.412909,27.73019,25.307163,26.461,180728317.0,GWIND
2023-11-07,27.360004,27.980185,26.384064,27.2302,298658714.0,GWIND
2023-11-08,27.309044,27.980185,26.71098,26.8648,145354523.0,GWIND
2023-11-09,26.437908,26.82636,26.057148,26.2879,91193114.0,GWIND
2023-11-10,26.290796,26.537907,25.960995,26.0379,70906687.0,GWIND
2023-11-13,25.58408,26.1533,24.845634,24.9226,90851185.0,GWIND
2023-11-14,24.977362,25.403315,24.6341,25.2302,116454409.0,GWIND
2023-11-15,25.301392,25.67254,24.826403,24.961,157282133.0,GWIND
2023-11-16,26.1033,26.980204,24.903324,26.1533,310917953.0,GWIND
2023-11-17,26.00234,26.24945,25.787922,26.1533,135542708.0,GWIND
2023-11-20,26.286951,26.653288,26.076378,26.211,168176864.0,GWIND
2023-11-21,26.4706,26.73021,26.037916,26.5187,172042913.0,GWIND
2023-11-22,27.19943,27.653269,26.653288,27.2687,316191565.0,GWIND
2023-11-23,27.080202,27.441734,26.557137,26.5764,210823873.0,GWIND
2023-11-24,26.43983,26.82636,26.1533,26.1533,128468162.0,GWIND
2023-11-27,26.7754,27.095587,26.17253,26.6533,206125080.0,GWIND
2023-11-28,27.027319,27.537886,26.24945,26.4033,156003860.0,GWIND
2023-11-29,26.707132,27.057125,25.922533,26.1148,125321943.0,GWIND
2023-11-30,25.810038,26.364834,25.249474,25.2495,100755128.0,GWIND
2023-12-01,25.176397,25.76869,24.941786,25.1533,86594575.0,GWIND
2023-12-04,25.0014,25.384085,24.711021,24.9226,84053655.0,GWIND
2023-12-05,24.928326,25.191782,24.749481,24.8072,89041069.0,GWIND
2023-12-06,24.278337,24.884094,23.5572,23.5572,88322272.0,GWIND
2023-12-07,23.646622,24.230263,23.268744,24.2303,89554200.0,GWIND
2023-12-08,24.131226,24.67256,23.69181,23.7687,78394745.0,GWIND
2023-12-11,23.245668,23.903347,22.807215,22.8072,81556476.0,GWIND
2023-12-12,22.99375,23.230282,22.787987,22.8072,93275819.0,GWIND
2023-12-13,22.255302,22.961058,21.788006,21.8457,116179567.0,GWIND
2023-12-14,22.072615,22.422607,21.614933,22.4034,67960681.0,GWIND
2023-12-15,22.776445,23.09567,22.268764,23.0764,81253583.0,GWIND
2023-12-18,22.497606,23.03798,21.864925,21.8649,66397364.0,GWIND
2023-12-19,21.595701,22.05723,21.191866,21.5765,133221471.0,GWIND
2023-12-20,21.768776,22.134151,21.42263,21.6149,76399374.0,GWIND
2023-12-21,21.859158,22.422607,21.42263,22.4226,82287428.0,GWIND
2023-12-22,21.82839,22.691833,21.114943,21.3265,96782375.0,GWIND
2023-12-25,20.702452,21.326477,20.249577,20.3842,63817429.0,GWIND
2023-12-26,20.826006,21.309155,20.414793,20.4148,90859089.0,GWIND
2023-12-27,20.662685,21.0564,20.278694,20.3176,132269969.0,GWIND
2023-12-28,21.100145,21.464697,20.414793,21.1536,115198182.0,GWIND
2023-12-29,21.135143,21.386925,20.998074,21.1342,106052242.0,GWIND
2024-01-02,21.905073,22.553486,21.289711,22.3979,163861095.0,GWIND
2024-01-03,21.862299,22.359058,21.484138,21.5619,91634101.0,GWIND
2024-01-04,21.724257,22.16463,21.464697,21.873,86238131.0,GWIND
2024-01-05,22.371696,22.709026,21.834106,22.6507,117818113.0,GWIND
2024-01-08,22.834433,23.214535,22.553486,22.7868,140834890.0,GWIND
2024-01-09,22.415443,22.922895,22.028534,22.2424,78193786.0,GWIND
2024-01-10,22.474741,22.981222,22.125748,22.709,186593389.0,GWIND
2024-01-11,23.261198,23.68116,22.709026,23.0007,176409899.0,GWIND
2024-01-12,22.835403,23.311749,22.281288,22.9618,112935360.0,GWIND
2024-01-15,23.278696,23.52562,22.981222,23.1756,108244888.0,GWIND
2024-01-16,23.105656,23.447847,22.903452,23.1756,78253136.0,GWIND
2024-01-17,23.374937,23.60339,22.961782,23.234,114277520.0,GWIND
2024-01-18,23.624775,23.875586,23.389519,23.4867,139807844.0,GWIND
2024-01-19,23.354523,23.564503,23.09788,23.4284,77690262.0,GWIND
2024-01-22,23.443958,23.642273,23.195093,23.3312,84941651.0,GWIND
2024-01-23,23.592695,24.05057,23.058994,23.1368,104209257.0,GWIND
2024-01-24,23.549921,24.031126,22.922895,23.7784,149321926.0,GWIND
2024-01-25,23.857117,24.070013,23.60339,23.9922,117169131.0,GWIND
2024-01-26,24.3286,24.653294,24.070013,24.3811,122207799.0,GWIND
2024-01-29,24.83897,25.1588,24.497751,24.7505,179345499.0,GWIND
2024-01-30,24.779669,25.1588,24.400537,25.081,133623189.0,GWIND
2024-01-31,25.462107,25.722637,25.119917,25.4504,188434557.0,GWIND
2024-02-01,26.145517,26.617,25.50877,26.2281,223112321.0,GWIND
2024-02-02,26.185375,26.597559,25.839294,26.3642,165188804.0,GWIND
2024-02-05,26.343832,26.733658,26.014278,26.2087,173238088.0,GWIND
2024-02-06,26.33897,26.519789,25.994835,26.4031,164285887.0,GWIND
2024-02-07,26.98058,27.511362,26.228148,26.792,344756182.0,GWIND
2024-02-08,27.118622,27.394709,26.830872,27.1031,168376031.0,GWIND
2024-02-09,26.962109,27.472479,26.67533,26.9281,132708351.0,GWIND
2024-02-12,27.439425,28.036316,26.947525,27.628,305074790.0,GWIND
2024-02-13,27.244026,27.939102,26.733658,26.8114,191667898.0,GWIND
2024-02-14,26.789068,27.141953,26.189262,27.1031,164216265.0,GWIND
2024-02-15,27.309158,27.511362,27.103067,27.3753,176556337.0,GWIND
2024-02-16,27.28583,27.511362,26.947525,27.4919,191549098.0,GWIND
2024-02-19,27.278051,27.70579,26.733658,26.9086,202336021.0,GWIND
2024-02-20,26.847397,27.064182,26.519789,26.8892,141810190.0,GWIND
2024-02-21,26.478958,27.005856,26.189262,26.4031,140570853.0,GWIND
2024-02-22,26.682135,27.083626,26.383688,26.8698,128177729.0,GWIND
2024-02-23,27.521084,27.997429,26.714214,27.9974,332871966.0,GWIND
2024-02-26,29.001644,29.650057,28.191856,28.1919,546630030.0,GWIND
2024-02-27,28.035343,29.125103,27.25861,27.4142,241670849.0,GWIND
2024-02-28,27.257637,27.900217,26.889198,26.8892,191829416.0,GWIND
2024-02-29,26.9485,27.219723,26.597559,27.0836,140674566.0,GWIND
2024-03-01,27.135147,27.569693,26.947525,27.0447,130840032.0,GWIND
2024-03-04,26.657831,27.239166,26.092049,26.2476,127212179.0,GWIND
2024-03-05,26.192179,26.578115,25.683754,25.8004,129904269.0,GWIND
2024-03-06,25.316286,25.80041,24.886604,24.8866,111204438.0,GWIND
2024-03-07,25.358088,25.644867,24.886604,25.606,100059860.0,GWIND
2024-03-08,25.726528,26.228148,25.372671,25.956,101435369.0,GWIND
2024-03-11,26.0833,26.461458,25.683754,25.8393,120898771.0,GWIND
2024-03-12,25.410583,25.858738,25.022703,25.3338,91642431.0,GWIND
2024-03-13,25.001316,25.528212,24.78939,24.8283,76167868.0,GWIND
2024-03-14,25.192827,25.625425,24.71162,25.2755,101850160.0,GWIND
2024-03-15,25.182133,25.528212,24.828278,25.4699,90510667.0,GWIND
2024-03-18,24.804945,25.567097,24.517193,24.595,75397290.0,GWIND
2024-03-19,24.608574,24.964375,24.303324,24.4005,94275841.0,GWIND
2024-03-20,24.489973,24.731064,24.303324,24.3422,80170091.0,GWIND
2024-03-21,24.311102,24.63385,23.856144,23.8561,115705298.0,GWIND
2024-03-22,22.868456,23.17565,22.359058,22.6896,223115595.0,GWIND
2024-03-25,24.29166,24.944933,22.650698,23.9339,297122872.0,GWIND
2024-03-26,24.244997,25.119917,23.447847,24.3033,205435442.0,GWIND
2024-03-27,24.053486,24.47831,23.52562,24.3617,107313518.0,GWIND
2024-03-28,24.229443,24.536636,24.05057,24.2061,63397554.0,GWIND
2024-03-29,23.974745,24.575521,23.000666,24.0895,84024828.0,GWIND
2024-04-01,24.172087,24.944933,23.467289,23.6423,123106709.0,GWIND
2024-04-02,23.551865,23.9728,23.136765,23.8173,77989583.0,GWIND
2024-04-03,23.277723,23.739487,23.117323,23.234,42901354.0,GWIND
2024-04-04,23.254393,23.583946,23.078436,23.0979,49042773.0,GWIND
2024-04-05,23.691853,23.992243,23.136765,23.895,66971590.0,GWIND
2024-04-08,24.466642,24.71162,23.992243,24.595,106772614.0,GWIND
2024-04-09,24.565802,24.84772,24.20611,24.7505,38200423.0,GWIND
2024-04-15,24.911879,25.411556,24.05057,25.3143,154287208.0,GWIND
2024-04-16,24.975069,25.2949,24.614407,24.8477,84933597.0,GWIND
2024-04-17,25.029507,25.605984,24.400537,24.8088,122708276.0,GWIND
2024-04-18,25.292955,25.761524,24.78939,25.6643,110062411.0,GWIND
2024-04-19,26.264116,26.772543,25.042147,26.7725,278874990.0,GWIND
2024-04-22,26.808512,27.316936,26.305918,26.3059,232224662.0,GWIND
2024-04-24,26.016222,26.714214,25.528212,25.7615,117347646.0,GWIND
2024-04-25,27.333464,27.919659,26.636444,27.1225,414632293.0,GWIND
2024-04-26,27.161396,27.764118,26.636444,27.4142,149910845.0,GWIND
2024-04-29,28.63029,29.416744,27.78356,28.4835,283000934.0,GWIND
2024-04-30,27.779673,28.561266,27.297495,27.5502,139057590.0,GWIND
2024-05-02,28.361979,28.716808,27.55025,28.4835,208128480.0,GWIND
2024-05-03,28.387255,28.697367,28.016872,28.639,160350591.0,GWIND
2024-05-06,28.247267,28.677923,27.997429,28.6585,115819809.0,GWIND
2024-05-07,28.257963,28.697367,27.70579,28.2891,112707400.0,GWIND
2024-05-08,28.295876,28.65848,27.861332,28.2891,111160032.0,GWIND
2024-05-09,27.863276,28.250183,27.49192,27.9585,97633466.0,GWIND
2024-05-10,28.23463,28.58071,27.608576,28.2113,144343263.0,GWIND
2024-05-13,27.748564,28.483496,27.394709,27.4725,110638655.0,GWIND
2024-05-14,27.428732,27.939102,26.947525,27.5891,74127541.0,GWIND
2024-05-15,27.854527,28.269627,27.530806,27.7836,128501648.0,GWIND
2024-05-16,28.236574,28.891792,27.453035,28.8918,237337211.0,GWIND
2024-05-17,28.15686,29.066776,27.608576,28.1724,354109350.0,GWIND
2024-05-20,28.02951,28.308514,27.744677,27.9974,185134551.0,GWIND
2024-05-21,28.660425,29.31953,27.861332,28.3668,375423519.0,GWIND
2024-05-22,28.336704,29.066776,27.70579,29.0668,278759386.0,GWIND
2024-05-23,29.252453,29.708384,28.58071,29.3584,335060087.0,GWIND
2024-05-24,29.371054,29.844482,28.911234,29.2223,212267765.0,GWIND
2024-05-27,29.593672,30.11668,29.144547,29.4556,215929642.0,GWIND
2024-05-28,29.719076,30.175009,29.16399,30.175,257302432.0,GWIND
2024-05-29,29.83865,30.641632,28.911234,29.514,252340942.0,GWIND
2024-05-30,28.601124,29.513958,26.69477,27.803,135750889.0,GWIND
2024-05-31,27.708706,28.114086,27.33638,27.9002,141910047.0,GWIND
2024-06-03,28.20741,28.930677,27.316936,28.8724,154896251.0,GWIND
2024-06-04,28.531132,28.95012,28.2113,28.5807,94007268.0,GWIND
2024-06-05,28.396976,29.45563,27.822447,28.8724,243582998.0,GWIND
2024-06-06,28.93165,29.47507,28.0752,28.328,148328875.0,GWIND
2024-06-07,28.163666,28.44461,27.861332,28.0946,81459611.0,GWIND
2024-06-10,28.103394,28.425169,27.744677,27.9585,73683438.0,GWIND
2024-06-11,27.97993,28.269627,27.472479,27.4725,86628342.0,GWIND
2024-06-12,27.4229,27.666904,27.122509,27.2781,66048129.0,GWIND
2024-06-13,27.79231,28.2113,27.41415,27.978,63762946.0,GWIND
2024-06-14,28.158804,28.87235,27.608576,28.6002,121854787.0,GWIND
2024-06-20,28.849018,29.222317,28.600153,28.9501,78528967.0,GWIND
2024-06-21,29.184404,29.436188,28.73625,29.4167,107889848.0,GWIND
2024-06-24,28.511688,29.669498,27.958546,28.0169,229664057.0,GWIND
2024-06-25,28.191856,28.775137,27.764118,28.3863,157402168.0,GWIND
2024-06-26,28.431002,28.716808,28.055758,28.3863,79551712.0,GWIND
2024-06-27,28.647787,29.105661,28.308514,29.0473,58087520.0,GWIND
2024-06-28,30.2032,30.894386,29.047333,30.525,320316833.0,GWIND
2024-07-01,30.60955,31.302683,29.650057,29.8834,334989321.0,GWIND
2024-07-02,30.552195,31.166584,29.494514,30.9916,153508350.0,GWIND
2024-07-03,31.094646,31.49711,30.699959,31.3027,173494943.0,GWIND
2024-07-04,31.253101,32.09983,30.544418,31.4388,163628702.0,GWIND
2024-07-05,31.73042,32.23593,31.011042,31.3027,120415526.0,GWIND
2024-07-08,31.056732,31.710978,30.719402,31.0305,128835001.0,GWIND
2024-07-09,31.777082,32.1776,31.108255,31.7499,182480582.0,GWIND
2024-07-10,31.830551,32.197044,31.43878,31.6915,106830838.0,GWIND
2024-07-11,31.984148,32.23593,31.749863,31.8471,85492913.0,GWIND
2024-07-12,31.280321,32.002617,30.913828,31.1083,94257217.0,GWIND
2024-07-16,31.683758,32.624783,30.680517,32.2748,217691194.0,GWIND
2024-07-17,32.28162,33.013634,31.555435,32.5665,152887925.0,GWIND
2024-07-18,32.968918,33.305275,32.48868,32.897,153243241.0,GWIND
2024-07-19,32.607285,33.05252,32.216488,32.2554,101634426.0,GWIND
2024-07-22,32.424522,32.83865,32.060944,32.7998,114979977.0,GWIND
2024-07-23,32.568398,33.441376,31.28324,31.4582,151204884.0,GWIND
2024-07-24,31.63029,32.274815,31.030485,31.2832,122543862.0,GWIND
2024-07-25,31.470861,31.885962,31.166584,31.3999,76206221.0,GWIND
2024-07-26,32.52757,32.97475,31.399895,32.6442,213001091.0,GWIND
2024-07-29,32.40411,33.285835,31.51655,32.547,155532154.0,GWIND
2024-07-30,32.863926,33.24695,32.33314,33.1303,138233100.0,GWIND
2024-07-31,32.04053,33.11085,30.77773,32.0221,223311091.0,GWIND
2024-08-01,32.37203,32.702553,32.080387,32.2165,83976269.0,GWIND
2024-08-02,31.384342,31.963734,30.816616,31.0694,77787474.0,GWIND
2024-08-05,29.188292,30.000025,27.977987,29.0668,116696243.0,GWIND
2024-08-06,29.732687,30.447205,29.202875,29.2029,66242190.0,GWIND
2024-08-07,29.691856,30.427761,28.852907,30.0195,107963167.0,GWIND
2024-08-08,30.082655,30.622189,29.513958,30.525,90178602.0,GWIND
2024-08-09,30.171118,31.049929,29.552843,29.5528,65799977.0,GWIND
2024-08-12,30.177923,30.563862,29.552843,30.1556,101809034.0,GWIND
2024-08-13,29.805597,30.33055,29.300087,30.0389,93529246.0,GWIND
2024-08-14,29.60631,30.233335,29.105661,29.3584,105081263.0,GWIND
2024-08-15,30.201254,31.069368,29.066776,30.7972,138786958.0,GWIND
2024-08-16,31.025625,31.399895,30.699959,31.1666,91576020.0,GWIND
2024-08-19,30.63094,31.672094,30.077795,30.7388,130309090.0,GWIND
2024-08-20,30.362629,30.836058,30.077795,30.175,64972584.0,GWIND
2024-08-21,30.054464,30.427761,29.591728,30.2528,105651908.0,GWIND
2024-08-22,30.34902,30.680517,30.097237,30.1361,60227439.0,GWIND
2024-08-23,29.621864,30.27222,28.969563,28.9696,61313592.0,GWIND
2024-08-26,28.997755,29.82504,28.230743,28.2307,81520312.0,GWIND
2024-08-27,28.444,28.82,28.0,28.28,58351460.0,GWIND
2024-08-28,29.397,30.2,28.38,28.82,105860881.0,GWIND
2024-08-29,29.136,29.74,28.64,29.74,61819928.0,GWIND
2024-09-02,30.096,30.9,29.36,30.3,101632359.0,GWIND
2024-09-03,30.397,30.82,29.98,30.52,78335558.0,GWIND
2024-09-04,30.354,30.88,29.88,30.36,76276692.0,GWIND
2024-09-05,30.275,30.6,29.9,30.3,77677812.0,GWIND
2024-09-06,30.391,30.74,30.06,30.16,123666982.0,GWIND
2024-09-09,29.698,30.4,29.24,29.38,52654434.0,GWIND
2024-09-10,28.958,29.54,28.5,28.5,58630575.0,GWIND
2024-09-11,27.288,28.84,26.5,26.5,90371596.0,GWIND
2024-09-12,26.222,27.16,25.38,26.14,72364758.0,GWIND
2024-09-13,26.286,26.54,25.98,26.42,58654372.0,GWIND
2024-09-16,26.599,26.76,26.3,26.38,47314598.0,GWIND
2024-09-17,26.975,27.48,26.22,26.88,82702522.0,GWIND
2024-09-18,27.086,27.42,26.8,26.86,48659116.0,GWIND
2024-09-19,26.961,27.26,26.7,27.0,90943099.0,GWIND
2024-09-20,27.291,27.64,26.86,27.38,94060321.0,GWIND
2024-09-23,27.237,27.72,26.9,26.94,67314604.0,GWIND
2024-09-24,26.799,27.24,26.46,26.48,52597947.0,GWIND
2024-09-25,26.259,26.88,25.74,26.3,55982913.0,GWIND
2024-09-26,26.172,26.48,25.86,25.86,51170145.0,GWIND
2024-09-27,25.755,26.12,25.54,25.54,27385607.0,GWIND
2024-09-30,25.193,25.8,24.74,24.82,40831098.0,GWIND
2024-10-01,24.294,24.88,23.58,24.14,39814734.0,GWIND
2024-10-02,23.81,24.22,23.18,23.18,43287348.0,GWIND
2024-10-03,23.138,23.52,22.48,22.6,66120192.0,GWIND
2024-10-04,23.146,23.86,22.48,23.64,85830115.0,GWIND
2024-10-07,24.009,24.2,23.7,24.06,32341049.0,GWIND
2024-10-08,23.507,24.28,23.12,23.24,52717078.0,GWIND
2024-10-09,23.34,23.6,23.04,23.6,27123805.0,GWIND
2024-10-10,23.926,24.24,23.54,23.6,32479846.0,GWIND
2024-10-11,23.766,24.02,23.36,23.78,44166857.0,GWIND
2024-10-14,23.565,24.02,23.14,23.44,41539536.0,GWIND
2024-10-15,23.484,23.74,23.0,23.54,45676051.0,GWIND
2024-10-16,24.386,25.0,23.48,25.0,160046062.0,GWIND
2024-10-17,24.645,24.98,24.46,24.98,45340845.0,GWIND
2024-10-18,24.282,25.2,23.5,23.5,40733137.0,GWIND
2024-10-21,23.388,23.84,22.92,22.92,38684784.0,GWIND
2024-10-22,23.635,24.26,22.9,23.96,86571934.0,GWIND
2024-10-23,24.005,24.6,23.3,23.54,56599436.0,GWIND
2024-10-24,24.071,24.32,23.78,24.18,44043449.0,GWIND
2024-10-25,24.251,24.46,24.1,24.24,28282350.0,GWIND
2024-10-28,24.415,24.58,24.22,24.4,16004911.0,GWIND
2024-10-30,24.54,24.98,24.28,24.68,46019255.0,GWIND
2024-10-31,24.968,25.36,24.66,24.84,50162715.0,GWIND
2024-11-01,25.162,25.64,24.36,25.1,54917634.0,GWIND
2024-11-04,24.313,25.5,23.96,24.12,28706538.0,GWIND
2024-11-05,24.064,24.66,23.72,24.14,25221555.0,GWIND
2024-11-06,23.775,24.38,23.3,23.54,137881152.0,GWIND
2024-11-07,23.539,23.84,23.26,23.4,59301468.0,GWIND
2024-11-08,23.59,24.04,23.32,24.0,111699406.0,GWIND
2024-11-11,24.374,24.62,24.2,24.3,82294992.0,GWIND
2024-11-12,24.393,24.6,24.02,24.36,60577734.0,GWIND
2024-11-13,24.067,24.44,23.88,24.0,51854805.0,GWIND
2024-11-14,24.38,24.56,24.0,24.4,49479669.0,GWIND
2024-11-15,25.084,25.4,24.58,24.86,76986849.0,GWIND
2024-11-18,24.869,25.22,24.46,24.58,101715135.0,GWIND
2024-11-19,24.39,24.92,23.92,24.6,87443325.0,GWIND
2024-11-20,24.445,24.8,23.84,23.84,42230258.0,GWIND
2024-11-21,24.141,24.4,23.82,24.18,35032788.0,GWIND
2024-11-22,24.503,24.72,24.1,24.7,51153604.0,GWIND
2024-11-25,25.007,25.5,24.74,25.0,49439878.0,GWIND
2024-11-26,25.161,25.54,24.9,25.0,66317778.0,GWIND
2024-11-27,24.957,25.36,24.7,24.7,45471407.0,GWIND
2024-11-28,25.901,26.8,24.74,25.52,189460528.0,GWIND
2024-11-29,25.247,25.74,24.72,25.18,139504092.0,GWIND
2024-12-02,26.037,26.9,25.12,26.12,219346403.0,GWIND
2024-12-03,27.044,27.6,26.1,26.92,176874597.0,GWIND
2024-12-04,26.736,27.26,26.42,27.16,77493165.0,GWIND
2024-12-05,27.363,27.68,26.96,27.32,85683659.0,GWIND
2024-12-06,27.406,27.66,27.2,27.4,69475453.0,GWIND
2024-12-09,27.893,28.28,27.46,28.14,100715339.0,GWIND
2024-12-10,28.074,28.6,27.54,28.2,148622088.0,GWIND
2024-12-11,28.803,29.3,28.04,28.6,171250164.0,GWIND
2024-12-12,29.631,30.14,28.6,29.68,214886340.0,GWIND
2024-12-13,29.794,30.36,28.86,30.28,149372690.0,GWIND
2024-12-16,30.379,30.74,30.02,30.34,102643388.0,GWIND
2024-12-17,31.332,32.14,30.1,31.48,248264304.0,GWIND
2024-12-18,31.679,32.2,31.14,31.48,179474019.0,GWIND
2024-12-19,31.492,32.4,30.1,30.72,128617639.0,GWIND
2024-12-20,30.037,30.98,29.58,29.7,87912304.0,GWIND
2024-12-23,29.983,30.62,29.44,30.1,144690045.0,GWIND
2024-12-24,29.812,30.26,29.34,29.8,54543662.0,GWIND
2024-12-25,30.088,30.54,29.62,29.9,64986476.0,GWIND
2024-12-26,30.129,30.5,29.76,30.4,73205417.0,GWIND
2024-12-27,31.031,31.5,30.42,31.1,114566968.0,GWIND
2024-12-30,31.9,33.34,30.6,33.34,195600912.0,GWIND
2024-12-31,33.07,34.34,30.98,33.82,475968716.0,GWIND
2025-01-02,32.516,33.82,31.4,32.12,144790988.0,GWIND
2025-01-03,31.782,32.62,31.26,31.28,77561546.0,GWIND
2025-01-06,31.305,31.88,30.76,31.32,80457911.0,GWIND
2025-01-07,31.122,32.28,30.62,30.9,76397186.0,GWIND
2025-01-08,30.615,31.06,30.1,30.1,58333908.0,GWIND
2025-01-09,30.321,30.7,29.98,30.4,71653111.0,GWIND
2025-01-10,30.607,31.24,30.18,30.84,68471876.0,GWIND
2025-01-13,30.557,31.44,29.98,30.04,110533100.0,GWIND
2025-01-14,30.263,30.58,29.98,29.98,32402181.0,GWIND
2025-01-15,30.115,30.76,29.66,30.0,54327600.0,GWIND
2025-01-16,30.106,30.34,29.9,30.22,41774724.0,GWIND
2025-01-17,30.402,30.6,30.1,30.6,45704635.0,GWIND
2025-01-20,30.777,31.04,30.34,30.52,52853669.0,GWIND
2025-01-21,30.605,30.94,30.2,30.9,53317309.0,GWIND
2025-01-22,31.087,31.94,30.78,31.4,51158108.0,GWIND
2025-01-23,32.408,33.22,31.14,32.58,130071747.0,GWIND
2025-01-24,31.817,32.72,30.94,31.3,96267821.0,GWIND
2025-01-27,30.573,31.3,30.06,30.12,62397256.0,GWIND
2025-01-28,30.531,31.22,29.94,30.6,148283180.0,GWIND
2025-01-29,29.961,31.18,29.34,30.32,106364849.0,GWIND
2025-01-30,29.645,30.26,29.08,29.16,96555870.0,GWIND
2025-01-31,28.568,29.4,28.1,28.44,84650229.0,GWIND
2025-02-03,28.139,28.98,27.48,28.3,121534679.0,GWIND
2025-02-04,28.033,29.18,27.64,28.2,131934955.0,GWIND
2025-02-05,27.802,28.5,27.5,27.62,72397975.0,GWIND
2025-02-06,27.925,28.16,27.66,28.16,30563112.0,GWIND
2025-02-07,28.247,28.48,27.98,28.36,28382461.0,GWIND
2025-02-10,28.39,28.68,28.16,28.3,34726661.0,GWIND
2025-02-11,28.147,28.4,27.94,28.14,25180677.0,GWIND
2025-02-12,27.769,28.24,27.58,27.62,23753997.0,GWIND
2025-02-13,28.077,28.64,27.58,28.64,47628937.0,GWIND
2025-02-14,28.491,29.0,27.98,29.0,60937978.0,GWIND
2025-02-17,28.615,29.12,28.26,28.56,60123160.0,GWIND
2025-02-18,28.449,29.28,28.06,28.8,60005274.0,GWIND
2025-02-19,28.781,29.3,28.2,28.56,63456189.0,GWIND
2025-02-20,28.5,28.82,28.3,28.42,46915577.0,GWIND
2025-02-21,27.704,28.48,27.1,27.34,53772695.0,GWIND
2025-02-24,27.264,27.64,26.68,26.68,50426980.0,GWIND
2025-02-25,26.408,26.9,26.08,26.16,52522828.0,GWIND
2025-02-26,26.222,26.52,25.78,26.26,36821610.0,GWIND
2025-02-27,26.853,27.38,25.94,27.38,41149666.0,GWIND
2025-02-28,27.289,27.62,26.92,27.32,18302085.0,GWIND
2025-03-03,27.436,27.8,27.2,27.6,35813270.0,GWIND
2025-03-04,27.545,27.72,27.34,27.66,16797184.0,GWIND
2025-03-05,28.024,28.46,27.78,27.98,45717556.0,GWIND
2025-03-06,28.627,29.04,27.98,29.0,47879720.0,GWIND
2025-03-07,28.821,29.16,28.56,28.8,39874782.0,GWIND
2025-03-10,28.537,29.0,28.02,28.2,45894515.0,GWIND
2025-03-11,28.28,28.6,27.92,27.92,41755951.0,GWIND
2025-03-12,28.166,28.56,27.76,28.36,81748541.0,GWIND
2025-03-13,28.534,28.8,28.3,28.42,77302386.0,GWIND
2025-03-14,28.617,28.82,28.5,28.54,73787841.0,GWIND
2025-03-17,29.116,29.86,28.54,29.1,158951644.0,GWIND
2025-03-18,28.973,29.38,28.54,28.76,72571631.0,GWIND
2025-03-19,26.456,27.4,25.9,25.9,91873660.0,GWIND
2025-03-20,26.064,27.12,25.14,25.5,99809496.0,GWIND
2025-03-21,23.835,25.54,23.1,24.2,69351344.0,GWIND
2025-03-24,23.738,24.9,22.98,23.86,84710674.0,GWIND
2025-03-25,24.602,25.12,23.96,25.02,62130807.0,GWIND
2025-03-26,25.129,25.56,24.24,25.0,61006194.0,GWIND
2025-03-27,25.127,25.52,24.68,24.86,27042220.0,GWIND
2025-03-28,24.892,25.44,24.54,25.44,24539672.0,GWIND
2025-04-02,25.482,25.68,25.16,25.28,31851795.0,GWIND
2025-04-03,25.64,26.24,25.16,25.16,47914315.0,GWIND
2025-04-04,25.063,25.34,24.78,24.8,21358483.0,GWIND
2025-04-07,25.37,26.6,23.4,25.52,127300583.0,GWIND
2025-04-08,25.751,26.02,25.5,25.58,48444462.0,GWIND
2025-04-09,26.488,27.28,25.88,25.9,150747000.0,GWIND
2025-04-10,26.469,27.04,26.0,26.32,73742761.0,GWIND
2025-04-11,26.511,26.92,26.06,26.58,56972326.0,GWIND
2025-04-14,27.058,27.56,26.68,27.32,49085781.0,GWIND
2025-04-15,27.422,27.88,27.12,27.22,61767542.0,GWIND
2025-04-16,26.86,27.28,26.42,26.92,40406092.0,GWIND
2025-04-17,27.003,27.44,26.54,26.9,37950968.0,GWIND
2025-04-18,26.926,27.3,26.6,26.72,26962974.0,GWIND
2025-04-21,27.002,27.74,25.4,26.96,60352136.0,GWIND
2025-04-22,26.855,27.3,26.44,26.56,67216491.0,GWIND
2025-04-24,26.331,27.06,26.06,26.06,59944206.0,GWIND
2025-04-25,26.294,26.88,25.78,25.88,50523119.0,GWIND
2025-04-28,25.251,26.04,24.72,24.98,106203409.0,GWIND
2025-04-29,24.343,25.12,23.88,24.42,82524474.0,GWIND
2025-04-30,23.695,24.42,23.4,23.52,44580639.0,GWIND
2025-05-02,23.92,24.46,23.34,23.82,53093674.0,GWIND
2025-05-05,23.631,24.06,23.42,23.42,53672931.0,GWIND
2025-05-06,23.382,24.1,22.78,23.78,93434930.0,GWIND
2025-05-07,23.849,24.38,23.4,23.62,57729224.0,GWIND
2025-05-08,23.847,24.52,23.62,23.84,49336160.0,GWIND
2025-05-09,23.991,24.22,23.66,24.08,50850423.0,GWIND
2025-05-12,24.213,24.62,23.26,24.32,95330274.0,GWIND
2025-05-13,24.305,24.52,23.98,24.36,56957103.0,GWIND
2025-05-14,24.526,25.0,24.3,24.7,67803032.0,GWIND
2025-05-15,24.278,25.02,23.94,23.94,81698745.0,GWIND
2025-05-16,24.091,24.24,23.96,24.04,52387683.0,GWIND
2025-05-20,23.617,24.24,23.08,23.44,110312389.0,GWIND
2025-05-21,22.721,23.68,21.98,22.8,237303686.0,GWIND
2025-05-22,22.688,23.08,22.4,22.8,67642993.0,GWIND
2025-05-23,22.772,23.08,22.4,22.46,58510954.0,GWIND
2025-05-26,22.68,22.9,22.48,22.64,46744154.0,GWIND
2025-05-27,22.696,23.08,22.32,22.68,73608047.0,GWIND
2025-05-28,22.498,22.88,22.1,22.1,39141450.0,GWIND
2025-05-29,22.321,22.5,22.16,22.46,32280462.0,GWIND
2025-05-30,22.555,23.06,22.1,22.92,92601553.0,GWIND
2025-06-02,22.782,23.28,22.3,22.32,57706055.0,GWIND
2025-06-03,22.685,22.94,22.44,22.8,64651057.0,GWIND
2025-06-04,23.08,23.26,22.8,23.24,28321962.0,GWIND
2025-06-05,23.23,23.36,23.12,23.28,11035222.0,GWIND
2025-06-10,23.297,23.52,23.14,23.22,49461447.0,GWIND
2025-06-11,23.25,23.42,23.06,23.28,46091243.0,GWIND
2025-06-12,22.91,23.24,22.02,23.14,44004565.0,GWIND
2025-06-13,22.029,22.88,21.56,22.16,67311644.0,GWIND
2025-06-16,22.304,22.72,21.9,22.48,57811776.0,GWIND
2025-06-17,22.343,22.7,22.14,22.14,35945314.0,GWIND
2025-06-18,21.857,22.12,21.7,21.7,20701869.0,GWIND
2025-06-19,21.446,21.9,20.64,21.16,36144207.0,GWIND
2025-06-20,21.441,21.68,21.26,21.56,104107929.0,GWIND
2025-06-23,21.229,21.46,21.0,21.38,19428040.0,GWIND
2025-06-24,22.126,22.5,21.94,22.28,43398077.0,GWIND
2025-06-25,22.192,22.5,21.9,21.9,34946639.0,GWIND
2025-06-26,22.119,22.4,21.88,21.96,25767403.0,GWIND
2025-06-27,21.861,22.08,21.58,21.9,21462078.0,GWIND
2025-06-30,22.368,22.62,21.9,22.62,120440266.0,GWIND
2025-07-01,23.109,23.5,22.4,23.22,92525973.0,GWIND
2025-07-02,23.794,24.18,23.34,24.08,82302949.0,GWIND
2025-07-03,24.892,25.36,24.32,24.84,106372851.0,GWIND
2025-07-04,24.577,25.26,24.36,24.44,35026465.0,GWIND
2025-07-07,24.202,24.7,23.66,24.6,107954558.0,GWIND
2025-07-08,24.223,24.98,23.4,23.8,49417874.0,GWIND
2025-07-09,24.136,24.68,23.8,24.28,42997215.0,GWIND
2025-07-10,25.208,25.76,24.32,25.02,112506177.0,GWIND
2025-07-11,24.863,25.34,24.5,24.6,58561133.0,GWIND
2025-07-14,24.563,24.82,24.2,24.4,34961899.0,GWIND
2025-07-16,24.918,25.22,24.4,25.04,96720458.0,GWIND
2025-07-17,25.384,25.72,25.08,25.34,65641098.0,GWIND
2025-07-18,25.193,25.42,24.94,25.2,39785481.0,GWIND
2025-07-21,25.534,25.88,25.2,25.78,56385019.0,GWIND
2025-07-22,25.575,25.92,25.2,25.72,64537959.0,GWIND
2025-07-23,25.634,25.88,25.42,25.42,33823210.0,GWIND
2025-07-24,25.471,25.74,25.26,25.3,68056457.0,GWIND
2025-07-25,25.12,25.44,24.88,24.98,42976831.0,GWIND
2025-07-28,25.086,25.28,24.88,25.0,30010171.0,GWIND
2025-07-29,25.011,25.44,24.78,24.92,39199882.0,GWIND
2025-07-30,25.171,25.44,24.9,25.0,55051138.0,GWIND
2025-07-31,25.624,26.1,25.04,25.98,90098646.0,GWIND
2025-08-01,26.535,27.0,25.88,26.82,91647593.0,GWIND
2025-08-04,27.266,27.6,26.88,26.98,71850574.0,GWIND
2025-08-05,27.145,27.44,26.98,27.06,64279447.0,GWIND
2025-08-06,26.907,27.22,26.64,26.86,55326665.0,GWIND
2025-08-07,26.988,27.2,26.68,26.9,38045724.0,GWIND
2025-08-08,27.824,28.58,27.14,28.34,173286021.0,GWIND
2025-08-11,27.745,28.4,27.4,27.66,109445300.0,GWIND
2025-08-12,26.819,27.7,26.36,26.56,117877300.0,GWIND
2025-08-13,26.635,27.04,26.34,26.5,59074019.0,GWIND
2025-08-14,26.714,27.16,26.34,26.78,60731150.0,GWIND
2025-08-15,26.802,27.0,26.6,26.76,48062777.0,GWIND
2025-08-18,26.681,27.1,26.34,26.56,74630733.0,GWIND
2025-08-19,27.085,27.38,26.56,27.16,69178229.0,GWIND
2025-08-20,27.295,27.58,27.08,27.26,71324858.0,GWIND
2025-08-21,27.488,27.82,27.26,27.62,63271250.0,GWIND
2025-08-22,27.815,28.16,27.34,27.86,99031240.0,GWIND
2025-08-25,28.342,28.6,27.92,28.48,101039541.0,GWIND
2025-08-26,28.057,28.5,27.32,28.1,60603177.0,GWIND
2025-08-27,27.578,28.16,27.22,27.46,60450391.0,GWIND
2025-08-28,27.062,27.76,26.68,26.8,75464398.0,GWIND
2025-08-29,26.565,26.98,26.26,26.7,53192382.0,GWIND
2025-09-01,26.579,26.86,26.36,26.5,66959391.0,GWIND
2025-09-02,25.601,26.58,24.6,25.34,113504821.0,GWIND
2025-09-03,24.837,25.44,24.36,24.6,123414140.0,GWIND
2025-09-04,24.692,24.84,24.56,24.68,66833578.0,GWIND
2025-09-05,24.312,24.88,24.02,24.08,98966575.0,GWIND
2025-09-08,23.377,23.76,22.94,22.94,115362577.0,GWIND
2025-09-09,23.188,23.66,22.9,23.18,117450098.0,GWIND
2025-09-10,23.123,23.52,22.96,22.98,57388120.0,GWIND
2025-09-11,23.018,23.36,22.52,22.52,88996072.0,GWIND
2025-09-12,22.316,22.7,22.0,22.3,87392709.0,GWIND
2025-09-15,22.948,23.7,21.64,23.7,125247974.0,GWIND
2025-09-16,23.91,24.2,23.58,24.1,83237892.0,GWIND
2025-09-17,24.283,24.76,23.94,24.36,79981800.0,GWIND
2025-09-18,24.854,25.22,24.5,24.62,151457427.0,GWIND
2025-09-19,24.426,25.06,23.76,24.66,157014107.0,GWIND
2025-09-22,25.048,25.34,24.88,25.02,86957779.0,GWIND
2025-09-23,24.67,24.92,24.44,24.54,61090900.0,GWIND
2025-09-24,25.292,26.22,24.14,26.18,234393994.0,GWIND
2025-09-25,26.244,27.26,25.0,25.7,326527893.0,GWIND
2025-09-26,25.9,26.66,25.28,25.54,178324261.0,GWIND
2025-09-29,24.384,25.04,23.76,24.28,259988519.0,GWIND
2025-09-30,24.086,24.42,23.68,24.34,322159473.0,GWIND
2025-10-01,24.343,24.68,23.98,24.52,99982879.0,GWIND
2025-10-02,23.948,24.64,23.66,23.8,118907090.0,GWIND
2025-10-03,23.661,23.94,23.52,23.56,71757705.0,GWIND
2025-10-06,23.634,23.78,23.48,23.48,55700236.0,GWIND
2025-10-07,23.651,23.88,23.28,23.84,55692794.0,GWIND
2025-10-08,24.901,25.64,23.8,24.62,215906815.0,GWIND
2025-10-09,24.803,25.2,24.42,24.48,105542752.0,GWIND
2025-10-10,25.059,25.24,25.06,25.12,123385213.0,GWIND
2025-10-13,24.805,25.38,24.1,24.1,164307374.0,GWIND
2025-10-14,23.887,24.38,23.46,23.46,63384322.0,GWIND
2025-10-15,23.738,24.0,23.32,23.78,134474599.0,GWIND
2025-10-16,23.984,24.36,23.6,23.62,53832463.0,GWIND
2025-10-17,23.866,24.4,23.26,24.12,92806785.0,GWIND
2025-10-20,23.965,24.48,23.74,23.96,96113703.0,GWIND
2025-10-21,24.24,24.64,23.82,24.3,134787109.0,GWIND
2025-10-22,24.535,25.04,24.18,24.38,112278219.0,GWIND
2025-10-23,24.461,24.7,24.2,24.24,93785431.0,GWIND
2025-10-24,25.0,25.44,24.3,25.36,139609938.0,GWIND
2025-10-27,25.099,25.54,24.8,24.84,87231271.0,GWIND
2025-10-28,25.097,25.4,24.7,25.06,61511301.0,GWIND
2025-10-30,25.065,25.24,24.88,24.96,62957616.0,GWIND
2025-10-31,25.207,25.52,24.68,25.52,96235767.0,GWIND
2025-11-03,25.922,26.38,25.62,25.86,95315279.0,GWIND
2025-11-04,25.668,26.04,25.38,25.82,70810135.0,GWIND
2025-11-05,25.383,26.12,25.18,25.18,142946347.0,GWIND
2025-11-06,25.106,25.32,24.98,25.08,72306399.0,GWIND
2025-11-07,24.774,25.18,24.5,24.58,80111866.0,GWIND
2025-11-10,25.034,25.52,24.36,25.22,135182635.0,GWIND
2025-11-11,24.507,25.46,23.88,24.2,105740421.0,GWIND
2025-11-12,24.213,24.6,24.0,24.0,50996613.0,GWIND
2025-11-13,23.9,24.26,23.68,23.78,86178019.0,GWIND
2025-11-14,23.572,23.82,23.4,23.48,35978469.0,GWIND
2025-11-17,23.84,24.1,23.62,23.8,63648652.0,GWIND
2025-11-18,23.746,24.06,23.52,23.6,57889697.0,GWIND
2025-11-19,23.689,23.92,23.48,23.54,86258945.0,GWIND
2025-11-20,23.539,23.86,23.26,23.42,64011427.0,GWIND
2025-11-21,23.135,23.56,22.88,23.06,77157976.0,GWIND
2025-11-24,22.903,23.14,22.74,22.82,69894559.0,GWIND
2025-11-25,22.865,23.2,22.66,22.78,85373073.0,GWIND
2025-11-26,22.437,22.74,22.22,22.28,85167714.0,GWIND
2025-11-27,22.899,23.44,22.32,22.88,105263696.0,GWIND
2025-11-28,22.93,23.24,22.72,22.92,68082169.0,GWIND
2025-12-01,22.937,23.08,22.66,23.02,90899597.0,GWIND
2025-12-02,23.264,23.48,23.02,23.24,79882904.0,GWIND
2025-12-03,23.456,23.8,23.22,23.34,94489521.0,GWIND
2025-12-04,23.19,23.38,23.06,23.2,62859287.0,GWIND
2025-12-05,23.333,23.64,23.06,23.36,80037685.0,GWIND
=======
2021-04-22,4.63308,4.77124,4.0761495,4.7712,610329004.0,GWIND
2021-04-26,5.053567,5.243215,4.7197523,4.8227,1025725877.0,GWIND
2021-04-27,4.613343,4.8055654,4.4279847,4.5052,826476948.0,GWIND
2021-04-28,4.24606,4.4880548,4.058986,4.1362,504666686.0,GWIND
2021-04-29,4.100177,4.2048693,4.033242,4.0332,160355474.0,GWIND
2021-04-30,4.1971464,4.3593345,4.033242,4.1877,396059344.0,GWIND
2021-05-03,4.2692294,4.3421717,4.179125,4.2993,270163778.0,GWIND
2021-05-04,4.258074,4.3250093,4.1705446,4.1791,228409489.0,GWIND
2021-05-05,4.146516,4.222033,4.0847306,4.0933,118745925.0,GWIND
2021-05-06,4.0787234,4.127638,4.033242,4.0418,88016267.0,GWIND
2021-05-07,4.0358167,4.0847306,3.9903357,3.9903,73795194.0,GWIND
2021-05-10,4.033242,4.222033,3.8787775,4.0247,385873272.0,GWIND
2021-05-11,3.9766052,4.0418234,3.9045215,3.9045,112899677.0,GWIND
2021-05-12,3.8744872,3.9216847,3.844452,3.8445,37129556.0,GWIND
2021-05-17,3.8298635,3.8959405,3.792964,3.793,144003103.0,GWIND
2021-05-18,3.8187075,3.8616152,3.801545,3.8015,116756904.0,GWIND
2021-05-20,3.7963965,3.8272898,3.7758012,3.7758,99986020.0,GWIND
2021-05-21,3.8298635,3.9045215,3.7758012,3.8101,160227798.0,GWIND
2021-05-24,3.786957,3.8272898,3.7500572,3.7586,59760270.0,GWIND
2021-05-25,3.6805482,3.7758012,3.5698483,3.5784,90467233.0,GWIND
2021-05-26,3.5320904,3.629918,3.4582908,3.5098,64713462.0,GWIND
2021-05-27,3.6959946,3.8101268,3.5011973,3.6299,319821274.0,GWIND
2021-05-28,3.5458205,3.6213367,3.4840348,3.5269,73358116.0,GWIND
2021-05-31,3.5526857,3.604174,3.5183601,3.5355,57512004.0,GWIND
2021-06-01,3.5011973,3.5612674,3.4582908,3.4583,66906717.0,GWIND
2021-06-02,3.4256818,3.4497094,3.4068022,3.4154,65121042.0,GWIND
2021-06-03,3.4119513,3.466872,3.3553143,3.3725,54666230.0,GWIND
2021-06-04,3.357889,3.3896399,3.32957,3.3382,47612799.0,GWIND
2021-06-07,3.357889,3.3896399,3.3381517,3.3467,49561315.0,GWIND
2021-06-08,3.3518817,3.3810585,3.32957,3.3296,56727119.0,GWIND
2021-06-09,3.3390098,3.3724773,3.320989,3.3382,75586371.0,GWIND
2021-06-10,3.346733,3.3724773,3.320989,3.3382,66253699.0,GWIND
2021-06-11,3.353598,3.398221,3.303826,3.321,110522639.0,GWIND
2021-06-14,3.3072588,3.32957,3.2866633,3.2952,31365257.0,GWIND
2021-06-15,3.2557704,3.3124073,3.1321986,3.2266,53705200.0,GWIND
2021-06-16,3.2952447,3.3724773,3.209431,3.2781,143088456.0,GWIND
2021-06-17,3.2858052,3.3381517,3.2609193,3.2609,42151871.0,GWIND
2021-06-18,3.250622,3.2780821,3.226594,3.2266,21003183.0,GWIND
2021-06-21,3.2120056,3.2780821,3.1922684,3.2094,42713752.0,GWIND
2021-06-22,3.2025661,3.2437565,3.183687,3.1923,43976432.0,GWIND
2021-06-23,3.182829,3.2180126,3.1579428,3.1665,41650016.0,GWIND
2021-06-24,3.1733894,3.209431,3.1493616,3.1665,43475080.0,GWIND
2021-06-25,3.1579428,3.2008498,3.123618,3.1322,73256674.0,GWIND
2021-06-28,3.0695546,3.1407802,2.986316,2.9863,46036195.0,GWIND
2021-06-29,2.8962114,2.986316,2.8661764,2.8919,55121922.0,GWIND
2021-06-30,2.8859136,2.9348276,2.8404324,2.849,41553998.0,GWIND
2021-07-01,2.8867717,2.9176645,2.8575947,2.8833,46699262.0,GWIND
2021-07-02,2.8704672,2.9519901,2.7975254,2.8576,98331743.0,GWIND
2021-07-05,2.8919206,2.926246,2.8575947,2.9177,34275532.0,GWIND
2021-07-06,3.0944407,3.209431,2.900502,3.2094,137907202.0,GWIND
2021-07-07,3.3055422,3.4411285,3.2008498,3.2008,322034720.0,GWIND
2021-07-08,3.2128634,3.2866633,3.1407802,3.1837,200033693.0,GWIND
2021-07-09,3.1347735,3.2180126,3.0807106,3.0807,45786896.0,GWIND
2021-07-12,3.0214992,3.1064546,2.9348276,2.9434,43306858.0,GWIND
2021-07-13,2.9777343,3.0378036,2.9176645,2.9262,62927492.0,GWIND
2021-07-14,2.9537063,2.9948967,2.9348276,2.9348,24287650.0,GWIND
2021-07-16,2.9734433,3.0120597,2.9176645,3.0121,38030956.0,GWIND
2021-07-19,2.978592,3.0206409,2.9434087,2.9949,13094393.0,GWIND
2021-07-26,2.9691527,3.0206409,2.9434087,2.9606,26603434.0,GWIND
2021-07-27,2.9657204,3.0034783,2.9348276,2.9606,37237382.0,GWIND
2021-07-28,3.096157,3.183687,2.9605715,3.1065,166577981.0,GWIND
2021-07-29,3.1124618,3.2008498,3.0721292,3.0893,48736357.0,GWIND
2021-07-30,3.0541084,3.0892918,3.0292225,3.0464,21238247.0,GWIND
2021-08-02,3.1201851,3.183687,3.0378036,3.1751,77073549.0,GWIND
2021-08-03,3.1871195,3.2351754,3.1493616,3.1579,37363230.0,GWIND
2021-08-04,3.2111473,3.2695005,3.1579428,3.2008,66489164.0,GWIND
2021-08-05,3.3372934,3.4754536,3.1665242,3.3296,240798315.0,GWIND
2021-08-06,3.2789402,3.3381517,3.2437565,3.2438,45551840.0,GWIND
2021-08-09,3.2755077,3.320989,3.226594,3.3124,60515567.0,GWIND
2021-08-10,3.409377,3.4840348,3.2780821,3.3553,191074885.0,GWIND
2021-08-11,3.3656118,3.4411285,3.2952447,3.2952,65671759.0,GWIND
2021-08-12,3.4394116,3.5526857,3.303826,3.3639,232426022.0,GWIND
2021-08-13,3.379342,3.4068022,3.3553143,3.3811,49060784.0,GWIND
2021-08-16,3.4548583,3.5011973,3.3896399,3.4325,64116714.0,GWIND
2021-08-17,3.3561728,3.3896399,3.32957,3.3467,50735605.0,GWIND
2021-08-18,3.2986774,3.363896,3.2609193,3.2609,45476541.0,GWIND
2021-08-19,3.2042825,3.252338,3.1665242,3.2266,32801027.0,GWIND
2021-08-20,3.21458,3.252338,3.183687,3.2094,20568540.0,GWIND
2021-08-23,3.2729332,3.3124073,3.209431,3.2867,61523879.0,GWIND
2021-08-24,3.2746494,3.303826,3.252338,3.2523,35012460.0,GWIND
2021-08-25,3.2291682,3.2609193,3.1922684,3.1923,32773444.0,GWIND
2021-08-26,3.190552,3.2180126,3.1579428,3.1579,23104729.0,GWIND
2021-08-27,3.1442127,3.183687,3.123618,3.1751,19253334.0,GWIND
2021-08-31,3.1733894,3.2180126,3.1493616,3.1579,30052782.0,GWIND
2021-09-01,3.1690986,3.1922684,3.1407802,3.1408,29566605.0,GWIND
2021-09-02,3.1665242,3.1922684,3.1407802,3.1665,74134124.0,GWIND
2021-09-03,3.1639497,3.2008498,3.1407802,3.1579,41866791.0,GWIND
2021-09-06,3.2205868,3.2866633,3.1579428,3.2094,62371687.0,GWIND
2021-09-07,3.239466,3.2780821,3.1922684,3.2094,45560680.0,GWIND
2021-09-08,3.1639497,3.209431,3.123618,3.1322,25716484.0,GWIND
2021-09-09,3.143355,3.1579428,3.115036,3.1494,12159455.0,GWIND
2021-09-10,3.1579428,3.1922684,3.1321986,3.1579,31465626.0,GWIND
2021-09-13,3.165666,3.2008498,3.1407802,3.1579,20394096.0,GWIND
2021-09-14,3.1725311,3.2008498,3.1493616,3.1665,40317524.0,GWIND
2021-09-15,3.1399221,3.1751058,3.1064546,3.115,22507073.0,GWIND
2021-09-16,3.138206,3.183687,3.1064546,3.1236,40516330.0,GWIND
2021-09-17,3.123618,3.1493616,3.0978734,3.115,16205010.0,GWIND
2021-09-20,3.044669,3.0978734,3.0120597,3.0292,20574219.0,GWIND
2021-09-21,3.0558248,3.1064546,3.0120597,3.055,20817489.0,GWIND
2021-09-22,3.0378036,3.0807106,3.0120597,3.0378,16903407.0,GWIND
2021-09-23,3.0747035,3.1579428,2.986316,3.0378,43371267.0,GWIND
2021-09-24,3.0541084,3.0892918,3.0206409,3.0464,20658178.0,GWIND
2021-09-27,3.0506759,3.0807106,3.0292225,3.0464,13577723.0,GWIND
2021-09-28,3.0747035,3.1407802,3.0206409,3.1236,35526419.0,GWIND
2021-09-29,3.2583447,3.398221,3.0978734,3.2695,124747184.0,GWIND
2021-09-30,3.252338,3.2952447,3.2180126,3.2438,32507854.0,GWIND
2021-10-01,3.333861,3.398221,3.2180126,3.3296,66775238.0,GWIND
2021-10-04,3.554402,3.6556625,3.3381517,3.5956,226319699.0,GWIND
2021-10-05,3.5973086,3.681406,3.4153843,3.4154,158797958.0,GWIND
2021-10-06,3.4874675,3.5526857,3.398221,3.4411,83248986.0,GWIND
2021-10-07,3.5020556,3.5612674,3.4582908,3.4669,33773711.0,GWIND
2021-10-08,3.4831767,3.587011,3.3724773,3.5441,57459149.0,GWIND
2021-10-11,3.6179044,3.6985686,3.5526857,3.6042,83545536.0,GWIND
2021-10-12,3.5913017,3.6642432,3.544104,3.5527,27351228.0,GWIND
2021-10-13,3.516644,3.604174,3.4411285,3.4497,40307260.0,GWIND
2021-10-14,3.491758,3.5526857,3.4325466,3.4669,23872520.0,GWIND
2021-10-15,3.582721,3.6470811,3.4926162,3.5956,55364759.0,GWIND
2021-10-18,3.6968527,3.7586386,3.5612674,3.69,90026213.0,GWIND
2021-10-19,3.8358712,3.9045215,3.7500572,3.8702,82082788.0,GWIND
2021-10-20,3.7826664,3.8873596,3.7328944,3.7844,47215751.0,GWIND
2021-10-21,3.738043,3.8187075,3.6470811,3.7157,43180911.0,GWIND
2021-10-22,3.7286034,3.7758012,3.6642432,3.7329,25841068.0,GWIND
2021-10-25,3.755206,3.8272898,3.6899877,3.7329,36170915.0,GWIND
2021-10-26,3.7715106,3.8187075,3.7328944,3.7672,38346906.0,GWIND
2021-10-27,3.787815,3.8272898,3.7586386,3.7844,29633599.0,GWIND
2021-10-28,3.7431922,3.801545,3.7071505,3.7072,11813752.0,GWIND
2021-11-01,3.8118427,3.8616152,3.7328944,3.8015,31513217.0,GWIND
2021-11-02,3.8298635,3.8873596,3.7758012,3.7844,34957955.0,GWIND
2021-11-03,3.988619,4.1448,3.6642432,4.0332,210267487.0,GWIND
2021-11-04,4.1722608,4.2735205,3.9903357,4.1791,106698846.0,GWIND
2021-11-05,4.2014375,4.299265,4.058986,4.1877,62512473.0,GWIND
2021-11-08,4.18599,4.2735205,4.127638,4.1791,30886365.0,GWIND
2021-11-09,4.1207724,4.222033,4.0246615,4.0247,29099512.0,GWIND
2021-11-10,4.0718584,4.127638,4.0074983,4.059,27149208.0,GWIND
2021-11-11,4.0152216,4.0847306,3.947429,3.9818,20883880.0,GWIND
2021-11-12,4.127638,4.247776,3.964591,4.1191,51806217.0,GWIND
2021-11-15,4.1293535,4.1705446,4.0761495,4.0933,28688393.0,GWIND
2021-11-16,4.175693,4.222033,4.0675673,4.1448,57390161.0,GWIND
2021-11-17,4.199721,4.2735205,4.127638,4.2049,48704812.0,GWIND
2021-11-18,4.2597904,4.3421717,4.153381,4.2993,71454838.0,GWIND
2021-11-19,4.2803855,4.3507533,4.213451,4.222,42416936.0,GWIND
2021-11-22,4.2512093,4.3421717,4.179125,4.2993,49847997.0,GWIND
2021-11-23,4.263223,4.3250093,4.1448,4.2649,66013372.0,GWIND
2021-11-24,4.3799295,4.479473,4.2735205,4.4709,63357463.0,GWIND
2021-11-25,4.3919435,4.530962,4.3164277,4.3593,52677533.0,GWIND
2021-11-26,4.2512093,4.3850784,4.1448,4.1963,72724794.0,GWIND
2021-11-29,4.2160254,4.3421717,4.136219,4.3078,49207894.0,GWIND
2021-11-30,4.3867946,4.505218,4.2649393,4.4966,39587120.0,GWIND
2021-12-01,4.4983525,4.565287,4.453729,4.4709,30480293.0,GWIND
2021-12-02,4.524096,4.58245,4.436567,4.5481,31916735.0,GWIND
2021-12-03,4.63308,4.7197523,4.573868,4.6082,37529719.0,GWIND
2021-12-06,4.6064773,4.6682634,4.5481243,4.591,26720574.0,GWIND
2021-12-07,4.6176333,4.659682,4.565287,4.5824,47496523.0,GWIND
2021-12-08,4.5627127,4.6167755,4.496636,4.5052,27462882.0,GWIND
2021-12-09,4.4777575,4.556706,4.4108224,4.4623,24887088.0,GWIND
2021-12-10,4.4906287,4.573868,4.393659,4.5138,41092684.0,GWIND
2021-12-13,4.536969,4.58245,4.4708915,4.4709,31360165.0,GWIND
2021-12-14,4.570436,4.6167755,4.505218,4.6168,47060330.0,GWIND
2021-12-15,4.6116257,4.659682,4.5481243,4.5996,51589874.0,GWIND
2021-12-16,4.8089976,5.0372624,4.5910306,4.9944,122258197.0,GWIND
2021-12-17,5.1385226,5.4148426,4.52238,4.8742,113989806.0,GWIND
2021-12-20,4.934286,5.1917267,4.5910306,4.9429,89023591.0,GWIND
2021-12-21,4.630506,5.20889,4.453729,4.4537,69511393.0,GWIND
2021-12-22,4.5009265,4.7197523,4.0761495,4.5567,101132757.0,GWIND
2021-12-23,4.4125395,4.642519,4.239195,4.3679,51798109.0,GWIND
2021-12-24,4.4374247,4.539543,4.2906833,4.428,59583055.0,GWIND
2021-12-27,4.436567,4.496636,4.393659,4.4194,37536697.0,GWIND
2021-12-28,4.4357085,4.565287,4.213451,4.3593,67786556.0,GWIND
2021-12-29,4.4056735,4.505218,4.2906833,4.5052,44266085.0,GWIND
2021-12-30,4.658824,4.7798214,4.4880548,4.7198,71070795.0,GWIND
2021-12-31,4.878507,5.0630064,4.694008,5.0115,66873408.0,GWIND
2022-01-03,5.2389245,5.406261,5.0630064,5.4063,116431986.0,GWIND
2022-01-04,5.4500256,5.5864697,5.277541,5.4406,109404557.0,GWIND
2022-01-05,5.4268565,5.534981,5.3032846,5.432,74553564.0,GWIND
2022-01-06,5.3290286,5.500656,5.1144943,5.3548,59651103.0,GWIND
2022-01-07,5.406261,5.500656,5.294703,5.4063,65951703.0,GWIND
2022-01-10,5.3556304,5.4920745,5.268959,5.4492,42688919.0,GWIND
2022-01-11,5.591618,5.7323527,5.3805165,5.7152,99503370.0,GWIND
2022-01-12,5.789849,5.8782363,5.6379585,5.8611,80399307.0,GWIND
2022-01-13,5.905696,6.0069566,5.77526,5.8525,66998419.0,GWIND
2022-01-14,5.7726855,5.869655,5.680865,5.7495,40949036.0,GWIND
2022-01-17,5.8507757,5.9468865,5.680865,5.904,52626909.0,GWIND
2022-01-18,6.1193724,6.2901416,5.6980276,5.698,123558805.0,GWIND
2022-01-19,6.081615,6.264397,5.758097,6.1786,153883215.0,GWIND
2022-01-20,6.2395115,6.478932,6.0069566,6.2387,117799411.0,GWIND
2022-01-21,6.3433466,6.4617696,6.127095,6.4274,71367771.0,GWIND
2022-01-24,6.424011,6.770698,6.127095,6.2043,108346351.0,GWIND
2022-01-25,6.0095305,6.3330483,5.8095846,6.1099,70933952.0,GWIND
2022-01-26,5.99151,6.1700025,5.8782363,5.9984,41545240.0,GWIND
2022-01-27,6.207761,6.367374,5.9039803,6.3159,83746954.0,GWIND
2022-01-28,6.5209804,6.7020473,6.212909,6.4875,113149996.0,GWIND
2022-01-31,6.415429,6.5990705,6.2214904,6.2901,67841060.0,GWIND
2022-02-01,6.287567,6.41028,6.1871657,6.2301,33758533.0,GWIND
2022-02-02,6.2918577,6.41028,6.212909,6.2387,38863024.0,GWIND
2022-02-03,6.109074,6.272979,5.9297237,5.9726,33338895.0,GWIND
2022-02-04,6.1785836,6.298723,6.0069566,6.1528,49399478.0,GWIND
2022-02-07,6.1803,6.2815604,6.049864,6.2558,32868160.0,GWIND
2022-02-08,6.151982,6.2815604,6.058445,6.2043,30632273.0,GWIND
2022-02-09,6.3519273,6.4274435,6.1700025,6.4189,43265011.0,GWIND
2022-02-10,6.4068484,6.5218387,6.34163,6.4789,32940896.0,GWIND
2022-02-11,6.316744,6.487513,6.1185145,6.4017,38738712.0,GWIND
2022-02-14,6.3759556,6.478932,6.2214904,6.3845,41547302.0,GWIND
2022-02-15,6.550157,6.693466,6.3502116,6.4789,56147028.0,GWIND
2022-02-16,6.451472,6.607652,6.3502116,6.3845,38721940.0,GWIND
2022-02-17,6.574185,6.727792,6.393118,6.4189,100440114.0,GWIND
2022-02-18,6.5595965,6.65914,6.4617696,6.5647,51816141.0,GWIND
2022-02-21,6.468634,6.607652,6.3073044,6.5304,41461472.0,GWIND
2022-02-22,6.344205,6.4446063,6.2558165,6.2816,39159067.0,GWIND
2022-02-23,6.2489514,6.3587923,6.0412817,6.2472,36810598.0,GWIND
2022-02-24,5.8018622,6.0670266,5.6293764,6.007,49526587.0,GWIND
2022-02-25,6.1210885,6.3073044,5.8953986,6.3073,66589153.0,GWIND
2022-02-28,6.3278995,6.4617696,6.15284,6.3588,62688154.0,GWIND
2022-03-01,6.4377413,6.5218387,6.3330483,6.5218,53725883.0,GWIND
2022-03-02,6.4214363,6.607652,6.230072,6.4017,45074161.0,GWIND
2022-03-03,6.3545017,6.436025,6.2901416,6.3073,29474453.0,GWIND
2022-03-04,6.298723,6.3845367,6.2043276,6.2472,23707827.0,GWIND
2022-03-07,5.7769756,6.0069566,5.6293764,5.6294,59818837.0,GWIND
2022-03-08,5.317014,5.5264,5.1488204,5.3033,79262397.0,GWIND
2022-03-09,5.399396,5.5435634,5.277541,5.3977,45199953.0,GWIND
2022-03-10,5.2938447,5.4834933,5.2003083,5.2432,27852069.0,GWIND
2022-03-11,5.298994,5.4148426,5.20889,5.3204,36019077.0,GWIND
2022-03-14,5.4526005,5.569307,5.33761,5.4921,34164030.0,GWIND
2022-03-15,5.38824,5.552144,5.3032846,5.3119,36818134.0,GWIND
2022-03-16,5.2912703,5.3633547,5.2517962,5.269,16594806.0,GWIND
2022-03-17,5.299853,5.3976793,5.2346334,5.2346,32907156.0,GWIND
2022-03-18,5.197734,5.3032846,5.0458436,5.2775,31738037.0,GWIND
2022-03-21,5.225194,5.320447,5.1745644,5.2175,33568042.0,GWIND
2022-03-22,5.225194,5.294703,5.1831455,5.2518,21086837.0,GWIND
2022-03-23,5.2389245,5.320447,5.2003083,5.3119,44046085.0,GWIND
2022-03-24,5.474912,5.603633,5.3032846,5.5521,66163731.0,GWIND
2022-03-25,5.5710235,5.7151895,5.4405866,5.5264,39019629.0,GWIND
2022-03-28,5.571882,5.620795,5.4663305,5.5264,21067477.0,GWIND
2022-03-29,5.5469956,5.749515,5.4148426,5.5865,53253089.0,GWIND
2022-03-30,5.6310925,5.6894464,5.534981,5.6809,35807940.0,GWIND
2022-03-31,5.776118,5.8868175,5.6465387,5.8525,35352926.0,GWIND
2022-04-01,5.849918,5.9039803,5.801004,5.8267,21224279.0,GWIND
2022-04-04,5.879953,5.921143,5.818167,5.8954,21373151.0,GWIND
2022-04-05,5.862789,5.9039803,5.818167,5.8525,25552393.0,GWIND
2022-04-06,6.1434,6.264397,6.015538,6.1872,121098260.0,GWIND
2022-04-07,6.242944,6.34163,6.15284,6.1614,46066332.0,GWIND
2022-04-08,6.190598,6.3330483,6.0756073,6.3073,55313695.0,GWIND
2022-04-11,6.3124533,6.3845367,6.247236,6.2644,31483136.0,GWIND
2022-04-12,6.3012977,6.3845367,6.1871657,6.2901,39027398.0,GWIND
2022-04-13,6.2274976,6.3845367,6.0069566,6.0928,56388635.0,GWIND
2022-04-14,6.1245213,6.195747,6.0756073,6.1443,27309620.0,GWIND
2022-04-15,6.0884786,6.1614213,6.058445,6.0928,23626857.0,GWIND
2022-04-18,6.224065,6.3502116,6.109933,6.2816,43435075.0,GWIND
2022-04-19,6.3519273,6.41028,6.264397,6.3588,45346366.0,GWIND
2022-04-20,6.4300184,6.539001,6.3330483,6.4103,41699140.0,GWIND
2022-04-21,6.4248686,6.504676,6.3158855,6.4103,39290962.0,GWIND
2022-04-22,6.272121,6.3759556,6.1013517,6.1786,30063386.0,GWIND
2022-04-25,6.146833,6.2214904,6.058445,6.1099,18456265.0,GWIND
2022-04-26,6.163996,6.3244667,5.9554687,6.0842,47698166.0,GWIND
2022-04-27,6.0464315,6.1614213,5.9812126,6.1185,27034829.0,GWIND
2022-04-28,6.316744,6.418862,6.1442585,6.4189,42088372.0,GWIND
2022-04-29,6.589631,6.8307686,6.3587923,6.4618,163883080.0,GWIND
2022-05-05,6.4428897,6.607652,6.264397,6.2901,82878686.0,GWIND
2022-05-06,6.3176026,6.41028,6.195747,6.376,72098794.0,GWIND
2022-05-09,6.428302,6.487513,6.3330483,6.4274,58076696.0,GWIND
2022-05-10,6.448897,6.53042,6.393118,6.3931,63635589.0,GWIND
2022-05-11,6.212909,6.41028,6.0756073,6.1185,41005546.0,GWIND
2022-05-12,5.944313,6.109933,5.801004,6.0327,73157412.0,GWIND
2022-05-13,6.07904,6.1700025,5.998375,6.1014,28350491.0,GWIND
2022-05-16,6.034417,6.135677,5.9812126,5.9898,27196831.0,GWIND
2022-05-17,5.933157,6.032701,5.869655,5.9469,29218795.0,GWIND
2022-05-18,5.871371,6.032701,5.758097,5.8353,38846008.0,GWIND
2022-05-20,5.8962564,5.998375,5.792423,5.8439,31941187.0,GWIND
2022-05-23,5.918568,5.9897933,5.84391,5.9211,22844149.0,GWIND
2022-05-24,5.944313,6.0069566,5.912562,5.9211,19045134.0,GWIND
2022-05-25,6.1228056,6.1871657,5.9554687,6.1357,57491808.0,GWIND
2022-05-26,6.220067,6.368334,6.1539717,6.1629,23258575.0,GWIND
2022-05-27,6.184339,6.2611527,6.1271772,6.1718,19805079.0,GWIND
2022-05-30,6.254008,6.3058114,6.216494,6.2433,25337294.0,GWIND
2022-05-31,6.3576155,6.457651,6.2611527,6.3147,43986369.0,GWIND
2022-06-01,6.438894,6.50231,6.3326073,6.4041,48850319.0,GWIND
2022-06-02,6.410313,6.44872,6.377266,6.4041,25460736.0,GWIND
2022-06-03,6.4781938,6.5559006,6.4129925,6.4934,56452328.0,GWIND
2022-06-06,6.5916276,6.65415,6.529105,6.6006,53815949.0,GWIND
2022-06-07,6.5648317,6.6362863,6.493378,6.5559,45018870.0,GWIND
2022-06-08,6.466583,6.6184225,6.2611527,6.2701,29767713.0,GWIND
2022-06-09,6.489805,6.5916276,6.2790165,6.5023,63050013.0,GWIND
2022-06-10,6.4415746,6.5469685,6.3415384,6.3862,43903861.0,GWIND
2022-06-13,6.414779,6.4844465,6.323675,6.4398,35525772.0,GWIND
2022-06-14,6.5032034,6.627354,6.3861976,6.4309,48436567.0,GWIND
2022-06-15,6.506776,6.6005588,6.4129925,6.5559,40558236.0,GWIND
2022-06-16,6.451399,6.5826955,6.35047,6.4398,41295396.0,GWIND
2022-06-17,6.787233,7.002488,6.466583,6.94,150836564.0,GWIND
2022-06-20,7.202559,7.3329625,6.9756923,7.1722,108586585.0,GWIND
2022-06-21,7.3061666,7.5026646,7.1186004,7.4312,91217963.0,GWIND
2022-06-22,7.4883747,7.645573,7.3150983,7.5563,80845870.0,GWIND
2022-06-23,7.486588,7.663437,7.2972355,7.4133,71765099.0,GWIND
2022-06-24,7.43925,7.556255,7.3329625,7.4223,56575189.0,GWIND
2022-06-27,7.3186717,7.4133477,7.0560784,7.2883,35878974.0,GWIND
2022-06-28,7.2749066,7.4580073,7.0650096,7.1901,39678331.0,GWIND
2022-06-29,7.1302114,7.252577,6.9935555,7.0382,27309787.0,GWIND
2022-06-30,7.106096,7.2079177,7.0203514,7.0918,28719950.0,GWIND
2022-07-01,7.1677246,7.3061666,7.0203514,7.199,35842572.0,GWIND
2022-07-04,7.281158,7.440143,7.0650096,7.0739,42916498.0,GWIND
2022-07-05,7.0176716,7.1632595,6.91317,7.0561,41810218.0,GWIND
2022-07-06,7.0819793,7.17219,7.002488,7.0829,34012624.0,GWIND
2022-07-07,7.4767637,7.663437,7.082873,7.4491,98489547.0,GWIND
2022-07-08,7.459793,7.547324,7.395484,7.4937,13745336.0,GWIND
2022-07-13,7.8286743,7.9581842,7.4758706,7.9582,85607791.0,GWIND
2022-07-14,7.898342,8.092161,7.7259574,7.8867,71516001.0,GWIND
2022-07-18,8.116276,8.261864,7.9224567,8.1547,68800747.0,GWIND
2022-07-19,8.159149,8.261864,8.092161,8.1458,47592063.0,GWIND
2022-07-20,7.9501452,8.199341,7.7884808,7.9671,77751878.0,GWIND
2022-07-21,7.9715815,8.092161,7.8152757,7.9939,49256201.0,GWIND
2022-07-22,8.402985,8.681656,8.083229,8.3512,173295592.0,GWIND
2022-07-25,8.703093,9.021062,8.333318,8.6281,114114724.0,GWIND
2022-07-26,8.637889,8.860291,8.476225,8.6459,71920803.0,GWIND
2022-07-27,8.862971,9.110379,8.65486,8.9407,117929461.0,GWIND
2022-07-28,8.904949,9.083586,8.779904,8.9228,72530286.0,GWIND
2022-07-29,8.97015,9.163969,8.842425,9.1372,56948855.0,GWIND
2022-08-01,9.21756,9.333672,9.06572,9.2533,91224286.0,GWIND
2022-08-02,9.092516,9.306879,8.797768,9.0925,68520510.0,GWIND
2022-08-03,9.154144,9.289015,9.021062,9.0925,42962554.0,GWIND
2022-08-04,9.448893,9.610558,9.119311,9.5748,100853544.0,GWIND
2022-08-05,9.916023,10.271506,9.449787,10.075,125447084.0,GWIND
2022-08-08,10.176829,10.619844,9.914237,9.9946,111791734.0,GWIND
2022-08-09,10.014273,10.44121,9.72667,9.8249,99449214.0,GWIND
2022-08-10,10.108949,10.360824,9.440853,10.2358,118670195.0,GWIND
2022-08-11,10.565362,10.807411,10.208984,10.7628,145866435.0,GWIND
2022-08-12,10.863681,11.298656,10.459073,10.6288,238292092.0,GWIND
2022-08-15,10.598409,10.852069,10.316165,10.602,92244009.0,GWIND
2022-08-16,10.7904415,11.137886,10.271506,10.7628,207323056.0,GWIND
2022-08-17,10.70023,10.923523,10.610912,10.6109,66828744.0,GWIND
2022-08-18,10.515343,10.744888,10.342958,10.4412,92421942.0,GWIND
2022-08-19,10.529633,10.664502,10.369756,10.5663,72728774.0,GWIND
2022-08-22,10.652892,10.771685,10.494799,10.602,80406085.0,GWIND
2022-08-23,10.755608,10.941386,10.530526,10.9235,119495862.0,GWIND
2022-08-24,11.270969,11.584473,10.923523,11.4148,194953249.0,GWIND
2022-08-25,11.739884,11.977469,11.387975,11.5845,111485298.0,GWIND
2022-08-26,11.456748,11.700586,11.271861,11.4416,83477783.0,GWIND
2022-08-29,11.986402,12.325807,11.298656,12.2008,152747993.0,GWIND
2022-08-31,13.060889,13.397616,12.281149,13.0493,221653196.0,GWIND
2022-09-01,13.959423,14.335449,13.504797,14.2015,266324742.0,GWIND
2022-09-02,14.628412,15.362603,13.603046,14.2997,368300189.0,GWIND
2022-09-05,14.150563,14.728447,13.728091,14.3622,232083830.0,GWIND
2022-09-06,13.91923,14.478357,13.737023,13.8442,173981315.0,GWIND
2022-09-07,13.653958,14.121087,13.344026,13.5673,176183394.0,GWIND
2022-09-08,13.542312,13.853135,13.281504,13.2815,140885960.0,GWIND
2022-09-09,13.39851,13.683432,13.218983,13.3351,108940714.0,GWIND
2022-09-12,13.466392,13.8799305,13.013552,13.6834,215295575.0,GWIND
2022-09-13,13.370822,13.799544,13.085006,13.085,153082798.0,GWIND
2022-09-14,12.807228,13.210049,12.432988,12.9778,133037697.0,GWIND
2022-09-15,12.8224125,13.2011175,12.64735,12.6474,117729764.0,GWIND
2022-09-16,13.00462,13.388684,12.6562805,12.96,130197203.0,GWIND
2022-09-19,13.656637,13.996044,13.022483,13.3262,205138090.0,GWIND
2022-09-20,13.558389,13.870998,13.218983,13.6745,159692304.0,GWIND
2022-09-21,13.642346,13.951385,13.424412,13.5495,123580638.0,GWIND
2022-09-22,13.67718,14.094294,13.451208,13.9603,158046849.0,GWIND
2022-09-23,13.8799305,14.165746,13.719159,13.737,113255412.0,GWIND
2022-09-26,13.77007,14.103225,13.495866,13.603,129789559.0,GWIND
2022-09-27,13.541418,13.754886,13.174323,13.3083,95230852.0,GWIND
2022-09-28,13.142169,13.397616,12.888507,13.0225,63539037.0,GWIND
2022-09-29,12.717017,13.156459,12.191831,12.6831,86863350.0,GWIND
2022-09-30,12.791151,13.00462,12.504442,12.96,61394483.0,GWIND
2022-10-03,13.233272,13.397616,12.933166,13.3976,103508201.0,GWIND
2022-10-04,13.579824,13.951385,13.254708,13.8263,157622072.0,GWIND
2022-10-05,14.685574,15.121444,14.058565,14.8446,326147826.0,GWIND
2022-10-06,14.83652,15.157169,14.612333,14.6659,155402995.0,GWIND
2022-10-07,15.1661005,15.827049,14.514085,15.5591,221047445.0,GWIND
2022-10-10,16.16735,16.613047,15.675211,15.9342,219940905.0,GWIND
2022-10-11,16.26292,16.613047,15.5769615,16.3808,200818364.0,GWIND
2022-10-12,16.073568,16.541592,15.675211,15.8092,137056990.0,GWIND
2022-10-13,15.801149,16.121798,15.541234,15.7645,133119354.0,GWIND
2022-10-14,16.139662,16.470139,15.8449135,16.2647,154535777.0,GWIND
2022-10-17,17.194502,17.595535,16.541592,17.1847,252944825.0,GWIND
2022-10-18,16.865814,17.524084,16.407618,16.9971,212725007.0,GWIND
2022-10-19,16.975674,17.327585,16.595182,16.6577,159289735.0,GWIND
2022-10-20,16.553204,17.10429,16.166458,16.7917,194452353.0,GWIND
2022-10-21,16.753271,17.01497,16.389751,16.8721,126399975.0,GWIND
2022-10-24,16.94977,17.399036,16.496933,16.7292,181189167.0,GWIND
2022-10-25,16.293291,16.800611,15.987821,16.7649,139942606.0,GWIND
2022-10-26,16.585358,17.032837,16.43441,16.4433,80023836.0,GWIND
2022-10-27,17.007828,17.256132,16.657703,16.6756,188151675.0,GWIND
2022-10-28,16.5273,16.675566,16.362953,16.363,30434850.0,GWIND
2022-10-31,16.568384,16.836338,16.416544,16.4344,112548069.0,GWIND
2022-11-01,17.109648,17.952808,16.28257,17.8278,304910695.0,GWIND
2022-11-02,18.532476,19.09607,17.86349,18.0421,364013743.0,GWIND
2022-11-03,18.705755,19.435474,18.256487,18.578,324355713.0,GWIND
2022-11-04,18.520866,18.953161,18.202894,18.2922,204989422.0,GWIND
2022-11-07,18.299358,18.720936,17.988533,18.3279,183637860.0,GWIND
2022-11-08,17.980494,18.363667,17.81883,17.8992,153628129.0,GWIND
2022-11-09,18.051054,18.417255,17.720581,17.8814,190799879.0,GWIND
2022-11-10,18.715578,19.113934,17.792036,18.8281,345965122.0,GWIND
2022-11-11,18.82901,19.364021,18.363667,18.4887,202578386.0,GWIND
2022-11-14,19.54355,20.32865,18.149303,20.2929,293150492.0,GWIND
2022-11-15,21.835434,22.311497,20.400103,22.3115,442512534.0,GWIND
2022-11-16,23.929035,24.52657,22.329361,23.3297,709050717.0,GWIND
2022-11-17,21.78363,23.70485,21.007463,21.0075,460830752.0,GWIND
2022-11-18,21.098568,22.22218,19.524794,21.722,375400991.0,GWIND
2022-11-21,22.645544,23.490486,20.88242,22.9546,356987961.0,GWIND
2022-11-22,24.07998,24.865976,22.115002,24.6516,331166053.0,GWIND
2022-11-23,25.13929,26.098557,24.312208,24.4908,345044844.0,GWIND
2022-11-24,24.190737,24.812386,23.81203,24.0264,263663630.0,GWIND
2022-11-25,24.91153,25.81274,24.1693,24.6695,276754500.0,GWIND
2022-11-28,23.771837,24.848114,23.2404,23.7048,260674598.0,GWIND
2022-11-29,23.104637,23.81203,22.668766,22.9903,127104517.0,GWIND
2022-11-30,23.232363,23.75844,22.615175,22.9903,158163194.0,GWIND
2022-12-01,23.114462,23.544079,22.722359,22.9724,135646036.0,GWIND
2022-12-02,22.456194,23.061764,22.186453,22.3651,152723461.0,GWIND
2022-12-05,21.742546,22.47227,21.346867,21.6505,172748209.0,GWIND
2022-12-06,21.984596,22.93672,20.63233,22.7759,253158391.0,GWIND
2022-12-07,22.459766,23.454762,21.239689,21.9185,174846613.0,GWIND
2022-12-08,21.292387,21.918503,20.810963,21.4719,118371679.0,GWIND
2022-12-09,21.567484,21.882772,21.168236,21.7935,181952131.0,GWIND
2022-12-12,22.240044,22.77595,21.882772,21.9364,218350865.0,GWIND
2022-12-13,21.505854,22.186453,21.150372,21.722,218036516.0,GWIND
2022-12-14,21.139654,21.77559,20.63233,20.6323,144327788.0,GWIND
2022-12-15,20.77613,21.257553,20.38224,20.811,137769065.0,GWIND
2022-12-16,21.402245,21.882772,20.721647,21.7399,224997637.0,GWIND
2022-12-19,22.173948,22.63304,21.650547,22.0614,225527760.0,GWIND
2022-12-20,21.697886,22.240044,21.50764,21.5612,138244914.0,GWIND
2022-12-21,21.30132,21.739866,20.989597,21.2397,178746529.0,GWIND
2022-12-22,21.190563,21.56123,20.721647,20.8646,586273866.0,GWIND
2022-12-23,20.815432,21.221825,20.543013,20.7752,149074980.0,GWIND
2022-12-26,20.67431,21.078917,20.400103,20.6681,148848713.0,GWIND
2022-12-27,20.339367,20.793102,19.97138,20.4537,137550248.0,GWIND
2022-12-28,20.001747,20.489422,19.649837,20.0964,121832638.0,GWIND
2022-12-29,20.240227,20.614466,19.828474,20.6145,88630993.0,GWIND
2022-12-30,20.409037,21.061052,20.132153,20.3286,123041406.0,GWIND
2023-01-02,20.723433,21.078917,20.167877,20.9003,158178008.0,GWIND
2023-01-03,20.893137,21.239689,20.364376,20.5787,133305558.0,GWIND
2023-01-04,20.006214,20.63233,19.596249,20.2751,104963386.0,GWIND
2023-01-05,19.167522,20.364376,18.292212,18.3101,124992567.0,GWIND
2023-01-06,18.46817,19.113934,17.363312,18.9353,118809856.0,GWIND
2023-01-09,18.277922,19.20325,17.83669,17.8456,118816743.0,GWIND
2023-01-10,17.77417,18.238623,17.068567,17.4705,92087540.0,GWIND
2023-01-11,16.987284,17.77417,16.407618,16.4255,89226231.0,GWIND
2023-01-12,16.457632,16.925655,15.612687,16.7917,101408615.0,GWIND
2023-01-13,16.943518,17.327585,16.47907,17.1311,93103556.0,GWIND
2023-01-16,17.482996,18.02426,16.79168,17.9171,86130189.0,GWIND
2023-01-17,17.959059,18.613758,17.640196,17.8456,111228714.0,GWIND
2023-01-18,18.209145,18.810255,17.77417,18.8103,127428289.0,GWIND
2023-01-19,18.666452,19.09607,18.256487,18.4708,75916440.0,GWIND
2023-01-20,18.194857,18.542301,17.720581,18.0243,67267336.0,GWIND
2023-01-23,17.788462,18.256487,17.140018,17.1668,73998778.0,GWIND
2023-01-24,16.913153,17.229334,16.309366,17.1668,68883287.0,GWIND
2023-01-25,16.803291,17.577675,16.19325,16.9524,80732188.0,GWIND
2023-01-26,17.027475,17.390106,16.550522,16.9524,52867900.0,GWIND
2023-01-27,16.492466,16.916725,16.148594,16.613,62751603.0,GWIND
2023-01-30,16.422798,16.702364,16.22898,16.2736,45573047.0,GWIND
2023-01-31,15.798469,16.273636,15.5769615,15.577,64033026.0,GWIND
2023-02-01,15.536772,15.961029,15.014261,15.1125,67071060.0,GWIND
2023-02-02,14.758816,15.282215,13.853135,14.916,86494780.0,GWIND
2023-02-03,15.298292,15.675211,14.764174,15.6663,42172602.0,GWIND
2023-02-06,15.187538,15.630551,14.835628,15.6306,20208676.0,GWIND
2023-02-07,14.489076,15.5858965,14.067498,14.4873,61728210.0,GWIND
2023-02-15,15.567139,15.934232,14.4872875,15.9342,54503097.0,GWIND
2023-02-16,15.704687,17.032837,15.014261,16.0057,71884111.0,GWIND
2023-02-17,15.4545965,15.961029,15.282215,15.3715,30767752.0,GWIND
2023-02-20,15.586785,15.818118,15.3715315,15.7556,53048966.0,GWIND
2023-02-21,16.597862,17.318651,15.5858965,17.1847,123985521.0,GWIND
2023-02-22,16.49336,17.184675,16.077139,16.0771,70297794.0,GWIND
2023-02-23,16.93012,17.390106,16.077139,16.6845,122239111.0,GWIND
2023-02-24,16.430834,16.872063,16.077139,16.613,76021866.0,GWIND
2023-02-27,16.716654,17.050701,16.077139,16.9524,66623405.0,GWIND
2023-02-28,17.048021,17.443699,16.702364,16.756,91057077.0,GWIND
2023-03-01,17.043554,17.202541,16.773817,17.0418,70499715.0,GWIND
2023-03-02,17.24541,17.658058,16.79168,17.0775,102385079.0,GWIND
2023-03-03,16.814903,17.166813,16.38082,16.747,66729419.0,GWIND
2023-03-06,16.999788,17.282925,15.934232,16.9346,88593158.0,GWIND
2023-03-07,17.122154,17.247198,16.979248,17.1936,85217746.0,GWIND
2023-03-08,17.07035,17.318651,16.916725,17.1132,57176823.0,GWIND
2023-03-09,17.456202,17.77417,17.122154,17.7117,72253370.0,GWIND
2023-03-10,17.159668,17.729515,16.827406,16.9882,90439737.0,GWIND
2023-03-13,16.846163,17.095358,16.613047,16.613,66597485.0,GWIND
2023-03-14,16.377247,16.684498,16.095003,16.1218,52676524.0,GWIND
2023-03-15,15.751131,16.237913,15.451915,15.577,50686633.0,GWIND
2023-03-16,15.867243,16.121798,15.5769615,15.8092,58886280.0,GWIND
2023-03-17,15.662707,16.068209,15.273284,15.6931,141313012.0,GWIND
2023-03-20,15.130375,15.719871,14.808832,14.8714,82972318.0,GWIND
2023-03-21,14.660564,15.005329,14.451561,14.6123,53706100.0,GWIND
2023-03-22,15.229519,15.66628,14.630197,15.175,123022375.0,GWIND
2023-03-23,15.313476,15.514441,14.996401,15.4519,81570989.0,GWIND
2023-03-24,15.649309,15.987821,15.353668,15.8717,88414194.0,GWIND
2023-03-27,16.385284,16.8542,15.550166,16.8274,141523743.0,GWIND
2023-03-28,16.656813,17.131086,15.987821,16.0235,127987682.0,GWIND
2023-03-29,15.420655,16.068209,15.049991,15.4519,61034005.0,GWIND
2023-03-30,15.384036,15.657349,15.139308,15.1661,35960385.0,GWIND
2023-03-31,14.903508,15.175034,14.701651,14.8178,44128846.0,GWIND
2023-04-03,14.567675,14.969604,14.290791,14.398,40330087.0,GWIND
2023-04-04,14.541773,14.808832,14.156815,14.6391,51654408.0,GWIND
2023-04-05,14.723981,15.014261,14.585539,14.7195,60810237.0,GWIND
2023-04-06,14.598936,14.74631,14.469426,14.4694,36708503.0,GWIND
2023-04-07,14.384573,14.683788,14.201472,14.3354,51295693.0,GWIND
2023-04-10,14.55785,14.683788,14.406903,14.6481,53036770.0,GWIND
2023-04-11,15.238449,15.818118,14.603403,15.6216,135949339.0,GWIND
2023-04-12,15.804722,16.300432,15.389394,15.4966,108019229.0,GWIND
2023-04-13,15.281322,15.66628,14.916015,15.0946,52245123.0,GWIND
2023-04-14,15.108047,15.317943,14.960673,15.0946,25204241.0,GWIND
2023-04-17,15.005329,15.30901,14.648061,14.7642,38059487.0,GWIND
2023-04-18,14.889217,15.219693,14.5587435,14.8624,42746880.0,GWIND
2023-04-19,14.913335,15.139308,14.737379,15.0232,17230797.0,GWIND
2023-04-20,14.8865385,15.049991,14.808832,14.9339,9028727.0,GWIND
2023-04-24,15.203614,15.335806,14.987467,15.1125,30627500.0,GWIND
2023-04-25,14.885645,15.228624,14.5587435,14.5587,35615703.0,GWIND
2023-04-26,14.205939,14.603403,13.951385,14.2461,30029423.0,GWIND
2023-04-27,14.16664,14.3533125,13.933522,14.2729,28797968.0,GWIND
2023-04-28,14.068392,14.3533125,13.692364,13.9871,22563953.0,GWIND
2023-05-02,13.518196,14.022839,13.236845,13.3708,27465017.0,GWIND
2023-05-03,12.708979,13.397616,12.325807,12.9778,30958666.0,GWIND
2023-05-04,13.41012,13.701297,12.995688,13.1654,38404892.0,GWIND
2023-05-05,13.118395,13.835627,12.678802,13.1415,40609785.0,GWIND
2023-05-08,13.175774,13.474698,12.71582,13.3729,31253404.0,GWIND
2023-05-09,13.20909,13.502461,12.984203,13.0582,35222152.0,GWIND
2023-05-10,12.922197,13.326623,12.669547,13.012,37013224.0,GWIND
2023-05-11,13.422871,13.918918,12.95644,13.5858,54184136.0,GWIND
2023-05-12,13.221122,13.770844,13.011968,13.1785,35538613.0,GWIND
2023-05-15,12.881476,13.123023,12.012469,12.7713,25756656.0,GWIND
2023-05-16,13.000861,13.261841,12.771348,13.1415,43618256.0,GWIND
2023-05-17,13.6903305,14.020719,13.150786,13.8819,75811827.0,GWIND
2023-05-18,14.1225195,14.613013,13.678298,13.8912,74194940.0,GWIND
2023-05-22,14.316866,14.594504,13.928173,14.3076,72662988.0,GWIND
2023-05-23,15.079446,15.732822,13.9374275,15.4089,137378737.0,GWIND
2023-05-24,15.282122,15.95493,14.724068,14.8999,90807326.0,GWIND
2023-05-25,14.970241,15.223819,14.668542,14.7426,46705261.0,GWIND
2023-05-26,14.82587,15.084995,14.585249,14.7518,51315133.0,GWIND
2023-05-29,15.233996,15.455182,14.816615,15.3719,68668327.0,GWIND
2023-05-30,15.535698,15.760583,15.223819,15.557,57205160.0,GWIND
2023-05-31,16.343624,16.7971,15.575491,16.1863,149726792.0,GWIND
2023-06-01,16.152054,16.473188,15.927166,16.2696,79671348.0,GWIND
2023-06-02,16.530563,16.834118,16.232569,16.5842,79381803.0,GWIND
2023-06-05,16.847076,17.176537,16.473188,17.1303,116339050.0,GWIND
2023-06-06,16.638845,17.269083,16.371387,16.6675,78346053.0,GWIND
2023-06-07,16.83782,17.009954,16.704554,16.8249,67942767.0,GWIND
2023-06-08,16.562033,16.843372,16.204803,16.6398,48448728.0,GWIND
2023-06-09,16.534267,16.7971,16.371387,16.5657,45596955.0,GWIND
2023-06-12,16.810982,17.056227,16.584244,16.686,92809678.0,GWIND
2023-06-13,16.228867,16.74157,15.9179125,16.1215,52912450.0,GWIND
2023-06-14,15.867936,16.24182,15.6958,15.7698,39884663.0,GWIND
2023-06-15,15.691175,15.9179125,15.529219,15.8346,52767939.0,GWIND
2023-06-16,15.800379,16.07524,15.501455,15.5015,41410086.0,GWIND
2023-06-19,15.423717,15.686546,14.983199,14.9832,46145912.0,GWIND
2023-06-20,15.060011,15.344127,14.798104,15.048,38522474.0,GWIND
2023-06-21,14.884173,15.270089,14.677794,14.7611,45009804.0,GWIND
2023-06-22,14.955433,15.177544,14.668542,15.0387,42395071.0,GWIND
2023-06-23,15.529219,15.7513275,15.131272,15.7513,56159493.0,GWIND
2023-06-26,16.024342,16.15853,15.769838,16.1215,62382928.0,GWIND
2023-06-27,16.396374,16.834118,15.880892,16.6583,48829001.0,GWIND
2023-07-03,17.276487,17.630013,16.889645,17.63,142028776.0,GWIND
2023-07-04,17.324612,17.768833,16.945173,17.0932,129198343.0,GWIND
2023-07-05,17.047897,17.370884,16.65828,17.2043,85707357.0,GWIND
2023-07-06,17.48009,17.657776,17.12101,17.4634,127490022.0,GWIND
2023-07-07,18.22601,18.786837,17.176537,18.7313,311755520.0,GWIND
2023-07-10,19.405972,19.823355,18.97193,19.4161,218110544.0,GWIND
2023-07-11,19.08391,19.841864,18.731312,18.9534,168878876.0,GWIND
2023-07-12,18.838665,19.342113,18.35187,18.8979,181720521.0,GWIND
2023-07-13,19.144989,19.67528,18.601746,18.6943,234396184.0,GWIND
2023-07-14,18.82941,19.17553,18.620256,19.1385,101765615.0,GWIND
2023-07-17,20.01122,20.434156,19.527206,19.7863,253723710.0,GWIND
2023-07-18,19.835384,20.637756,19.045967,19.1015,340769013.0,GWIND
2023-07-19,19.527206,20.082483,18.583237,20.064,225330531.0,GWIND
2023-07-20,20.630354,21.248562,19.804842,21.1005,356418753.0,GWIND
2023-07-21,21.867695,22.303587,21.28558,21.8223,414968361.0,GWIND
2023-07-24,23.215164,23.747303,22.303587,23.6918,482323368.0,GWIND
2023-07-25,22.098135,23.710285,21.3226,21.3966,339026691.0,GWIND
2023-07-26,21.386456,22.007439,20.730305,21.6928,174895070.0,GWIND
2023-07-27,21.32815,21.877872,20.970922,21.045,180227298.0,GWIND
2023-07-28,21.39103,21.885366,21.08172,21.4368,130260626.0,GWIND
2023-07-31,22.99926,23.380524,22.034883,23.1189,398911246.0,GWIND
2023-08-01,23.248762,24.20286,22.14702,22.8759,361558388.0,GWIND
2023-08-02,22.670324,23.025423,22.333914,22.3339,194285520.0,GWIND
2023-08-03,22.36662,22.913286,21.679783,21.9788,198249130.0,GWIND
2023-08-04,21.898449,22.259157,21.567644,22.0349,167636896.0,GWIND
2023-08-07,22.027405,23.17494,21.32468,22.39,245480572.0,GWIND
2023-08-08,22.253548,22.78246,21.904057,22.1096,169815975.0,GWIND
2023-08-09,22.63014,23.343145,21.77323,23.0815,327934898.0,GWIND
2023-08-10,22.586222,23.511349,21.044342,21.6611,256508664.0,GWIND
2023-08-11,21.304123,21.866676,20.651861,21.4742,247597616.0,GWIND
2023-08-14,21.462984,21.829298,21.044342,21.3247,224232923.0,GWIND
2023-08-15,21.30132,21.586334,20.894825,21.4555,144350566.0,GWIND
2023-08-16,21.191984,21.511576,21.006962,21.1191,117667483.0,GWIND
2023-08-17,21.334026,21.642403,20.950893,21.605,137395462.0,GWIND
2023-08-18,21.60409,22.371292,20.558414,21.063,224343834.0,GWIND
2023-08-21,21.074244,21.605024,20.203314,21.2125,183536910.0,GWIND
2023-08-22,22.521742,23.324455,21.119099,23.3245,562484818.0,GWIND
2023-08-23,23.70105,24.483204,22.689013,23.1936,515261126.0,GWIND
2023-08-24,24.214073,25.473745,23.17494,23.4179,680959024.0,GWIND
2023-08-25,23.746838,24.763544,22.632944,24.1094,474278498.0,GWIND
2023-08-28,25.432629,25.94098,24.838303,25.1373,567461796.0,GWIND
2023-08-29,24.797184,25.60457,24.20286,24.857,321107420.0,GWIND
2023-08-31,26.548388,27.305311,25.417675,27.0997,669323610.0,GWIND
2023-09-01,29.007921,29.809698,27.155794,29.8097,858879782.0,GWIND
2023-09-04,30.941345,32.482292,29.043432,30.3143,984195598.0,GWIND
2023-09-05,29.47142,30.295624,28.875227,29.6228,514464334.0,GWIND
2023-09-06,29.114452,30.14611,28.501438,28.651,346203262.0,GWIND
2023-09-07,28.645346,29.622805,27.978134,28.1837,311378919.0,GWIND
2023-09-08,29.152765,29.996595,27.922064,29.0995,486965349.0,GWIND
2023-09-11,31.609495,31.99637,29.921839,31.9964,1153876570.0,GWIND
2023-09-12,31.380552,33.08036,30.53859,30.7442,717152617.0,GWIND
2023-09-13,31.743128,32.80001,30.53859,30.8376,667438283.0,GWIND
2023-09-14,29.892868,31.286165,29.13688,30.5573,483162160.0,GWIND
2023-09-15,30.409632,31.155342,29.660183,30.5199,377089702.0,GWIND
2023-09-18,30.59092,31.734713,28.856537,28.8565,497181547.0,GWIND
2023-09-19,30.243296,31.659956,28.594887,30.8189,504222697.0,GWIND
2023-09-20,30.754452,31.60389,29.772322,29.791,495547270.0,GWIND
2023-09-21,29.761106,30.91238,28.875227,30.8002,425285170.0,GWIND
2023-09-22,32.36642,33.26725,30.463829,32.8935,801167886.0,GWIND
2023-09-25,35.27917,36.18281,33.3607,35.0428,1135556302.0,GWIND
2023-09-26,33.47564,34.38862,32.66919,33.2299,598399131.0,GWIND
2023-09-27,32.28512,33.37939,31.304857,31.5104,399591377.0,GWIND
2023-09-28,30.591854,31.304857,29.977907,30.4451,330218350.0,GWIND
2023-09-29,30.835752,31.585197,30.333006,30.4638,296730554.0,GWIND
2023-10-02,30.116209,30.91238,28.968676,29.9966,329010958.0,GWIND
2023-10-03,30.181622,30.987135,29.660183,30.4265,335182400.0,GWIND
2023-10-04,30.04799,30.57597,29.753632,29.7536,173735634.0,GWIND
2023-10-05,29.805027,30.650726,28.78178,30.1835,225357974.0,GWIND
2023-10-06,29.675137,30.108734,28.949984,29.6041,179540219.0,GWIND
2023-10-09,28.832241,29.753632,28.10896,28.3145,169842744.0,GWIND
2023-10-10,29.52375,30.052664,28.42668,29.7723,229796283.0,GWIND
2023-10-11,29.326576,30.22087,28.78178,28.95,180981636.0,GWIND
2023-10-12,28.939705,29.921839,27.75386,28.9313,248813679.0,GWIND
2023-10-13,28.11363,28.931295,27.772547,27.9408,112841386.0,GWIND
2023-10-16,27.93795,28.72571,26.912832,27.567,214742891.0,GWIND
2023-10-17,27.864128,28.407988,27.006279,28.2772,158243209.0,GWIND
2023-10-18,27.923933,28.445368,27.211864,28.3145,160696039.0,GWIND
2023-10-19,27.845438,28.482746,27.043657,27.4174,141121109.0,GWIND
2023-10-20,26.464285,27.062347,25.884912,27.0063,153065463.0,GWIND
2023-10-23,27.088516,27.940754,26.426908,27.2119,184409363.0,GWIND
2023-10-24,27.508091,28.146338,26.875456,27.866,260835913.0,GWIND
2023-10-25,27.104399,28.09027,25.081264,25.0813,169372329.0,GWIND
2023-10-26,25.434496,26.35215,24.296309,25.8849,199661155.0,GWIND
2023-10-27,25.762495,26.408216,25.043884,26.0531,119745870.0,GWIND
2023-10-30,26.330654,26.725939,25.791466,26.1466,116628649.0,GWIND
2023-10-31,25.702688,26.370836,25.081264,25.0813,85573667.0,GWIND
2023-11-01,24.628046,25.305538,24.090723,24.8757,111447623.0,GWIND
2023-11-02,25.250404,25.511122,24.969128,25.3803,85353954.0,GWIND
2023-11-03,24.36359,25.511122,23.959896,24.5019,207276794.0,GWIND
2023-11-06,25.669983,26.950212,24.595339,25.7167,180728317.0,GWIND
2023-11-07,26.590439,27.193176,25.641949,26.4643,298658714.0,GWIND
2023-11-08,26.540913,27.193176,25.95967,26.1092,145354523.0,GWIND
2023-11-09,25.694279,26.071806,25.324228,25.5485,91193114.0,GWIND
2023-11-10,25.551306,25.791466,25.23078,25.3055,70906687.0,GWIND
2023-11-13,24.864468,25.417675,24.146791,24.2215,90851185.0,GWIND
2023-11-14,24.274815,24.688786,23.941208,24.5206,116454409.0,GWIND
2023-11-15,24.58973,24.95044,24.128101,24.2589,157282133.0,GWIND
2023-11-16,25.369083,26.221321,24.20286,25.4177,310917953.0,GWIND
2023-11-17,25.270964,25.511122,25.062576,25.4177,135542708.0,GWIND
2023-11-20,25.547567,25.9036,25.342918,25.4737,168176864.0,GWIND
2023-11-21,25.726051,25.97836,25.305538,25.7728,172042913.0,GWIND
2023-11-22,26.434381,26.875456,25.9036,26.5017,316191565.0,GWIND
2023-11-23,26.318506,26.66987,25.810154,25.8288,210823873.0,GWIND
2023-11-24,25.696148,26.071806,25.417675,25.4177,128468162.0,GWIND
2023-11-27,26.022278,26.33346,25.436365,25.9036,206125080.0,GWIND
2023-11-28,26.26711,26.763317,25.511122,25.6606,156003860.0,GWIND
2023-11-29,25.95593,26.29608,25.1934,25.3803,125321943.0,GWIND
2023-11-30,25.084068,25.62326,24.539272,24.5393,100755128.0,GWIND
2023-12-01,24.468252,25.043884,24.240238,24.4458,86594575.0,GWIND
2023-12-04,24.298176,24.670097,24.015965,24.2215,84053655.0,GWIND
2023-12-05,24.227158,24.483204,24.053343,24.1094,89041069.0,GWIND
2023-12-06,23.595451,24.18417,22.894598,22.8946,88322272.0,GWIND
2023-12-07,22.981504,23.548729,22.614254,23.5487,89554200.0,GWIND
2023-12-08,23.452478,23.978586,23.025423,23.1002,78394745.0,GWIND
2023-12-11,22.59183,23.231009,22.165709,22.1657,81556476.0,GWIND
2023-12-12,22.346996,22.576876,22.14702,22.1657,93275819.0,GWIND
2023-12-13,21.62932,22.315224,21.175167,21.2312,116179567.0,GWIND
2023-12-14,21.45177,21.791918,21.006962,21.7732,67960681.0,GWIND
2023-12-15,22.135803,22.44605,21.642403,22.4274,81253583.0,GWIND
2023-12-18,21.864807,22.389982,21.249922,21.2499,66397364.0,GWIND
2023-12-19,20.988272,21.436817,20.595795,20.9696,133221471.0,GWIND
2023-12-20,21.156477,21.511576,20.820068,21.007,76399374.0,GWIND
2023-12-21,21.244316,21.791918,20.820068,21.7919,82287428.0,GWIND
2023-12-22,21.214415,22.053572,20.521034,20.7266,96782375.0,GWIND
2023-12-25,20.120146,20.72662,19.68001,19.8108,63817429.0,GWIND
2023-12-26,20.240225,20.709784,19.840578,19.8406,90859089.0,GWIND
2023-12-27,20.0815,20.46414,19.708307,19.7461,132269969.0,GWIND
2023-12-28,20.506653,20.86095,19.840578,20.5586,115198182.0,GWIND
2023-12-29,20.540667,20.785366,20.407454,20.5397,106052242.0,GWIND
2024-01-02,21.28894,21.919115,20.690887,21.768,163861095.0,GWIND
2024-01-03,21.24737,21.730156,20.879847,20.9554,91634101.0,GWIND
2024-01-04,21.11321,21.541199,20.86095,21.2578,86238131.0,GWIND
2024-01-05,21.74244,22.070282,21.21997,22.0136,117818113.0,GWIND
2024-01-08,22.19216,22.561571,21.919115,22.1459,140834890.0,GWIND
2024-01-09,21.784956,22.278135,21.40893,21.6168,78193786.0,GWIND
2024-01-10,21.842587,22.334822,21.503408,22.0703,186593389.0,GWIND
2024-01-11,22.606922,23.015072,22.070282,22.3537,176409899.0,GWIND
2024-01-12,22.193104,22.65605,21.654573,22.3159,112935360.0,GWIND
2024-01-15,22.623928,22.863905,22.334822,22.5238,108244888.0,GWIND
2024-01-16,22.455755,22.78832,22.259237,22.5238,78253136.0,GWIND
2024-01-17,22.71746,22.939487,22.315928,22.5805,114277520.0,GWIND
2024-01-18,22.960272,23.204027,22.731632,22.8261,139807844.0,GWIND
2024-01-19,22.697622,22.901695,22.448196,22.7694,77690262.0,GWIND
2024-01-22,22.784542,22.977278,22.542677,22.6749,84941651.0,GWIND
2024-01-23,22.929094,23.37409,22.410406,22.486,104209257.0,GWIND
2024-01-24,22.887524,23.355194,22.278135,23.1095,149321926.0,GWIND
2024-01-25,23.186079,23.392986,22.939487,23.3174,117169131.0,GWIND
2024-01-26,23.6443,23.959862,23.392986,23.6953,122207799.0,GWIND
2024-01-29,24.140316,24.451149,23.808693,24.0543,179345499.0,GWIND
2024-01-30,24.082682,24.451149,23.714214,24.3756,133623189.0,GWIND
2024-01-31,24.745924,24.999126,24.41336,24.7346,188434557.0,GWIND
2024-02-01,25.410112,25.868334,24.791275,25.4904,223112321.0,GWIND
2024-02-02,25.448849,25.84944,25.112503,25.6227,165188804.0,GWIND
2024-02-05,25.60285,25.98171,25.282566,25.4715,173238088.0,GWIND
2024-02-06,25.598124,25.773857,25.263668,25.6605,164285887.0,GWIND
2024-02-07,26.221687,26.73754,25.49042,26.0384,344756182.0,GWIND
2024-02-08,26.355846,26.624168,26.076189,26.3407,168376031.0,GWIND
2024-02-09,26.203735,26.69975,25.925022,26.1707,132708351.0,GWIND
2024-02-12,26.667625,27.247728,26.189562,26.8509,305074790.0,GWIND
2024-02-13,26.477724,27.153248,25.98171,26.0573,191667898.0,GWIND
2024-02-14,26.035563,26.378521,25.452627,26.3407,164216265.0,GWIND
2024-02-15,26.541023,26.73754,26.340729,26.6053,176556337.0,GWIND
2024-02-16,26.51835,26.73754,26.189562,26.7186,191549098.0,GWIND
2024-02-19,26.510792,26.926498,25.98171,26.1518,202336021.0,GWIND
2024-02-20,26.09225,26.302938,25.773857,26.1329,141810190.0,GWIND
2024-02-21,25.734175,26.246252,25.452627,25.6605,140570853.0,GWIND
2024-02-22,25.931637,26.321835,25.641584,26.114,128177729.0,GWIND
2024-02-23,26.746988,27.209934,25.962814,27.2099,332871966.0,GWIND
2024-02-26,28.185904,28.816078,27.398893,27.3989,546630030.0,GWIND
2024-02-27,27.246782,28.305891,26.491898,26.6431,241670849.0,GWIND
2024-02-28,26.490952,27.115458,26.132875,26.1329,191829416.0,GWIND
2024-02-29,26.19051,26.454103,25.84944,26.3218,140674566.0,GWIND
2024-03-01,26.371906,26.79423,26.189562,26.284,130840032.0,GWIND
2024-03-04,25.908016,26.473,25.358149,25.5093,127212179.0,GWIND
2024-03-05,25.455462,25.830544,24.961338,25.0747,129904269.0,GWIND
2024-03-06,24.604206,25.07471,24.18661,24.1866,111204438.0,GWIND
2024-03-07,24.64483,24.923544,24.18661,24.8858,100059860.0,GWIND
2024-03-08,25.002909,25.49042,24.659004,25.2259,101435369.0,GWIND
2024-03-11,25.349646,25.717167,24.961338,25.1125,120898771.0,GWIND
2024-03-12,24.69585,25.1314,24.31888,24.6212,91642431.0,GWIND
2024-03-13,24.298094,24.81017,24.09213,24.1299,76167868.0,GWIND
2024-03-14,24.484219,24.90465,24.016548,24.5645,101850160.0,GWIND
2024-03-15,24.473825,24.81017,24.129923,24.7535,90510667.0,GWIND
2024-03-18,24.107246,24.847961,23.827589,23.9032,75397290.0,GWIND
2024-03-19,23.916399,24.262192,23.619736,23.7142,94275841.0,GWIND
2024-03-20,23.801134,24.035444,23.619736,23.6575,80170091.0,GWIND
2024-03-21,23.627295,23.940964,23.185133,23.1851,115705298.0,GWIND
2024-03-22,22.225225,22.523779,21.730156,22.0514,223115595.0,GWIND
2024-03-25,23.6084,24.243298,22.013594,23.2607,297122872.0,GWIND
2024-03-26,23.56305,24.41336,22.78832,23.6197,205435442.0,GWIND
2024-03-27,23.376925,23.789799,22.863905,23.6764,107313518.0,GWIND
2024-03-28,23.547932,23.846485,23.37409,23.5253,63397554.0,GWIND
2024-03-29,23.300398,23.884277,22.353718,23.4119,84024828.0,GWIND
2024-04-01,23.49219,24.243298,22.807217,22.9773,123106709.0,GWIND
2024-04-02,22.889412,23.298508,22.485989,23.1473,77989583.0,GWIND
2024-04-03,22.622982,23.071756,22.467093,22.5805,42901354.0,GWIND
2024-04-04,22.600307,22.920591,22.4293,22.4482,49042773.0,GWIND
2024-04-05,23.025463,23.317404,22.485989,23.2229,66971590.0,GWIND
2024-04-08,23.77846,24.016548,23.317404,23.9032,106772614.0,GWIND
2024-04-09,23.87483,24.148819,23.525255,24.0543,38200423.0,GWIND
2024-04-15,24.211172,24.696796,23.37409,24.6023,154287208.0,GWIND
2024-04-16,24.272587,24.583422,23.922068,24.1488,84933597.0,GWIND
2024-04-17,24.325493,24.885756,23.714214,24.111,122708276.0,GWIND
2024-04-18,24.581532,25.03692,24.09213,24.9424,110062411.0,GWIND
2024-04-19,25.525375,26.0195,24.337776,26.0195,278874990.0,GWIND
2024-04-22,26.054459,26.548582,25.566002,25.566,232224662.0,GWIND
2024-04-24,25.284454,25.962814,24.81017,25.0369,117347646.0,GWIND
2024-04-25,26.564646,27.134352,25.887232,26.3596,414632293.0,GWIND
2024-04-26,26.397417,26.983187,25.887232,26.6431,149910845.0,GWIND
2024-04-29,27.824995,28.589329,27.00208,27.6823,283000934.0,GWIND
2024-04-30,26.998304,27.757912,26.529688,26.7753,139057590.0,GWIND
2024-05-02,27.56423,27.90908,26.775333,27.6823,208128480.0,GWIND
2024-05-03,27.588797,27.890184,27.228832,27.8335,160350591.0,GWIND
2024-05-06,27.452745,27.871288,27.209934,27.8524,115819809.0,GWIND
2024-05-07,27.46314,27.890184,26.926498,27.4934,112707400.0,GWIND
2024-05-08,27.499987,27.852392,27.077665,27.4934,111160032.0,GWIND
2024-05-09,27.079556,27.45558,26.718645,27.1721,97633466.0,GWIND
2024-05-10,27.440464,27.77681,26.83202,27.4178,144343263.0,GWIND
2024-05-13,26.96807,27.68233,26.624168,26.6998,110638655.0,GWIND
2024-05-14,26.657234,27.153248,26.189562,26.8131,74127541.0,GWIND
2024-05-15,27.071053,27.474476,26.756437,27.0021,128501648.0,GWIND
2024-05-16,27.442354,28.079142,26.680853,28.0791,237337211.0,GWIND
2024-05-17,27.364882,28.249205,26.83202,27.38,354109350.0,GWIND
2024-05-20,27.241114,27.51227,26.964293,27.2099,185134551.0,GWIND
2024-05-21,27.854282,28.494848,27.077665,27.569,375423519.0,GWIND
2024-05-22,27.539667,28.249205,26.926498,28.2492,278759386.0,GWIND
2024-05-23,28.429659,28.872765,27.77681,28.5326,335060087.0,GWIND
2024-05-24,28.544924,29.005035,28.098038,28.4004,212267765.0,GWIND
2024-05-27,28.76128,29.269577,28.324787,28.6271,215929642.0,GWIND
2024-05-28,28.883156,29.326265,28.343683,29.3263,257302432.0,GWIND
2024-05-29,28.999367,29.779764,28.098038,28.6838,252340942.0,GWIND
2024-05-30,27.79665,28.683807,25.943916,27.021,135750889.0,GWIND
2024-05-31,26.929333,27.32331,26.56748,27.1155,141910047.0,GWIND
2024-06-03,27.414011,28.116934,26.548582,28.0602,154896251.0,GWIND
2024-06-04,27.728626,28.13583,27.41779,27.7768,94007268.0,GWIND
2024-06-05,27.598244,28.62712,27.039875,28.0602,243582998.0,GWIND
2024-06-06,28.117878,28.646015,27.285517,27.5312,148328875.0,GWIND
2024-06-07,27.371496,27.644539,27.077665,27.3044,81459611.0,GWIND
2024-06-10,27.31292,27.625643,26.964293,27.1721,73683438.0,GWIND
2024-06-11,27.192928,27.474476,26.69975,26.6998,86628342.0,GWIND
2024-06-12,26.651566,26.888706,26.359625,26.5108,66048129.0,GWIND
2024-06-13,27.010586,27.41779,26.643063,27.191,63762946.0,GWIND
2024-06-14,27.366772,28.060247,26.83202,27.7957,121854787.0,GWIND
2024-06-20,28.03757,28.40037,27.795706,28.1358,78528967.0,GWIND
2024-06-21,28.363523,28.608225,27.927975,28.5893,107889848.0,GWIND
2024-06-24,27.70973,28.834974,27.172146,27.2288,229664057.0,GWIND
2024-06-25,27.398893,27.965769,26.983187,27.5879,157402168.0,GWIND
2024-06-26,27.631311,27.90908,27.266623,27.5879,79551712.0,GWIND
2024-06-27,27.842001,28.286995,27.51227,28.2303,58087520.0,GWIND
2024-06-28,29.353662,30.025408,28.230309,29.6664,320316833.0,GWIND
2024-07-01,29.748585,30.42222,28.816078,29.0428,334989321.0,GWIND
2024-07-02,29.692842,30.28995,28.664911,30.1199,153508350.0,GWIND
2024-07-03,30.220036,30.61118,29.83645,30.4222,173494943.0,GWIND
2024-07-04,30.374033,31.196947,29.685284,30.5545,163628702.0,GWIND
2024-07-05,30.837925,31.32922,30.138783,30.4222,120415526.0,GWIND
2024-07-08,30.183187,30.81903,29.855347,30.1577,128835001.0,GWIND
2024-07-09,30.883276,31.27253,30.233261,30.8568,182480582.0,GWIND
2024-07-10,30.935242,31.291426,30.55449,30.8001,106830838.0,GWIND
2024-07-11,31.084518,31.32922,30.856823,30.9513,85492913.0,GWIND
2024-07-12,30.400488,31.102467,30.044304,30.2333,94257217.0,GWIND
2024-07-16,30.792578,31.707132,29.817554,31.367,217691194.0,GWIND
2024-07-17,31.373623,32.08505,30.667864,31.6504,152887925.0,GWIND
2024-07-18,32.041588,32.368484,31.57486,31.9717,153243241.0,GWIND
2024-07-19,31.690126,32.12284,31.310322,31.3481,101634426.0,GWIND
2024-07-22,31.512506,31.914986,31.159153,31.8772,114979977.0,GWIND
2024-07-23,31.652334,32.50076,30.403324,30.5734,151204884.0,GWIND
2024-07-24,30.740612,31.367008,30.157679,30.4033,122543862.0,GWIND
2024-07-25,30.585669,30.989094,30.28995,30.5167,76206221.0,GWIND
2024-07-26,31.612654,32.047256,30.516699,31.726,213001091.0,GWIND
2024-07-29,31.492668,32.34959,30.630072,31.6315,155532154.0,GWIND
2024-07-30,31.93955,32.3118,31.423695,32.1984,138233100.0,GWIND
2024-07-31,31.139315,32.17953,29.912035,31.1214,223311091.0,GWIND
2024-08-01,31.461489,31.782717,31.178051,31.3103,83976269.0,GWIND
2024-08-02,30.501583,31.064678,29.949825,30.1955,77787474.0,GWIND
2024-08-05,28.367302,29.156202,27.19104,28.2492,116696243.0,GWIND
2024-08-06,28.896385,29.590805,28.381475,28.3815,66242190.0,GWIND
2024-08-07,28.856703,29.571909,28.041351,29.1751,107963167.0,GWIND
2024-08-08,29.23651,29.760866,28.683807,29.6664,90178602.0,GWIND
2024-08-09,29.322483,30.176577,28.7216,28.7216,65799977.0,GWIND
2024-08-12,29.329098,29.704182,28.7216,29.3074,101809034.0,GWIND
2024-08-13,28.967245,29.47743,28.475952,29.194,93529246.0,GWIND
2024-08-14,28.773561,29.382952,28.286995,28.5326,105081263.0,GWIND
2024-08-15,29.351772,30.195469,28.249205,29.9309,138786958.0,GWIND
2024-08-16,30.152956,30.516699,29.83645,30.2899,91576020.0,GWIND
2024-08-19,29.769371,30.781242,29.231785,29.8742,130309090.0,GWIND
2024-08-20,29.508608,29.96872,29.231785,29.3263,64972584.0,GWIND
2024-08-21,29.209112,29.571909,28.75939,29.4018,105651908.0,GWIND
2024-08-22,29.495382,29.817554,29.25068,29.2885,60227439.0,GWIND
2024-08-23,28.78868,29.420742,28.154724,28.1547,61313592.0,GWIND
2024-08-26,28.182125,28.986141,27.436687,27.4367,81520312.0,GWIND
2024-08-27,27.643946,28.009369,27.212433,27.4846,58351460.0,GWIND
2024-08-28,28.570139,29.350554,27.581745,28.0094,105860881.0,GWIND
2024-08-29,28.31648,28.903492,27.83443,28.9035,61819928.0,GWIND
2024-09-02,29.24948,30.030865,28.534182,29.4477,101632359.0,GWIND
2024-09-03,29.542011,29.953114,29.136742,29.6616,78335558.0,GWIND
2024-09-04,29.500221,30.011425,29.039553,29.5061,76276692.0,GWIND
2024-09-05,29.423443,29.739304,29.05899,29.4477,77677812.0,GWIND
2024-09-06,29.536182,29.875364,29.21449,29.3117,123666982.0,GWIND
2024-09-09,28.862673,29.544928,28.417555,28.5536,52654434.0,GWIND
2024-09-10,28.143488,28.709118,27.69837,27.6984,58630575.0,GWIND
2024-09-11,26.52046,28.028807,25.754625,25.7546,90371596.0,GWIND
2024-09-12,25.484444,26.39606,24.666126,25.4048,72364758.0,GWIND
2024-09-13,25.546642,25.7935,25.24925,25.6769,58654372.0,GWIND
2024-09-16,25.850842,26.00731,25.56025,25.638,47314598.0,GWIND
2024-09-17,26.216265,26.70706,25.4825,26.1239,82702522.0,GWIND
2024-09-18,26.324142,26.648748,26.046186,26.1045,48659116.0,GWIND
2024-09-19,26.202658,26.493248,25.949,26.2406,90943099.0,GWIND
2024-09-20,26.523376,26.862558,26.1045,26.6099,94060321.0,GWIND
2024-09-23,26.470894,26.94031,26.143373,26.1822,67314604.0,GWIND
2024-09-24,26.045214,26.47381,25.71575,25.7352,52597947.0,GWIND
2024-09-25,25.520405,26.123936,25.016,25.5602,55982913.0,GWIND
2024-09-26,25.435852,25.735188,25.132627,25.1326,51170145.0,GWIND
2024-09-27,25.030579,25.385313,24.821629,24.8216,27385607.0,GWIND
2024-09-30,24.484388,25.074312,24.044128,24.1219,40831098.0,GWIND
2024-10-01,23.610674,24.180191,22.916756,23.461,39814734.0,GWIND
2024-10-02,23.140287,23.538754,22.528008,22.528,43287348.0,GWIND
2024-10-03,22.48719,22.858444,21.847696,21.9643,66120192.0,GWIND
2024-10-04,22.494965,23.18888,21.847696,22.9751,85830115.0,GWIND
2024-10-07,23.33369,23.519318,23.033382,23.3833,32341049.0,GWIND
2024-10-08,22.84581,23.597069,22.469696,22.5863,52717078.0,GWIND
2024-10-09,22.683508,22.936193,22.391947,22.9362,27123805.0,GWIND
2024-10-10,23.253025,23.558193,22.877882,22.9362,32479846.0,GWIND
2024-10-11,23.097527,23.344381,22.702946,23.1111,44166857.0,GWIND
2024-10-14,22.90218,23.344381,22.489132,22.7807,41539536.0,GWIND
2024-10-15,22.823456,23.072256,22.353071,22.8779,45676051.0,GWIND
2024-10-16,23.700085,24.296816,22.819569,24.2968,160046062.0,GWIND
2024-10-17,23.951801,24.277378,23.772003,24.2774,45340845.0,GWIND
2024-10-18,23.59901,24.491192,22.839006,22.839,40733137.0,GWIND
2024-10-21,22.730158,23.169443,22.27532,22.2753,38684784.0,GWIND
2024-10-22,22.97021,23.577631,22.255882,23.2861,86571934.0,GWIND
2024-10-23,23.329802,23.908068,22.644632,22.8779,56599436.0,GWIND
2024-10-24,23.393946,23.635942,23.111132,23.4999,44043449.0,GWIND
2024-10-25,23.568882,23.772003,23.42213,23.5582,28282350.0,GWIND
2024-10-28,23.728271,23.88863,23.538754,23.7137,16004911.0,GWIND
2024-10-30,23.849754,24.277378,23.597069,23.9858,46019255.0,GWIND
2024-10-31,24.265717,24.64669,23.96638,24.1413,50162715.0,GWIND
2024-11-01,24.45426,24.918814,23.674818,24.394,54917634.0,GWIND
2024-11-04,23.629139,24.782751,23.286068,23.4416,28706538.0,GWIND
2024-11-05,23.387142,23.96638,23.052818,23.461,25221555.0,GWIND
2024-11-06,23.106272,23.694254,22.644632,22.8779,137881152.0,GWIND
2024-11-07,22.87691,23.169443,22.605757,22.7418,59301468.0,GWIND
2024-11-08,22.926476,23.36382,22.66407,23.3249,111699406.0,GWIND
2024-11-11,23.688423,23.927505,23.519318,23.6165,82294992.0,GWIND
2024-11-12,23.706888,23.908068,23.344381,23.6748,60577734.0,GWIND
2024-11-13,23.390059,23.752567,23.208317,23.3249,51854805.0,GWIND
2024-11-14,23.694254,23.869192,23.324944,23.7137,49479669.0,GWIND
2024-11-15,24.378452,24.685564,23.88863,24.1608,76986849.0,GWIND
2024-11-18,24.1695,24.510628,23.772003,23.8886,101715135.0,GWIND
2024-11-19,23.703972,24.219067,23.247192,23.9081,87443325.0,GWIND
2024-11-20,23.757425,24.10244,23.169443,23.1694,42230258.0,GWIND
2024-11-21,23.461977,23.713692,23.150005,23.4999,35032788.0,GWIND
2024-11-22,23.813795,24.02469,23.42213,24.0053,51153604.0,GWIND
2024-11-25,24.30362,24.782751,24.044128,24.2968,49439878.0,GWIND
2024-11-26,24.453287,24.821629,24.199629,24.2968,66317778.0,GWIND
2024-11-27,24.255026,24.64669,24.005255,24.0053,45471407.0,GWIND
2024-11-28,25.172472,26.046186,24.044128,24.8022,189460528.0,GWIND
2024-11-29,24.536867,25.016,24.02469,24.4718,139504092.0,GWIND
2024-12-02,25.304647,26.143373,24.41344,25.3853,219346403.0,GWIND
2024-12-03,26.283323,26.823685,25.365875,26.1628,176874597.0,GWIND
2024-12-04,25.983986,26.493248,25.676874,26.3961,77493165.0,GWIND
2024-12-05,26.593351,26.901434,26.201685,26.5516,85683659.0,GWIND
2024-12-06,26.635141,26.881996,26.434937,26.6293,69475453.0,GWIND
2024-12-09,27.108442,27.484558,26.687622,27.3485,100715339.0,GWIND
2024-12-10,27.284351,27.795557,26.765373,27.4068,148622088.0,GWIND
2024-12-11,27.992847,28.475866,27.251308,27.7956,171250164.0,GWIND
2024-12-12,28.797558,29.29224,27.795557,28.8452,214886340.0,GWIND
2024-12-13,28.955975,29.506054,28.048244,29.4283,149372690.0,GWIND
2024-12-16,29.524519,29.875364,29.175617,29.4866,102643388.0,GWIND
2024-12-17,30.450714,31.235985,29.253366,30.5945,248264304.0,GWIND
2024-12-18,30.787954,31.2943,30.264112,30.5945,179474019.0,GWIND
2024-12-19,30.606213,31.488674,29.253366,29.8559,128617639.0,GWIND
2024-12-20,29.192139,30.108614,28.747992,28.8646,87912304.0,GWIND
2024-12-23,29.139656,29.758741,28.61193,29.2534,144690045.0,GWIND
2024-12-24,28.973467,29.408867,28.514744,28.9618,54543662.0,GWIND
2024-12-25,29.241703,29.68099,28.786867,29.059,64986476.0,GWIND
2024-12-26,29.28155,29.642115,28.92293,29.5449,73205417.0,GWIND
2024-12-27,30.15818,30.613987,29.564365,30.2252,114566968.0,GWIND
2024-12-30,31.002737,32.402233,29.739304,32.4022,195600912.0,GWIND
2024-12-31,32.139828,33.374107,30.108614,32.8687,475968716.0,GWIND
2025-01-02,31.60141,32.868732,30.5168,31.2165,144790988.0,GWIND
2025-01-03,30.888056,31.702484,30.38074,30.4002,77561546.0,GWIND
2025-01-06,30.424473,30.9833,29.894802,30.4391,80457911.0,GWIND
2025-01-07,30.24662,31.372047,29.758741,30.0309,76397186.0,GWIND
2025-01-08,29.75388,30.186363,29.253366,29.2534,58333908.0,GWIND
2025-01-09,29.46815,29.83649,29.136742,29.5449,71653111.0,GWIND
2025-01-10,29.746105,30.361301,29.331116,29.9726,68471876.0,GWIND
2025-01-13,29.697512,30.555676,29.136742,29.1951,110533100.0,GWIND
2025-01-14,29.411781,29.719866,29.136742,29.1367,32402181.0,GWIND
2025-01-15,29.267944,29.894802,28.825743,29.1562,54327600.0,GWIND
2025-01-16,29.2592,29.486616,29.05899,29.37,41774724.0,GWIND
2025-01-17,29.546871,29.739304,29.253366,29.7393,45704635.0,GWIND
2025-01-20,29.911324,30.166927,29.486616,29.6616,52853669.0,GWIND
2025-01-21,29.744162,30.06974,29.350554,30.0309,53317309.0,GWIND
2025-01-22,30.212605,31.041613,29.91424,30.5168,51158108.0,GWIND
2025-01-23,31.496449,32.28561,30.264112,31.6636,130071747.0,GWIND
2025-01-24,30.922071,31.799673,30.06974,30.4196,96267821.0,GWIND
2025-01-27,29.713062,30.419613,29.21449,29.2728,62397256.0,GWIND
2025-01-28,29.672243,30.341864,29.097866,29.7393,148283180.0,GWIND
2025-01-29,29.118277,30.302988,28.514744,29.4672,106364849.0,GWIND
2025-01-30,28.811165,29.408867,28.262056,28.3398,96555870.0,GWIND
2025-01-31,27.764458,28.573055,27.309622,27.6401,84650229.0,GWIND
2025-02-03,27.347525,28.164867,26.70706,27.504,121534679.0,GWIND
2025-02-04,27.244507,28.359243,26.862558,27.4068,131934955.0,GWIND
2025-02-05,27.020002,27.69837,26.726498,26.8431,72397975.0,GWIND
2025-02-06,27.139542,27.367933,26.881996,27.3679,30563112.0,GWIND
2025-02-07,27.452486,27.678932,27.192995,27.5623,28382461.0,GWIND
2025-02-10,27.591463,27.873308,27.367933,27.504,34726661.0,GWIND
2025-02-11,27.355299,27.601183,27.154121,27.3485,25180677.0,GWIND
2025-02-12,26.98793,27.445683,26.804247,26.8431,23753997.0,GWIND
2025-02-13,27.287268,27.83443,26.804247,27.8344,47628937.0,GWIND
2025-02-14,27.689623,28.184307,27.192995,28.1843,60937978.0,GWIND
2025-02-17,27.810135,28.300932,27.46512,27.7567,60123160.0,GWIND
2025-02-18,27.648804,28.45643,27.270746,27.9899,60005274.0,GWIND
2025-02-19,27.971466,28.475866,27.406809,27.7567,63456189.0,GWIND
2025-02-20,27.69837,28.009369,27.503994,27.6206,46915577.0,GWIND
2025-02-21,26.924759,27.678932,26.33775,26.571,53772695.0,GWIND
2025-02-24,26.497135,26.862558,25.929562,25.9296,50426980.0,GWIND
2025-02-25,25.665213,26.143373,25.346437,25.4242,52522828.0,GWIND
2025-02-26,25.484444,25.774063,25.054876,25.5214,36821610.0,GWIND
2025-02-27,26.097696,26.60987,25.210377,26.6099,41149666.0,GWIND
2025-02-28,26.521431,26.843122,26.162811,26.5516,18302085.0,GWIND
2025-03-03,26.664299,27.018059,26.434937,26.8237,35813270.0,GWIND
2025-03-04,26.770231,26.94031,26.570997,26.882,16797184.0,GWIND
2025-03-05,27.235758,27.659494,26.998623,27.193,45717556.0,GWIND
2025-03-06,27.821798,28.223183,27.192995,28.1843,47879720.0,GWIND
2025-03-07,28.01034,28.339806,27.756681,27.9899,39874782.0,GWIND
2025-03-10,27.73433,28.184307,27.23187,27.4068,45894515.0,GWIND
2025-03-11,27.484558,27.795557,27.134684,27.1347,41755951.0,GWIND
2025-03-12,27.373764,27.756681,26.979185,27.5623,81748541.0,GWIND
2025-03-13,27.731415,27.989931,27.503994,27.6206,77302386.0,GWIND
2025-03-14,27.81208,28.009369,27.69837,27.7372,73787841.0,GWIND
2025-03-17,28.297043,29.020117,27.737246,28.2815,158951644.0,GWIND
2025-03-18,28.158066,28.553617,27.737246,27.9511,72571631.0,GWIND
2025-03-19,25.711863,26.629309,25.171501,25.1715,91873660.0,GWIND
2025-03-20,25.330887,26.357187,24.432877,24.7828,99809496.0,GWIND
2025-03-21,23.164583,24.821629,22.450258,23.5193,69351344.0,GWIND
2025-03-24,23.070312,24.199629,22.333633,23.1889,84710674.0,GWIND
2025-03-25,23.91001,24.41344,23.286068,24.3163,62130807.0,GWIND
2025-03-26,24.422188,24.841064,23.558193,24.2968,61006194.0,GWIND
2025-03-27,24.420244,24.80219,23.985817,24.1608,27042220.0,GWIND
2025-03-28,24.191854,24.72444,23.849754,24.7244,24539672.0,GWIND
2025-04-02,24.765259,24.95769,24.452314,24.5689,31851795.0,GWIND
2025-04-03,24.918814,25.501938,24.452314,24.4523,47914315.0,GWIND
2025-04-04,24.358044,24.627253,24.083004,24.1024,21358483.0,GWIND
2025-04-07,24.65641,25.851812,22.74182,24.8022,127300583.0,GWIND
2025-04-08,25.026691,25.288126,24.782751,24.8605,48444462.0,GWIND
2025-04-09,25.742964,26.512686,25.152063,25.1715,150747000.0,GWIND
2025-04-10,25.724497,26.279436,25.268688,25.5797,73742761.0,GWIND
2025-04-11,25.765314,26.162811,25.327,25.8324,56972326.0,GWIND
2025-04-14,26.29693,26.78481,25.929562,26.5516,49085781.0,GWIND
2025-04-15,26.650692,27.095808,26.357187,26.4544,61767542.0,GWIND
2025-04-16,26.1045,26.512686,25.676874,26.1628,40406092.0,GWIND
2025-04-17,26.243477,26.668186,25.7935,26.1434,37950968.0,GWIND
2025-04-18,26.168642,26.532122,25.851812,25.9684,26962974.0,GWIND
2025-04-21,26.242506,26.959747,24.685564,26.2017,60352136.0,GWIND
2025-04-22,26.09964,26.532122,25.696312,25.8129,67216491.0,GWIND
2025-04-24,25.590378,26.298872,25.327,25.327,59944206.0,GWIND
2025-04-25,25.554419,26.123936,25.054876,25.1521,50523119.0,GWIND
2025-04-28,24.540754,25.307564,24.02469,24.2774,106203409.0,GWIND
2025-04-29,23.658297,24.41344,23.208317,23.7331,82524474.0,GWIND
2025-04-30,23.028522,23.73313,22.74182,22.8584,44580639.0,GWIND
2025-05-02,23.247192,23.772003,22.683508,23.15,53093674.0,GWIND
2025-05-05,22.966322,23.383255,22.761257,22.7613,53672931.0,GWIND
2025-05-06,22.724325,23.42213,22.13926,23.1111,93434930.0,GWIND
2025-05-07,23.178192,23.694254,22.74182,22.9556,57729224.0,GWIND
2025-05-08,23.176247,23.830317,22.955633,23.1694,49336160.0,GWIND
2025-05-09,23.316195,23.538754,22.994507,23.4027,50850423.0,GWIND
2025-05-12,23.531952,23.927505,22.605757,23.6359,95330274.0,GWIND
2025-05-13,23.621365,23.830317,23.305506,23.6748,56957103.0,GWIND
2025-05-14,23.836147,24.296816,23.616505,24.0053,67803032.0,GWIND
2025-05-15,23.595123,24.316254,23.266632,23.2666,81698745.0,GWIND
2025-05-16,23.413383,23.558193,23.286068,23.3638,52387683.0,GWIND
2025-05-20,22.952717,23.558193,22.43082,22.7807,110312389.0,GWIND
2025-05-21,22.081919,23.013945,21.36176,22.1587,237303686.0,GWIND
2025-05-22,22.049847,22.43082,21.769947,22.1587,67642993.0,GWIND
2025-05-23,22.131483,22.43082,21.769947,21.8283,58510954.0,GWIND
2025-05-26,22.042072,22.255882,21.847696,22.0032,46744154.0,GWIND
2025-05-27,22.057621,22.43082,21.692196,22.0421,73608047.0,GWIND
2025-05-28,21.86519,22.236444,21.478386,21.4784,39141450.0,GWIND
2025-05-29,21.693169,21.867134,21.536697,21.8283,32280462.0,GWIND
2025-05-30,21.920588,22.411383,21.478386,22.2753,92601553.0,GWIND
2025-06-02,22.141201,22.625195,21.672758,21.6922,57706055.0,GWIND
2025-06-03,22.04693,22.294758,21.808823,22.1587,64651057.0,GWIND
2025-06-04,22.43082,22.605757,22.158695,22.5863,28321962.0,GWIND
2025-06-05,22.576601,22.702946,22.469696,22.6252,11035222.0,GWIND
2025-06-10,22.641718,22.858444,22.489132,22.5669,49461447.0,GWIND
2025-06-11,22.596039,22.761257,22.411383,22.6252,46091243.0,GWIND
2025-06-12,22.265602,22.586319,21.400635,22.4891,44004565.0,GWIND
2025-06-13,21.409382,22.236444,20.953573,21.5367,67311644.0,GWIND
2025-06-16,21.676647,22.080946,21.28401,21.8477,57811776.0,GWIND
2025-06-17,21.71455,22.06151,21.51726,21.5173,35945314.0,GWIND
2025-06-18,21.24222,21.497824,21.089636,21.0896,20701869.0,GWIND
2025-06-19,20.84278,21.28401,20.05945,20.5648,36144207.0,GWIND
2025-06-20,20.837921,21.070198,20.662012,20.9536,104107929.0,GWIND
2025-06-23,20.631884,20.856386,20.409325,20.7786,19428040.0,GWIND
2025-06-24,21.503653,21.867134,21.322886,21.6533,43398077.0,GWIND
2025-06-25,21.567797,21.867134,21.28401,21.284,34946639.0,GWIND
2025-06-26,21.496851,21.769947,21.264572,21.3423,25767403.0,GWIND
2025-06-27,21.246107,21.458948,20.973011,21.284,21462078.0,GWIND
2025-06-30,21.738848,21.983759,21.28401,21.9838,120440266.0,GWIND
2025-07-01,22.459003,22.839006,21.769947,22.5669,92525973.0,GWIND
2025-07-02,23.124739,23.49988,22.683508,23.4027,82302949.0,GWIND
2025-07-03,24.191854,24.64669,23.635942,24.1413,106372851.0,GWIND
2025-07-04,23.885714,24.549503,23.674818,23.7526,35026465.0,GWIND
2025-07-07,23.521261,24.005255,22.994507,23.9081,107954558.0,GWIND
2025-07-08,23.54167,24.277378,22.74182,23.1306,49417874.0,GWIND
2025-07-09,23.457117,23.985817,23.130568,23.5971,42997215.0,GWIND
2025-07-10,24.498966,25.035439,23.635942,24.3163,112506177.0,GWIND
2025-07-11,24.16367,24.627253,23.810879,23.9081,58561133.0,GWIND
2025-07-14,23.872107,24.121878,23.519318,23.7137,34961899.0,GWIND
2025-07-16,24.217121,24.510628,23.713692,24.3357,96720458.0,GWIND
2025-07-17,24.670015,24.996563,24.374565,24.6273,65641098.0,GWIND
2025-07-18,24.484388,24.705002,24.238504,24.4912,39785481.0,GWIND
2025-07-21,24.815796,25.152063,24.491192,25.0549,56385019.0,GWIND
2025-07-22,24.855642,25.190939,24.491192,24.9966,64537959.0,GWIND
2025-07-23,24.912983,25.152063,24.705002,24.705,33823210.0,GWIND
2025-07-24,24.754568,25.016,24.549503,24.5884,68056457.0,GWIND
2025-07-25,24.41344,24.72444,24.180191,24.2774,42976831.0,GWIND
2025-07-28,24.380398,24.568941,24.180191,24.2968,30010171.0,GWIND
2025-07-29,24.307507,24.72444,24.083004,24.2191,39199882.0,GWIND
2025-07-30,24.463005,24.72444,24.199629,24.2968,55051138.0,GWIND
2025-07-31,24.903265,25.365875,24.335691,25.2493,90098646.0,GWIND
2025-08-01,25.788641,26.24056,25.152063,26.0656,91647593.0,GWIND
2025-08-04,26.49908,26.823685,26.123936,26.2211,71850574.0,GWIND
2025-08-05,26.381483,26.668186,26.221123,26.2989,64279447.0,GWIND
2025-08-06,26.150177,26.454372,25.890686,26.1045,55326665.0,GWIND
2025-08-07,26.228899,26.434937,25.929562,26.1434,38045724.0,GWIND
2025-08-08,27.041384,27.77612,26.376623,27.5429,173286021.0,GWIND
2025-08-11,26.964607,27.601183,26.629309,26.882,109445300.0,GWIND
2025-08-12,26.064651,26.920872,25.618563,25.8129,117877300.0,GWIND
2025-08-13,25.885828,26.279436,25.599125,25.7546,59074019.0,GWIND
2025-08-14,25.962606,26.39606,25.599125,26.0268,60731150.0,GWIND
2025-08-15,26.04813,26.24056,25.851812,26.0073,48062777.0,GWIND
2025-08-18,25.930532,26.33775,25.599125,25.8129,74630733.0,GWIND
2025-08-19,26.32317,26.60987,25.812937,26.3961,69178229.0,GWIND
2025-08-20,26.527264,26.804247,26.31831,26.4932,71324858.0,GWIND
2025-08-21,26.714836,27.037497,26.493248,26.8431,63271250.0,GWIND
2025-08-22,27.032639,27.367933,26.570997,27.0764,99031240.0,GWIND
2025-08-25,27.544813,27.795557,27.134684,27.6789,101039541.0,GWIND
2025-08-26,27.26783,27.69837,26.55156,27.3096,60603177.0,GWIND
2025-08-27,26.802303,27.367933,26.454372,26.6876,60450391.0,GWIND
2025-08-28,26.300817,26.979185,25.929562,26.0462,75464398.0,GWIND
2025-08-29,25.817797,26.221123,25.521376,25.949,53192382.0,GWIND
2025-09-01,25.831404,26.1045,25.618563,25.7546,66959391.0,GWIND
2025-09-02,24.88091,25.832375,23.908068,24.6273,113504821.0,GWIND
2025-09-03,24.138401,24.72444,23.674818,23.9081,123414140.0,GWIND
2025-09-04,23.997478,24.141315,23.869192,23.9858,66833578.0,GWIND
2025-09-05,23.628168,24.180191,23.344381,23.4027,98966575.0,GWIND
2025-09-08,22.719467,23.091694,22.294758,22.2948,115362577.0,GWIND
2025-09-09,22.535782,22.994507,22.255882,22.528,117450098.0,GWIND
2025-09-10,22.47261,22.858444,22.314194,22.3336,57388120.0,GWIND
2025-09-11,22.370564,22.702946,21.886572,21.8866,88996072.0,GWIND
2025-09-12,21.688309,22.06151,21.381197,21.6728,87392709.0,GWIND
2025-09-15,22.302532,23.033382,21.031322,23.0334,125247974.0,GWIND
2025-09-16,23.237474,23.519318,22.916756,23.4221,83237892.0,GWIND
2025-09-17,23.599983,24.063566,23.266632,23.6748,79981800.0,GWIND
2025-09-18,24.154922,24.510628,23.810879,23.9275,151457427.0,GWIND
2025-09-19,23.738962,24.355127,23.091694,23.9664,157014107.0,GWIND
2025-09-22,24.343466,24.627253,24.180191,24.3163,86957779.0,GWIND
2025-09-23,23.976097,24.219067,23.752567,23.8498,61090900.0,GWIND
2025-09-24,24.580603,25.4825,23.461004,25.4436,234393994.0,GWIND
2025-09-25,25.505825,26.493248,24.296816,24.9771,326527893.0,GWIND
2025-09-26,25.171501,25.910124,24.568941,24.8216,178324261.0,GWIND
2025-09-29,23.698143,24.335691,23.091694,23.5971,259988519.0,GWIND
2025-09-30,23.408525,23.73313,23.013945,23.6554,322159473.0,GWIND
2025-10-01,23.658297,23.985817,23.305506,23.8303,99982879.0,GWIND
2025-10-02,23.274406,23.946941,22.994507,23.1306,118907090.0,GWIND
2025-10-03,22.995478,23.266632,22.858444,22.8973,71757705.0,GWIND
2025-10-06,22.969238,23.111132,22.819569,22.8196,55700236.0,GWIND
2025-10-07,22.985758,23.208317,22.625195,23.1694,55692794.0,GWIND
2025-10-08,24.2006,24.918814,23.130568,23.9275,215906815.0,GWIND
2025-10-09,24.105356,24.491192,23.73313,23.7914,105542752.0,GWIND
2025-10-10,24.354156,24.530066,24.355127,24.4134,123385213.0,GWIND
2025-10-13,24.107302,24.666126,23.42213,23.4221,164307374.0,GWIND
2025-10-14,23.21512,23.694254,22.80013,22.8001,63384322.0,GWIND
2025-10-15,23.070312,23.324944,22.66407,23.1111,134474599.0,GWIND
2025-10-16,23.309393,23.674818,22.936193,22.9556,53832463.0,GWIND
2025-10-17,23.194712,23.713692,22.605757,23.4416,92806785.0,GWIND
2025-10-20,23.290928,23.791441,23.072256,23.2861,96113703.0,GWIND
2025-10-21,23.558193,23.946941,23.150005,23.6165,134787109.0,GWIND
2025-10-22,23.844894,24.335691,23.49988,23.6943,112278219.0,GWIND
2025-10-23,23.772976,24.005255,23.519318,23.5582,93785431.0,GWIND
2025-10-24,24.296816,24.72444,23.616505,24.6467,139609938.0,GWIND
2025-10-27,24.393032,24.821629,24.10244,24.1413,87231271.0,GWIND
2025-10-28,24.391087,24.685564,24.005255,24.3551,61511301.0,GWIND
2025-10-30,24.359987,24.530066,24.180191,24.2579,62957616.0,GWIND
2025-10-31,24.497993,24.80219,23.985817,24.8022,96235767.0,GWIND
2025-11-03,25.192883,25.637999,24.899378,25.1326,95315279.0,GWIND
2025-11-04,24.946026,25.307564,24.666126,25.0938,70810135.0,GWIND
2025-11-05,24.669043,25.385313,24.471752,24.4718,142946347.0,GWIND
2025-11-06,24.399836,24.607815,24.277378,24.3746,72306399.0,GWIND
2025-11-07,24.077173,24.471752,23.810879,23.8886,80111866.0,GWIND
2025-11-10,24.32986,24.80219,23.674818,24.5106,135182635.0,GWIND
2025-11-11,23.817682,24.743876,23.208317,23.5193,105740421.0,GWIND
2025-11-12,23.531952,23.908068,23.324944,23.3249,50996613.0,GWIND
2025-11-13,23.227755,23.577631,23.013945,23.1111,86178019.0,GWIND
2025-11-14,22.908981,23.150005,22.74182,22.8196,35978469.0,GWIND
2025-11-17,23.169443,23.42213,22.955633,23.1306,63648652.0,GWIND
2025-11-18,23.078087,23.383255,22.858444,22.9362,57889697.0,GWIND
2025-11-19,23.02269,23.247192,22.819569,22.8779,86258945.0,GWIND
2025-11-20,22.87691,23.18888,22.605757,22.7613,64011427.0,GWIND
2025-11-21,22.484274,22.897318,22.236444,22.4114,77157976.0,GWIND
2025-11-24,22.258799,22.489132,22.100384,22.1781,69894559.0,GWIND
2025-11-25,22.221867,22.547445,22.022635,22.1393,85373073.0,GWIND
2025-11-26,22.437,22.74,22.22,22.28,85167714.0,GWIND
>>>>>>> f253addf5f28e99f0d3a026638901b029d9ebe09
