symbol,tarih,sentiment,volatility,is_related_party,currency_impact,category
ZOREN,08.02.2022 19:54:51,0,0,0,0,GENEL_BILGI
ZOREN,09.02.2022 14:03:25,0,2,0,0,FINANSAL_RAPOR
ZOREN,09.02.2022 17:22:40,0,0,1,0,YATIRIM_SOZLESME
ZOREN,10.02.2022 17:32:32,0,1,0,0,GENEL_BILGI
ZOREN,11.02.2022 13:46:40,0,2,0,0,YATIRIM_SOZLESME
ZOREN,11.02.2022 17:05:08,0,2,1,0,YATIRIM_SOZLESME
ZOREN,14.02.2022 14:54:53,0,5,0,2,GENEL_BILGI
ZOREN,15.02.2022 17:57:36,0,0,0,0,GENEL_BILGI
ZOREN,16.02.2022 15:06:09,0,0,0,0,GENEL_BILGI
ZOREN,16.02.2022 16:42:23,0,5,0,0,GENEL_BILGI
ZOREN,16.02.2022 17:42:01,0,0,1,0,FINANSAL_RAPOR
ZOREN,17.02.2022 14:24:50,0,5,0,0,GENEL_BILGI
ZOREN,17.02.2022 17:23:59,0,1,0,0,GENEL_BILGI
ZOREN,17.02.2022 19:48:39,0,0,0,0,YATIRIM_SOZLESME
ZOREN,21.02.2022 14:54:48,0,0,0,0,YATIRIM_SOZLESME
ZOREN,21.02.2022 18:07:04,0,1,0,0,GENEL_BILGI
ZOREN,24.02.2022 15:27:00,0,0,0,0,GENEL_BILGI
ZOREN,24.02.2022 16:56:26,0,2,0,0,YATIRIM_SOZLESME
ZOREN,24.02.2022 16:56:44,0,2,0,0,YATIRIM_SOZLESME
ZOREN,24.02.2022 17:39:23,0,0,0,0,GENEL_BILGI
ZOREN,24.02.2022 17:51:28,0,2,0,0,YATIRIM_SOZLESME
ZOREN,02.03.2022 17:12:28,0,0,0,0,GENEL_BILGI
ZOREN,03.03.2022 15:39:03,0,0,0,0,GENEL_BILGI
ZOREN,03.03.2022 17:31:56,0,2,0,0,YATIRIM_SOZLESME
ZOREN,03.03.2022 18:05:03,0,2,1,0,YATIRIM_SOZLESME
ZOREN,04.03.2022 08:54:53,0,5,0,2,YATIRIM_SOZLESME
ZOREN,04.03.2022 18:18:42,0,5,0,2,YATIRIM_SOZLESME
ZOREN,07.03.2022 17:01:41,30,2,0,0,YATIRIM_SOZLESME
ZOREN,07.03.2022 21:57:59,0,5,0,0,GENEL_BILGI
ZOREN,07.03.2022 21:59:04,0,0,0,0,GENEL_BILGI
ZOREN,10.03.2022 17:29:36,-20,2,0,0,GENEL_BILGI
ZOREN,10.03.2022 17:53:49,0,0,0,0,GENEL_BILGI
ZOREN,10.03.2022 18:26:49,0,1,0,0,YATIRIM_SOZLESME
ZOREN,10.03.2022 19:15:47,0,2,0,0,FINANSAL_RAPOR
ZOREN,10.03.2022 19:18:49,0,0,0,0,GENEL_BILGI
ZOREN,11.03.2022 01:00:23,0,0,0,0,GENEL_BILGI
ZOREN,11.03.2022 01:02:06,0,0,0,0,GENEL_BILGI
ZOREN,11.03.2022 17:13:23,0,2,0,0,FINANSAL_RAPOR
ZOREN,14.03.2022 15:06:38,0,2,0,0,YATIRIM_SOZLESME
ZOREN,14.03.2022 17:05:25,0,0,0,0,GENEL_BILGI
ZOREN,18.03.2022 15:14:23,40,5,0,0,GENEL_BILGI
ZOREN,22.03.2022 17:11:22,0,0,0,0,GENEL_BILGI
ZOREN,23.03.2022 11:39:00,0,0,0,0,GENEL_BILGI
ZOREN,23.03.2022 17:55:52,0,0,0,0,GENEL_BILGI
ZOREN,25.03.2022 17:47:55,0,0,0,0,GENEL_BILGI
ZOREN,28.03.2022 15:33:32,0,0,0,0,GENEL_BILGI
ZOREN,28.03.2022 17:01:12,0,0,0,0,GENEL_BILGI
ZOREN,05.04.2022 17:09:52,0,0,0,0,GENEL_BILGI
ZOREN,05.04.2022 19:26:51,0,0,0,0,GENEL_BILGI
ZOREN,05.04.2022 20:03:11,-20,2,0,0,FINANSAL_RAPOR
ZOREN,05.04.2022 20:15:54,0,0,0,0,GENEL_BILGI
ZOREN,06.04.2022 13:59:27,0,0,0,0,GENEL_BILGI
ZOREN,06.04.2022 16:37:45,0,1,1,0,FINANSAL_RAPOR
ZOREN,07.04.2022 15:53:28,0,1,0,2,SERMAYE_TEMETTU
ZOREN,07.04.2022 15:55:34,0,2,0,0,YATIRIM_SOZLESME
ZOREN,07.04.2022 16:55:56,0,0,1,0,YATIRIM_SOZLESME
ZOREN,07.04.2022 17:42:45,0,2,0,0,FINANSAL_RAPOR
ZOREN,07.04.2022 17:42:54,0,2,0,0,YATIRIM_SOZLESME
ZOREN,07.04.2022 17:51:57,0,2,0,0,YATIRIM_SOZLESME
ZOREN,08.04.2022 14:20:07,-20,2,1,0,FINANSAL_RAPOR
ZOREN,13.04.2022 17:37:13,0,0,0,0,GENEL_BILGI
ZOREN,14.04.2022 13:39:53,0,1,0,0,FINANSAL_RAPOR
ZOREN,14.04.2022 16:56:01,0,1,0,0,SERMAYE_TEMETTU
ZOREN,14.04.2022 16:58:57,0,1,0,0,SERMAYE_TEMETTU
ZOREN,14.04.2022 16:58:23,0,2,1,0,YATIRIM_SOZLESME
ZOREN,14.04.2022 18:14:01,0,1,0,0,SERMAYE_TEMETTU
ZOREN,14.04.2022 18:14:19,0,1,0,0,YATIRIM_SOZLESME
ZOREN,15.04.2022 15:40:46,0,0,0,0,GENEL_BILGI
ZOREN,19.04.2022 16:30:19,0,5,0,0,GENEL_BILGI
ZOREN,22.04.2022 17:37:21,-40,5,1,0,GENEL_BILGI
ZOREN,26.04.2022 17:16:53,0,1,0,0,SERMAYE_TEMETTU
ZOREN,26.04.2022 17:19:15,-40,5,1,0,GENEL_BILGI
ZOREN,27.04.2022 15:19:26,0,1,0,0,FINANSAL_RAPOR
ZOREN,27.04.2022 15:20:16,0,2,0,0,FINANSAL_RAPOR
ZOREN,27.04.2022 17:22:00,0,2,0,0,YATIRIM_SOZLESME
ZOREN,27.04.2022 17:21:00,0,0,0,0,YATIRIM_SOZLESME
ZOREN,27.04.2022 17:22:12,30,2,0,0,YATIRIM_SOZLESME
ZOREN,27.04.2022 17:55:56,0,2,0,0,YATIRIM_SOZLESME
ZOREN,28.04.2022 21:17:23,-20,2,0,0,FINANSAL_RAPOR
ZOREN,28.04.2022 21:36:16,-20,2,0,0,FINANSAL_RAPOR
ZOREN,28.04.2022 22:16:24,0,0,0,0,GENEL_BILGI
ZOREN,28.04.2022 22:17:03,0,0,0,0,GENEL_BILGI
ZOREN,28.04.2022 22:17:56,0,0,0,0,GENEL_BILGI
ZOREN,29.04.2022 16:40:15,0,2,0,0,YATIRIM_SOZLESME
ZOREN,29.04.2022 17:25:07,-20,2,0,0,FINANSAL_RAPOR
ZOREN,06.05.2022 18:17:51,0,0,0,0,GENEL_BILGI
ZOREN,06.05.2022 18:19:45,0,0,0,0,GENEL_BILGI
ZOREN,06.05.2022 18:22:00,0,0,0,0,GENEL_BILGI
ZOREN,10.05.2022 17:22:56,0,0,0,0,GENEL_BILGI
ZOREN,11.05.2022 11:28:07,0,0,0,0,GENEL_BILGI
ZOREN,11.05.2022 17:53:17,0,0,0,0,GENEL_BILGI
ZOREN,13.05.2022 17:07:28,0,0,0,0,GENEL_BILGI
ZOREN,16.05.2022 14:44:40,0,1,0,0,FINANSAL_RAPOR
ZOREN,16.05.2022 17:01:36,0,0,0,0,GENEL_BILGI
ZOREN,16.05.2022 18:40:36,0,0,0,0,GENEL_BILGI
ZOREN,17.05.2022 15:16:38,0,0,0,0,GENEL_BILGI
ZOREN,17.05.2022 17:15:20,0,1,1,0,FINANSAL_RAPOR
ZOREN,18.05.2022 17:21:01,0,0,0,0,GENEL_BILGI
ZOREN,18.05.2022 17:22:08,0,0,0,0,GENEL_BILGI
ZOREN,18.05.2022 17:39:46,30,2,0,0,YATIRIM_SOZLESME
ZOREN,18.05.2022 17:41:30,0,2,0,0,YATIRIM_SOZLESME
ZOREN,18.05.2022 17:44:10,0,2,0,0,YATIRIM_SOZLESME
ZOREN,20.05.2022 15:23:57,0,0,0,0,YATIRIM_SOZLESME
ZOREN,20.05.2022 17:01:36,0,0,0,0,GENEL_BILGI
ZOREN,24.05.2022 14:26:48,0,1,0,0,GENEL_BILGI
ZOREN,25.05.2022 15:05:03,0,1,0,0,YATIRIM_SOZLESME
ZOREN,25.05.2022 18:34:33,0,1,0,0,SERMAYE_TEMETTU
ZOREN,26.05.2022 17:13:46,0,0,0,0,GENEL_BILGI
ZOREN,27.05.2022 11:43:32,0,2,0,0,FINANSAL_RAPOR
ZOREN,27.05.2022 17:40:00,0,0,0,0,GENEL_BILGI
ZOREN,06.06.2022 17:51:33,-40,5,0,0,GENEL_BILGI
ZOREN,08.06.2022 17:35:15,-40,5,1,0,GENEL_BILGI
ZOREN,09.06.2022 16:36:01,0,2,0,0,YATIRIM_SOZLESME
ZOREN,15.06.2022 12:02:33,0,0,0,0,GENEL_BILGI
ZOREN,15.06.2022 17:07:52,0,1,0,0,FINANSAL_RAPOR
ZOREN,16.06.2022 08:17:33,0,0,0,0,GENEL_BILGI
ZOREN,16.06.2022 11:48:43,0,2,0,0,FINANSAL_RAPOR
ZOREN,16.06.2022 16:35:25,0,2,0,0,FINANSAL_RAPOR
ZOREN,16.06.2022 17:06:38,0,2,1,0,YATIRIM_SOZLESME
ZOREN,17.06.2022 11:51:40,0,2,0,0,FINANSAL_RAPOR
ZOREN,17.06.2022 18:19:15,0,2,0,0,YATIRIM_SOZLESME
ZOREN,20.06.2022 17:00:35,0,0,0,0,GENEL_BILGI
ZOREN,21.06.2022 11:23:21,0,0,0,0,GENEL_BILGI
ZOREN,21.06.2022 17:23:42,0,0,1,0,YATIRIM_SOZLESME
ZOREN,23.06.2022 16:16:29,0,1,0,0,SERMAYE_TEMETTU
ZOREN,23.06.2022 16:21:32,0,1,0,0,YATIRIM_SOZLESME
ZOREN,23.06.2022 16:47:17,0,2,0,0,YATIRIM_SOZLESME
ZOREN,23.06.2022 16:47:42,0,2,0,0,YATIRIM_SOZLESME
ZOREN,23.06.2022 17:13:51,0,1,1,0,FINANSAL_RAPOR
ZOREN,23.06.2022 17:38:36,0,1,0,0,YATIRIM_SOZLESME
ZOREN,24.06.2022 16:49:34,0,2,0,0,FINANSAL_RAPOR
ZOREN,27.06.2022 16:40:27,0,2,0,0,FINANSAL_RAPOR
ZOREN,27.06.2022 16:56:43,0,0,0,0,GENEL_BILGI
ZOREN,27.06.2022 17:43:00,0,0,0,0,GENEL_BILGI
ZOREN,01.07.2022 09:26:22,0,1,0,0,GENEL_BILGI
ZOREN,04.07.2022 12:05:56,0,1,0,0,YATIRIM_SOZLESME
ZOREN,05.07.2022 16:45:01,0,0,0,0,GENEL_BILGI
ZOREN,05.07.2022 17:24:34,-40,5,1,0,GENEL_BILGI
ZOREN,06.07.2022 12:13:37,0,0,0,0,GENEL_BILGI
ZOREN,06.07.2022 17:02:47,0,0,0,0,GENEL_BILGI
ZOREN,06.07.2022 17:08:42,0,1,0,0,YATIRIM_SOZLESME
ZOREN,06.07.2022 17:26:02,0,2,0,0,YATIRIM_SOZLESME
ZOREN,07.07.2022 16:03:20,0,1,0,0,FINANSAL_RAPOR
ZOREN,07.07.2022 16:03:29,0,2,0,0,YATIRIM_SOZLESME
ZOREN,07.07.2022 17:43:26,0,0,0,0,GENEL_BILGI
ZOREN,07.07.2022 18:08:11,30,2,0,0,YATIRIM_SOZLESME
ZOREN,13.07.2022 16:42:23,0,1,0,0,FINANSAL_RAPOR
ZOREN,14.07.2022 11:36:02,0,2,0,0,FINANSAL_RAPOR
ZOREN,14.07.2022 16:13:28,0,0,0,0,GENEL_BILGI
ZOREN,14.07.2022 17:14:46,0,0,0,0,GENEL_BILGI
ZOREN,18.07.2022 14:43:48,0,2,0,0,FINANSAL_RAPOR
ZOREN,18.07.2022 17:53:41,0,1,0,0,YATIRIM_SOZLESME
ZOREN,22.07.2022 16:55:07,0,1,0,0,FINANSAL_RAPOR
ZOREN,25.07.2022 13:50:53,0,2,0,0,FINANSAL_RAPOR
ZOREN,25.07.2022 17:12:13,0,0,0,0,GENEL_BILGI
ZOREN,26.07.2022 16:49:56,0,0,0,0,GENEL_BILGI
ZOREN,26.07.2022 16:55:44,0,1,0,0,FINANSAL_RAPOR
ZOREN,27.07.2022 15:44:45,0,2,0,0,FINANSAL_RAPOR
ZOREN,27.07.2022 15:45:11,0,2,0,0,FINANSAL_RAPOR
ZOREN,27.07.2022 17:05:17,0,0,0,0,YATIRIM_SOZLESME
ZOREN,03.08.2022 08:53:47,0,2,0,0,YATIRIM_SOZLESME
ZOREN,08.08.2022 18:36:17,0,0,0,0,GENEL_BILGI
ZOREN,09.08.2022 10:01:00,0,0,0,0,GENEL_BILGI
ZOREN,09.08.2022 13:51:54,0,0,0,0,GENEL_BILGI
ZOREN,09.08.2022 15:20:39,0,1,0,0,FINANSAL_RAPOR
ZOREN,09.08.2022 17:19:49,0,0,0,0,GENEL_BILGI
ZOREN,10.08.2022 14:08:30,0,0,0,0,GENEL_BILGI
ZOREN,11.08.2022 16:56:23,0,2,0,0,YATIRIM_SOZLESME
ZOREN,11.08.2022 17:44:00,0,0,0,0,GENEL_BILGI
ZOREN,11.08.2022 18:31:56,30,2,0,0,YATIRIM_SOZLESME
ZOREN,12.08.2022 17:03:04,0,5,0,0,GENEL_BILGI
ZOREN,12.08.2022 17:29:32,0,5,0,0,GENEL_BILGI
ZOREN,12.08.2022 17:55:40,0,1,0,0,YATIRIM_SOZLESME
ZOREN,12.08.2022 18:29:09,0,0,0,0,GENEL_BILGI
ZOREN,12.08.2022 18:29:33,0,0,0,0,GENEL_BILGI
ZOREN,12.08.2022 18:31:17,0,0,0,0,GENEL_BILGI
ZOREN,12.08.2022 18:47:39,0,2,0,0,YATIRIM_SOZLESME
ZOREN,15.08.2022 15:48:35,0,0,0,0,GENEL_BILGI
ZOREN,15.08.2022 15:54:57,0,1,0,0,YATIRIM_SOZLESME
ZOREN,15.08.2022 16:00:43,0,1,0,0,YATIRIM_SOZLESME
ZOREN,15.08.2022 17:02:58,0,1,0,0,FINANSAL_RAPOR
ZOREN,15.08.2022 17:14:39,0,0,0,0,GENEL_BILGI
ZOREN,16.08.2022 14:33:53,0,1,0,0,FINANSAL_RAPOR
ZOREN,16.08.2022 15:02:31,0,1,0,0,SERMAYE_TEMETTU
ZOREN,16.08.2022 15:41:21,-40,5,1,0,GENEL_BILGI
ZOREN,16.08.2022 16:44:33,0,0,0,0,GENEL_BILGI
ZOREN,16.08.2022 17:39:13,0,0,0,0,GENEL_BILGI
ZOREN,17.08.2022 16:14:45,0,0,0,0,GENEL_BILGI
ZOREN,17.08.2022 17:54:26,0,0,0,0,GENEL_BILGI
ZOREN,19.08.2022 08:48:51,30,2,0,0,YATIRIM_SOZLESME
ZOREN,24.08.2022 16:52:33,0,0,0,0,GENEL_BILGI
ZOREN,25.08.2022 16:58:45,0,2,0,0,FINANSAL_RAPOR
ZOREN,25.08.2022 17:04:45,0,0,0,0,GENEL_BILGI
ZOREN,25.08.2022 17:49:16,0,1,1,0,YATIRIM_SOZLESME
ZOREN,26.08.2022 15:21:19,0,1,0,0,FINANSAL_RAPOR
ZOREN,26.08.2022 17:35:56,0,0,0,0,GENEL_BILGI
ZOREN,29.08.2022 09:23:42,0,0,0,0,GENEL_BILGI
ZOREN,02.09.2022 17:05:43,30,2,0,0,YATIRIM_SOZLESME
ZOREN,02.09.2022 17:07:17,0,2,0,0,YATIRIM_SOZLESME
ZOREN,02.09.2022 17:09:00,0,1,0,0,FINANSAL_RAPOR
ZOREN,02.09.2022 17:10:39,0,0,0,0,GENEL_BILGI
ZOREN,02.09.2022 17:12:36,0,5,0,0,FINANSAL_RAPOR
ZOREN,02.09.2022 17:44:05,0,0,0,0,GENEL_BILGI
ZOREN,02.09.2022 17:51:24,0,2,0,0,YATIRIM_SOZLESME
ZOREN,06.09.2022 11:18:50,-40,5,1,0,GENEL_BILGI
ZOREN,08.09.2022 07:55:05,0,0,0,0,GENEL_BILGI
ZOREN,13.09.2022 17:40:22,-40,5,1,0,GENEL_BILGI
ZOREN,14.09.2022 16:16:59,0,0,0,0,GENEL_BILGI
ZOREN,15.09.2022 15:42:59,0,1,0,0,YATIRIM_SOZLESME
ZOREN,15.09.2022 16:27:15,0,0,0,0,GENEL_BILGI
ZOREN,15.09.2022 17:17:59,0,1,1,0,YATIRIM_SOZLESME
ZOREN,16.09.2022 08:35:11,0,0,0,0,GENEL_BILGI
ZOREN,16.09.2022 14:48:29,0,0,0,0,GENEL_BILGI
ZOREN,16.09.2022 17:18:21,0,0,0,0,GENEL_BILGI
ZOREN,19.09.2022 16:43:38,0,0,0,0,GENEL_BILGI
ZOREN,20.09.2022 15:10:19,0,1,0,0,FINANSAL_RAPOR
ZOREN,20.09.2022 17:55:53,0,1,1,0,FINANSAL_RAPOR
ZOREN,21.09.2022 18:46:52,0,0,0,0,GENEL_BILGI
ZOREN,22.09.2022 10:02:02,-40,5,1,0,GENEL_BILGI
ZOREN,23.09.2022 09:33:11,0,5,1,0,GENEL_BILGI
ZOREN,23.09.2022 09:37:24,0,5,0,0,GENEL_BILGI
ZOREN,23.09.2022 10:16:24,0,5,0,0,GENEL_BILGI
ZOREN,23.09.2022 10:29:25,0,0,1,0,GENEL_BILGI
ZOREN,23.09.2022 17:09:01,0,2,0,0,FINANSAL_RAPOR
ZOREN,23.09.2022 17:10:08,0,0,0,0,GENEL_BILGI
ZOREN,26.09.2022 14:13:05,0,1,0,0,FINANSAL_RAPOR
ZOREN,26.09.2022 14:13:55,0,1,0,0,FINANSAL_RAPOR
ZOREN,26.09.2022 15:44:37,-40,5,1,0,GENEL_BILGI
ZOREN,26.09.2022 17:22:24,0,0,0,0,GENEL_BILGI
ZOREN,26.09.2022 17:51:20,-40,5,1,0,GENEL_BILGI
ZOREN,27.09.2022 07:17:52,30,2,0,0,YATIRIM_SOZLESME
ZOREN,27.09.2022 14:39:02,0,0,0,0,GENEL_BILGI
ZOREN,27.09.2022 18:27:52,0,5,1,0,GENEL_BILGI
ZOREN,29.09.2022 12:23:56,-40,5,1,0,GENEL_BILGI
ZOREN,29.09.2022 15:06:29,0,0,0,0,GENEL_BILGI
ZOREN,29.09.2022 16:31:01,0,1,1,0,YATIRIM_SOZLESME
ZOREN,29.09.2022 17:37:51,0,2,0,1,YATIRIM_SOZLESME
ZOREN,29.09.2022 17:38:57,0,2,0,0,YATIRIM_SOZLESME
ZOREN,29.09.2022 17:40:26,0,2,0,0,YATIRIM_SOZLESME
ZOREN,30.09.2022 15:15:04,0,0,0,0,GENEL_BILGI
ZOREN,30.09.2022 16:24:45,0,1,0,0,GENEL_BILGI
ZOREN,04.10.2022 18:32:35,0,1,0,0,GENEL_BILGI
ZOREN,04.10.2022 19:06:05,30,2,0,0,YATIRIM_SOZLESME
ZOREN,05.10.2022 16:38:53,-40,5,1,0,GENEL_BILGI
ZOREN,05.10.2022 16:46:44,0,1,0,0,SERMAYE_TEMETTU
ZOREN,06.10.2022 09:05:13,0,0,0,0,GENEL_BILGI
ZOREN,06.10.2022 10:02:00,-40,5,1,0,GENEL_BILGI
ZOREN,06.10.2022 11:13:02,-40,5,1,0,GENEL_BILGI
ZOREN,06.10.2022 16:04:43,0,5,0,2,GENEL_BILGI
ZOREN,06.10.2022 16:26:14,0,1,0,0,FINANSAL_RAPOR
ZOREN,06.10.2022 16:45:07,0,0,0,0,GENEL_BILGI
ZOREN,06.10.2022 17:05:21,0,0,0,0,GENEL_BILGI
ZOREN,06.10.2022 17:19:06,0,0,0,0,GENEL_BILGI
ZOREN,06.10.2022 18:36:07,0,5,1,0,GENEL_BILGI
ZOREN,07.10.2022 10:01:31,-40,5,1,0,GENEL_BILGI
ZOREN,07.10.2022 16:27:05,0,5,0,0,GENEL_BILGI
ZOREN,10.10.2022 17:08:38,-40,5,1,0,GENEL_BILGI
ZOREN,11.10.2022 17:01:01,30,2,0,1,YATIRIM_SOZLESME
ZOREN,13.10.2022 16:38:25,0,5,0,0,GENEL_BILGI
ZOREN,13.10.2022 16:38:52,0,0,0,0,GENEL_BILGI
ZOREN,13.10.2022 16:54:57,0,0,0,0,GENEL_BILGI
ZOREN,13.10.2022 17:23:32,0,2,0,0,YATIRIM_SOZLESME
ZOREN,13.10.2022 17:23:57,0,0,0,0,GENEL_BILGI
ZOREN,13.10.2022 17:39:25,0,2,0,0,YATIRIM_SOZLESME
ZOREN,14.10.2022 16:48:11,0,0,0,0,GENEL_BILGI
ZOREN,14.10.2022 16:50:03,0,0,0,0,GENEL_BILGI
ZOREN,17.10.2022 16:41:46,0,2,0,0,YATIRIM_SOZLESME
ZOREN,17.10.2022 16:43:00,0,1,0,0,FINANSAL_RAPOR
ZOREN,17.10.2022 16:44:06,0,1,0,0,YATIRIM_SOZLESME
ZOREN,17.10.2022 17:18:39,0,1,0,0,FINANSAL_RAPOR
ZOREN,25.10.2022 16:52:18,0,0,0,0,GENEL_BILGI
ZOREN,25.10.2022 16:53:49,0,0,0,0,GENEL_BILGI
ZOREN,26.10.2022 17:11:55,0,0,0,0,GENEL_BILGI
ZOREN,26.10.2022 17:12:43,0,1,0,0,FINANSAL_RAPOR
ZOREN,26.10.2022 17:14:12,0,2,0,0,FINANSAL_RAPOR
ZOREN,26.10.2022 17:27:33,0,0,0,0,GENEL_BILGI
ZOREN,27.10.2022 15:58:25,0,1,0,0,FINANSAL_RAPOR
ZOREN,27.10.2022 17:37:37,0,1,0,0,FINANSAL_RAPOR
ZOREN,01.11.2022 16:58:02,-40,5,0,0,GENEL_BILGI
ZOREN,04.11.2022 16:40:45,0,2,0,0,YATIRIM_SOZLESME
ZOREN,04.11.2022 18:12:05,0,0,0,0,GENEL_BILGI
ZOREN,04.11.2022 18:14:48,0,0,0,0,GENEL_BILGI
ZOREN,04.11.2022 18:16:31,0,0,0,0,GENEL_BILGI
ZOREN,07.11.2022 10:06:42,-40,5,1,0,GENEL_BILGI
ZOREN,07.11.2022 16:54:05,0,0,1,0,GENEL_BILGI
ZOREN,07.11.2022 17:13:17,0,0,0,0,GENEL_BILGI
ZOREN,08.11.2022 16:17:20,0,0,0,0,GENEL_BILGI
ZOREN,08.11.2022 16:46:52,0,1,0,0,FINANSAL_RAPOR
ZOREN,10.11.2022 15:15:31,0,0,0,0,GENEL_BILGI
ZOREN,10.11.2022 16:32:09,0,1,0,0,SERMAYE_TEMETTU
ZOREN,10.11.2022 16:34:19,0,0,0,0,GENEL_BILGI
ZOREN,10.11.2022 17:08:31,30,2,0,0,YATIRIM_SOZLESME
ZOREN,10.11.2022 17:08:53,0,0,0,0,GENEL_BILGI
ZOREN,10.11.2022 17:35:17,0,2,0,0,YATIRIM_SOZLESME
ZOREN,11.11.2022 16:17:13,0,0,0,0,GENEL_BILGI
ZOREN,11.11.2022 16:48:55,0,0,0,0,GENEL_BILGI
ZOREN,14.11.2022 10:51:49,40,5,0,2,GENEL_BILGI
ZOREN,14.11.2022 14:08:08,0,1,1,0,YATIRIM_SOZLESME
ZOREN,14.11.2022 16:42:11,0,1,0,0,FINANSAL_RAPOR
ZOREN,15.11.2022 16:35:18,0,0,0,0,GENEL_BILGI
ZOREN,15.11.2022 16:36:52,0,0,0,0,GENEL_BILGI
ZOREN,16.11.2022 09:13:27,0,0,0,0,GENEL_BILGI
ZOREN,16.11.2022 10:07:16,-40,5,1,0,GENEL_BILGI
ZOREN,16.11.2022 14:38:21,0,0,0,0,GENEL_BILGI
ZOREN,16.11.2022 15:59:48,0,0,0,0,GENEL_BILGI
ZOREN,16.11.2022 16:00:17,0,0,0,0,GENEL_BILGI
ZOREN,17.11.2022 10:10:32,-40,5,1,0,GENEL_BILGI
ZOREN,24.11.2022 16:18:18,0,1,0,0,FINANSAL_RAPOR
ZOREN,24.11.2022 16:42:43,0,0,0,0,GENEL_BILGI
ZOREN,24.11.2022 16:56:32,0,0,0,0,GENEL_BILGI
ZOREN,24.11.2022 17:19:06,0,2,0,0,YATIRIM_SOZLESME
ZOREN,24.11.2022 17:19:17,0,0,0,0,GENEL_BILGI
ZOREN,24.11.2022 17:22:10,30,2,0,0,YATIRIM_SOZLESME
ZOREN,25.11.2022 10:28:50,-40,5,1,0,GENEL_BILGI
ZOREN,25.11.2022 15:05:10,0,0,0,0,GENEL_BILGI
ZOREN,25.11.2022 16:48:34,0,0,0,0,GENEL_BILGI
ZOREN,25.11.2022 16:50:47,0,1,0,0,FINANSAL_RAPOR
ZOREN,28.11.2022 09:18:42,0,0,0,0,GENEL_BILGI
ZOREN,28.11.2022 09:58:52,0,2,0,0,YATIRIM_SOZLESME
ZOREN,28.11.2022 10:21:43,0,2,0,0,YATIRIM_SOZLESME
ZOREN,28.11.2022 11:30:56,-40,5,1,0,GENEL_BILGI
ZOREN,28.11.2022 14:16:36,0,0,0,0,GENEL_BILGI
ZOREN,28.11.2022 16:18:56,0,1,0,0,FINANSAL_RAPOR
ZOREN,29.11.2022 09:26:13,0,0,0,0,GENEL_BILGI
ZOREN,01.12.2022 09:00:30,30,2,0,0,YATIRIM_SOZLESME
ZOREN,01.12.2022 16:50:37,0,0,0,0,GENEL_BILGI
ZOREN,02.12.2022 16:00:21,0,0,0,0,GENEL_BILGI
ZOREN,02.12.2022 16:55:57,0,1,0,0,FINANSAL_RAPOR
ZOREN,06.12.2022 13:41:06,0,0,0,0,GENEL_BILGI
ZOREN,07.12.2022 17:25:24,-40,5,1,0,GENEL_BILGI
ZOREN,09.12.2022 17:37:55,0,2,0,0,YATIRIM_SOZLESME
ZOREN,09.12.2022 19:57:29,30,2,1,0,YATIRIM_SOZLESME
ZOREN,12.12.2022 14:26:54,0,0,0,0,GENEL_BILGI
ZOREN,12.12.2022 14:34:18,0,0,0,0,GENEL_BILGI
ZOREN,12.12.2022 16:31:24,0,1,1,0,YATIRIM_SOZLESME
ZOREN,14.12.2022 16:07:04,0,0,0,0,GENEL_BILGI
ZOREN,14.12.2022 17:54:27,-40,5,1,0,GENEL_BILGI
ZOREN,15.12.2022 14:36:32,0,0,0,0,GENEL_BILGI
ZOREN,15.12.2022 14:45:00,0,1,0,0,FINANSAL_RAPOR
ZOREN,15.12.2022 16:11:10,0,0,0,0,GENEL_BILGI
ZOREN,15.12.2022 16:11:40,0,1,0,0,YATIRIM_SOZLESME
ZOREN,16.12.2022 16:08:55,0,1,0,0,FINANSAL_RAPOR
ZOREN,16.12.2022 16:09:06,0,0,0,0,GENEL_BILGI
ZOREN,16.12.2022 17:14:46,0,1,0,0,FINANSAL_RAPOR
ZOREN,19.12.2022 09:12:21,0,0,0,0,GENEL_BILGI
ZOREN,19.12.2022 18:15:31,0,0,0,0,GENEL_BILGI
ZOREN,23.12.2022 08:40:41,30,2,0,0,YATIRIM_SOZLESME
ZOREN,23.12.2022 16:22:12,0,0,0,0,GENEL_BILGI
ZOREN,23.12.2022 16:23:25,0,0,0,0,GENEL_BILGI
ZOREN,26.12.2022 17:16:04,0,0,0,0,GENEL_BILGI
ZOREN,26.12.2022 17:16:33,0,2,0,0,FINANSAL_RAPOR
ZOREN,26.12.2022 17:51:02,0,0,0,0,GENEL_BILGI
ZOREN,28.12.2022 16:03:58,-40,5,1,0,GENEL_BILGI
ZOREN,28.12.2022 16:40:40,0,0,0,0,GENEL_BILGI
ZOREN,28.12.2022 16:40:53,0,2,0,0,FINANSAL_RAPOR
ZOREN,29.12.2022 09:25:51,0,0,0,0,GENEL_BILGI
ZOREN,29.12.2022 15:52:51,0,0,0,0,GENEL_BILGI
ZOREN,29.12.2022 15:53:05,0,1,0,0,FINANSAL_RAPOR
ZOREN,29.12.2022 17:07:51,0,1,1,0,FINANSAL_RAPOR
ZOREN,30.12.2022 15:59:27,0,0,0,0,GENEL_BILGI
ZOREN,03.01.2023 16:44:24,0,2,0,0,GENEL_BILGI
ZOREN,04.01.2023 16:45:55,0,0,0,0,GENEL_BILGI
ZOREN,04.01.2023 17:55:07,-40,5,1,0,GENEL_BILGI
ZOREN,05.01.2023 10:50:49,-40,5,1,0,GENEL_BILGI
ZOREN,05.01.2023 11:00:38,0,2,0,0,YATIRIM_SOZLESME
ZOREN,05.01.2023 16:10:20,0,1,0,0,FINANSAL_RAPOR
ZOREN,05.01.2023 17:29:28,0,0,0,0,GENEL_BILGI
ZOREN,05.01.2023 17:42:08,0,2,0,0,YATIRIM_SOZLESME
ZOREN,09.01.2023 11:38:59,-40,5,1,0,GENEL_BILGI
ZOREN,10.01.2023 17:48:48,-40,5,1,0,GENEL_BILGI
ZOREN,11.01.2023 14:33:30,-40,5,1,0,GENEL_BILGI
ZOREN,12.01.2023 09:04:58,0,2,0,0,YATIRIM_SOZLESME
ZOREN,12.01.2023 11:05:33,0,2,0,0,YATIRIM_SOZLESME
ZOREN,12.01.2023 13:26:43,-40,5,1,0,GENEL_BILGI
ZOREN,12.01.2023 16:24:45,0,0,0,0,GENEL_BILGI
ZOREN,13.01.2023 10:56:30,30,2,0,0,YATIRIM_SOZLESME
ZOREN,13.01.2023 10:57:37,0,0,0,0,GENEL_BILGI
ZOREN,13.01.2023 14:26:45,0,2,0,0,YATIRIM_SOZLESME
ZOREN,13.01.2023 15:49:05,0,1,0,0,SERMAYE_TEMETTU
ZOREN,13.01.2023 15:50:36,0,1,0,0,YATIRIM_SOZLESME
ZOREN,13.01.2023 15:52:22,0,1,0,0,YATIRIM_SOZLESME
ZOREN,13.01.2023 15:53:49,0,0,0,0,GENEL_BILGI
ZOREN,13.01.2023 16:48:02,0,0,0,0,GENEL_BILGI
ZOREN,13.01.2023 16:49:03,0,0,0,0,GENEL_BILGI
ZOREN,13.01.2023 17:36:18,0,2,0,0,YATIRIM_SOZLESME
ZOREN,13.01.2023 18:09:55,0,2,0,0,YATIRIM_SOZLESME
ZOREN,16.01.2023 08:56:59,0,0,0,0,GENEL_BILGI
ZOREN,16.01.2023 08:58:26,0,0,0,0,GENEL_BILGI
ZOREN,16.01.2023 14:21:54,0,2,0,0,GENEL_BILGI
ZOREN,16.01.2023 16:01:14,0,1,0,0,FINANSAL_RAPOR
ZOREN,16.01.2023 16:01:40,0,1,0,0,YATIRIM_SOZLESME
ZOREN,16.01.2023 17:26:11,0,0,0,0,GENEL_BILGI
ZOREN,19.01.2023 18:48:30,30,2,0,2,SERMAYE_TEMETTU
ZOREN,20.01.2023 10:30:55,30,2,0,2,SERMAYE_TEMETTU
ZOREN,20.01.2023 16:55:11,30,2,0,0,YENİ İnVESTİMŞ
ZOREN,23.01.2023 14:01:08,0,2,0,0,YATIRIM_SOZLESME
ZOREN,23.01.2023 17:06:30,-40,5,1,0,GENEL_BILGI
ZOREN,24.01.2023 16:20:55,0,2,0,0,GENEL_BILGI
ZOREN,24.01.2023 16:46:14,0,0,0,0,GENEL_BILGI
ZOREN,24.01.2023 16:46:37,0,0,0,0,GENEL_BILGI
ZOREN,25.01.2023 15:34:49,0,1,0,0,FINANSAL_RAPOR
ZOREN,25.01.2023 15:35:01,0,0,0,0,GENEL_BILGI
ZOREN,25.01.2023 17:15:38,0,0,0,0,GENEL_BILGI
ZOREN,26.01.2023 16:41:58,0,0,0,0,GENEL_BILGI
ZOREN,27.01.2023 15:13:30,0,1,0,0,FINANSAL_RAPOR
ZOREN,27.01.2023 16:59:45,0,0,0,0,GENEL_BILGI
ZOREN,27.01.2023 17:01:02,0,0,0,0,GENEL_BILGI
ZOREN,30.01.2023 16:31:13,0,1,0,0,FINANSAL_RAPOR
ZOREN,30.01.2023 17:32:57,0,1,0,0,YATIRIM_SOZLESME
ZOREN,31.01.2023 11:44:30,30,2,1,2,SERMAYE_TEMETTU
ZOREN,02.02.2023 10:27:50,0,2,0,0,YATIRIM_SOZLESME
ZOREN,02.02.2023 10:28:17,0,0,0,0,GENEL_BILGI
ZOREN,02.02.2023 11:10:40,0,0,0,0,GENEL_BILGI
ZOREN,02.02.2023 15:49:52,0,1,0,0,FINANSAL_RAPOR
ZOREN,02.02.2023 16:09:00,-40,5,1,0,GENEL_BILGI
ZOREN,02.02.2023 16:35:52,30,2,0,2,SERMAYE_TEMETTU
ZOREN,02.02.2023 17:31:10,0,0,0,0,GENEL_BILGI
ZOREN,02.02.2023 17:59:05,0,2,0,0,GENEL_BILGI
ZOREN,03.02.2023 11:42:48,30,2,0,2,SERMAYE_TEMETTU
ZOREN,06.02.2023 14:38:57,0,2,0,0,GENEL_BILGI
ZOREN,07.02.2023 11:36:16,-40,5,1,0,GENEL_BILGI
ZOREN,07.02.2023 16:03:21,0,0,0,0,GENEL_BILGI
ZOREN,08.02.2023 10:03:11,-40,5,1,0,GENEL_BILGI
ZOREN,08.02.2023 15:02:31,-20,2,0,0,GENEL_BILGI
ZOREN,13.02.2023 16:00:17,0,5,0,2,GENEL_BILGI
ZOREN,13.02.2023 16:47:40,0,0,0,0,GENEL_BILGI
ZOREN,13.02.2023 16:48:40,0,0,0,0,GENEL_BILGI
ZOREN,14.02.2023 14:57:31,0,5,0,0,GENEL_BILGI
ZOREN,14.02.2023 15:11:10,0,0,0,0,GENEL_BILGI
ZOREN,14.02.2023 15:12:07,0,1,0,0,FINANSAL_RAPOR
ZOREN,14.02.2023 16:22:35,0,0,0,0,GENEL_BILGI
ZOREN,14.02.2023 16:58:35,0,1,1,0,FINANSAL_RAPOR
ZOREN,15.02.2023 13:15:20,0,0,0,0,GENEL_BILGI
ZOREN,15.02.2023 16:31:13,0,0,0,0,GENEL_BILGI
ZOREN,15.02.2023 16:54:39,0,0,0,0,GENEL_BILGI
ZOREN,16.02.2023 11:14:37,-40,5,1,0,GENEL_BILGI
ZOREN,16.02.2023 15:05:55,0,1,0,0,FINANSAL_RAPOR
ZOREN,16.02.2023 17:18:18,0,0,0,0,GENEL_BILGI
ZOREN,16.02.2023 17:46:19,-40,5,1,0,GENEL_BILGI
ZOREN,17.02.2023 11:06:24,0,2,0,0,YATIRIM_SOZLESME
ZOREN,17.02.2023 11:06:45,0,0,0,0,GENEL_BILGI
ZOREN,17.02.2023 14:09:42,0,5,0,0,GENEL_BILGI
ZOREN,17.02.2023 17:09:26,0,1,0,0,Nakit_Uzlasma_Odeme
ZOREN,17.02.2023 17:47:01,0,2,0,0,YATIRIM_SOZLESME
ZOREN,21.02.2023 13:17:21,0,2,0,0,YATIRIM_SOZLESME
ZOREN,27.02.2023 16:30:03,0,1,0,0,FINANSAL_RAPOR
ZOREN,28.02.2023 10:23:58,0,0,0,0,GENEL_BILGI
ZOREN,28.02.2023 16:27:01,0,0,0,0,GENEL_BILGI
ZOREN,28.02.2023 17:17:27,0,1,0,0,YATIRIM_SOZLESME
ZOREN,01.03.2023 16:43:10,0,0,0,0,GENEL_BILGI
ZOREN,02.03.2023 15:56:29,0,2,0,0,FINANSAL_RAPOR
ZOREN,02.03.2023 16:19:17,0,0,0,0,GENEL_BILGI
ZOREN,02.03.2023 17:05:52,0,1,0,0,YATIRIM_SOZLESME
ZOREN,03.03.2023 15:17:33,0,1,0,0,FINANSAL_RAPOR
ZOREN,03.03.2023 15:26:32,-40,5,1,0,GENEL_BILGI
ZOREN,03.03.2023 17:08:11,0,2,1,0,YATIRIM_SOZLESME
ZOREN,08.03.2023 22:52:58,-20,2,0,0,FINANSAL_RAPOR
ZOREN,08.03.2023 22:54:03,0,0,0,0,GENEL_BILGI
ZOREN,10.03.2023 17:39:13,-40,5,1,0,GENEL_BILGI
ZOREN,13.03.2023 20:22:01,0,0,0,0,GENEL_BILGI
ZOREN,13.03.2023 20:23:44,0,0,0,0,GENEL_BILGI
ZOREN,16.03.2023 10:59:05,0,0,0,0,GENEL_BILGI
ZOREN,16.03.2023 11:00:21,0,2,0,0,YATIRIM_SOZLESME
ZOREN,16.03.2023 15:53:40,0,0,0,0,GENEL_BILGI
ZOREN,16.03.2023 15:54:48,0,1,0,0,FINANSAL_RAPOR
ZOREN,16.03.2023 16:26:50,0,0,0,0,GENEL_BILGI
ZOREN,16.03.2023 16:27:37,0,0,0,0,GENEL_BILGI
ZOREN,16.03.2023 17:04:42,0,0,0,0,GENEL_BILGI
ZOREN,16.03.2023 17:56:38,0,2,0,0,GENEL_BILGI
ZOREN,16.03.2023 18:11:36,0,0,0,0,GENEL_BILGI
ZOREN,17.03.2023 15:19:43,0,1,0,0,FINANSAL_RAPOR
ZOREN,17.03.2023 15:20:00,0,0,0,0,GENEL_BILGI
ZOREN,17.03.2023 16:37:44,0,1,0,0,SERMAYE_TEMETTU
ZOREN,17.03.2023 16:52:45,0,0,0,0,GENEL_BILGI
ZOREN,20.03.2023 15:51:46,0,0,0,0,GENEL_BILGI
ZOREN,20.03.2023 16:46:57,0,0,0,0,GENEL_BILGI
ZOREN,20.03.2023 16:47:21,0,0,0,0,GENEL_BILGI
ZOREN,20.03.2023 17:01:24,0,1,1,0,YATIRIM_SOZLESME
ZOREN,21.03.2023 13:17:25,0,0,0,0,GENEL_BILGI
ZOREN,21.03.2023 13:18:22,0,0,0,0,GENEL_BILGI
ZOREN,21.03.2023 16:57:31,0,2,0,0,YATIRIM_SOZLESME
ZOREN,22.03.2023 15:57:52,-20,2,1,0,FINANSAL_RAPOR
ZOREN,23.03.2023 11:54:22,0,0,0,0,GENEL_BILGI
ZOREN,27.03.2023 09:04:56,0,0,0,0,GENEL_BILGI
ZOREN,29.03.2023 16:53:13,0,0,0,0,GENEL_BILGI
ZOREN,30.03.2023 09:10:35,0,0,0,0,GENEL_BILGI
ZOREN,30.03.2023 13:46:39,0,1,0,0,YATIRIM_SOZLESME
ZOREN,30.03.2023 16:04:03,0,0,0,0,GENEL_BILGI
ZOREN,30.03.2023 17:03:59,0,0,0,0,GENEL_BILGI
ZOREN,31.03.2023 14:23:38,0,0,0,0,GENEL_BILGI
ZOREN,31.03.2023 16:24:53,0,0,0,0,GENEL_BILGI
ZOREN,31.03.2023 17:02:15,0,0,0,0,GENEL_BILGI
ZOREN,03.04.2023 14:52:22,0,0,0,0,GENEL_BILGI
ZOREN,03.04.2023 16:56:01,0,0,1,0,YATIRIM_SOZLESME
ZOREN,12.04.2023 17:31:46,-40,5,1,0,GENEL_BILGI
ZOREN,13.04.2023 09:13:54,0,0,0,0,GENEL_BILGI
ZOREN,14.04.2023 15:59:40,0,0,0,0,GENEL_BILGI
ZOREN,17.04.2023 16:34:11,0,0,0,0,GENEL_BILGI
ZOREN,17.04.2023 16:34:56,0,0,0,0,GENEL_BILGI
ZOREN,17.04.2023 16:35:33,0,0,0,0,GENEL_BILGI
ZOREN,17.04.2023 17:02:34,0,0,0,0,GENEL_BILGI
ZOREN,18.04.2023 15:32:30,0,0,0,0,GENEL_BILGI
ZOREN,18.04.2023 15:32:41,0,0,0,0,GENEL_BILGI
ZOREN,18.04.2023 17:06:21,0,0,0,0,GENEL_BILGI
ZOREN,18.04.2023 17:30:25,0,1,0,0,SERMAYE_TEMETTU
ZOREN,18.04.2023 17:30:38,0,0,0,0,GENEL_BILGI
ZOREN,19.04.2023 10:46:24,30,2,0,0,YATIRIM_SOZLESME
ZOREN,19.04.2023 10:47:14,0,0,0,0,GENEL_BILGI
ZOREN,19.04.2023 15:05:11,0,1,0,0,FINANSAL_RAPOR
ZOREN,19.04.2023 15:05:32,0,0,0,0,GENEL_BILGI
ZOREN,19.04.2023 15:05:51,0,1,0,0,FINANSAL_RAPOR
ZOREN,19.04.2023 15:06:06,0,1,0,0,FINANSAL_RAPOR
ZOREN,19.04.2023 17:01:04,0,0,0,0,GENEL_BILGI
ZOREN,19.04.2023 17:00:17,0,0,0,0,GENEL_BILGI
ZOREN,19.04.2023 17:42:26,0,2,0,0,YATIRIM_SOZLESME
ZOREN,24.04.2023 14:32:49,0,1,0,0,GENEL_BILGI
ZOREN,24.04.2023 16:06:21,0,1,0,0,FINANSAL_RAPOR
ZOREN,24.04.2023 16:55:03,0,0,0,0,GENEL_BILGI
ZOREN,25.04.2023 14:56:58,0,0,0,0,GENEL_BILGI
ZOREN,25.04.2023 17:07:15,0,1,1,0,YATIRIM_SOZLESME
ZOREN,25.04.2023 17:22:45,-40,5,1,0,GENEL_BILGI
ZOREN,27.04.2023 16:59:09,0,5,0,0,GENEL_BILGI
ZOREN,27.04.2023 17:40:15,0,0,0,0,GENEL_BILGI
ZOREN,28.04.2023 16:53:30,0,1,0,0,FINANSAL_RAPOR
ZOREN,02.05.2023 11:59:21,-40,5,1,0,GENEL_BILGI
ZOREN,02.05.2023 15:30:30,0,0,0,0,GENEL_BILGI
ZOREN,02.05.2023 17:22:27,0,0,0,0,GENEL_BILGI
ZOREN,02.05.2023 17:51:30,-40,5,1,0,GENEL_BILGI
ZOREN,03.05.2023 10:38:46,-40,5,1,0,GENEL_BILGI
ZOREN,03.05.2023 16:35:36,0,0,0,0,GENEL_BILGI
ZOREN,03.05.2023 16:37:15,0,0,0,0,GENEL_BILGI
ZOREN,04.05.2023 15:07:42,0,0,0,0,GENEL_BILGI
ZOREN,04.05.2023 15:08:19,0,0,0,0,GENEL_BILGI
ZOREN,04.05.2023 17:03:41,0,0,0,0,GENEL_BILGI
ZOREN,04.05.2023 17:55:05,0,0,0,0,GENEL_BILGI
ZOREN,04.05.2023 17:55:56,-20,2,0,0,FINANSAL_RAPOR
ZOREN,04.05.2023 17:56:25,0,0,0,0,GENEL_BILGI
ZOREN,05.05.2023 16:53:27,0,0,0,0,GENEL_BILGI
ZOREN,05.05.2023 20:41:26,30,2,0,0,YATIRIM_SOZLESME
ZOREN,09.05.2023 18:18:31,0,0,0,0,GENEL_BILGI
ZOREN,09.05.2023 18:19:44,0,0,0,0,GENEL_BILGI
ZOREN,09.05.2023 18:20:49,0,0,0,0,GENEL_BILGI
ZOREN,12.05.2023 15:54:31,0,5,0,0,GENEL_BILGI
ZOREN,16.05.2023 16:29:28,0,0,0,0,GENEL_BILGI
ZOREN,17.05.2023 11:13:36,0,1,0,0,FINANSAL_RAPOR
ZOREN,17.05.2023 16:22:28,0,0,0,0,GENEL_BILGI
ZOREN,17.05.2023 17:27:29,0,0,0,0,GENEL_BILGI
ZOREN,18.05.2023 09:02:37,30,2,0,0,YATIRIM_SOZLESME
ZOREN,18.05.2023 11:00:15,0,2,0,0,YATIRIM_SOZLESME
ZOREN,18.05.2023 11:01:38,30,2,0,0,YATIRIM_SOZLESME
ZOREN,18.05.2023 13:42:44,0,1,0,0,YATIRIM_SOZLESME
ZOREN,18.05.2023 13:44:10,0,1,0,0,FINANSAL_RAPOR
ZOREN,18.05.2023 13:58:42,0,0,0,0,GENEL_BILGI
ZOREN,18.05.2023 16:38:40,0,0,0,0,GENEL_BILGI
ZOREN,18.05.2023 16:56:01,0,0,1,0,Nakit_Uzlasici_Odeme
ZOREN,18.05.2023 17:40:36,0,2,0,0,YATIRIM_SOZLESME
ZOREN,22.05.2023 09:04:52,0,0,0,0,GENEL_BILGI
ZOREN,22.05.2023 14:46:22,0,1,0,0,YATIRIM_SOZLESME
ZOREN,22.05.2023 16:32:03,0,0,0,0,GENEL_BILGI
ZOREN,22.05.2023 16:32:30,0,1,0,0,FINANSAL_RAPOR
ZOREN,22.05.2023 16:32:54,0,0,0,0,GENEL_BILGI
ZOREN,22.05.2023 17:04:08,0,0,0,0,GENEL_BILGI
ZOREN,23.05.2023 14:55:26,0,1,0,0,FINANSAL_RAPOR
ZOREN,23.05.2023 14:56:09,0,0,0,0,GENEL_BILGI
ZOREN,23.05.2023 14:56:34,0,1,0,0,FINANSAL_RAPOR
ZOREN,23.05.2023 16:58:05,0,0,0,0,GENEL_BILGI
ZOREN,24.05.2023 16:21:19,0,0,0,0,GENEL_BILGI
ZOREN,25.05.2023 09:04:38,0,0,0,0,GENEL_BILGI
ZOREN,25.05.2023 15:50:41,0,0,0,0,GENEL_BILGI
ZOREN,25.05.2023 17:01:08,0,1,1,0,FINANSAL_RAPOR
ZOREN,26.05.2023 09:06:17,0,0,0,0,GENEL_BILGI
ZOREN,29.05.2023 09:10:06,0,0,0,0,GENEL_BILGI
ZOREN,30.05.2023 09:13:15,0,0,0,0,GENEL_BILGI
ZOREN,30.05.2023 21:12:02,0,0,0,0,GENEL_BILGI
ZOREN,30.05.2023 21:23:55,-20,2,0,0,FINANSAL_RAPOR
ZOREN,30.05.2023 21:27:14,0,0,0,0,GENEL_BILGI
ZOREN,30.05.2023 21:30:02,0,0,0,0,GENEL_BILGI
ZOREN,30.05.2023 21:34:59,0,0,0,0,GENEL_BILGI
ZOREN,30.05.2023 21:37:13,0,0,0,0,GENEL_BILGI
ZOREN,01.06.2023 16:16:02,0,0,0,0,GENEL_BILGI
ZOREN,02.06.2023 11:45:00,0,1,0,0,FINANSAL_RAPOR
ZOREN,02.06.2023 16:34:11,0,0,0,0,GENEL_BILGI
ZOREN,02.06.2023 16:34:40,0,0,0,0,GENEL_BILGI
ZOREN,02.06.2023 17:06:17,0,1,0,0,FINANSAL_RAPOR
ZOREN,05.06.2023 11:46:23,0,1,0,0,FINANSAL_RAPOR
ZOREN,05.06.2023 11:46:45,0,0,0,0,GENEL_BILGI
ZOREN,05.06.2023 16:24:05,0,0,0,0,GENEL_BILGI
ZOREN,05.06.2023 17:03:47,0,2,0,0,YATIRIM_SOZLESME
ZOREN,09.06.2023 16:25:42,0,1,0,0,GENEL_BILGI
ZOREN,14.06.2023 11:14:56,0,2,0,2,SERMAYE_TEMETTU
ZOREN,14.06.2023 12:56:57,30,2,1,2,SERMAYE_TEMETTU
ZOREN,14.06.2023 16:50:22,0,0,1,0,SERMAYE_TEMETTU
ZOREN,14.06.2023 18:24:04,0,0,0,0,GENEL_BILGI
ZOREN,15.06.2023 09:21:08,0,1,1,0,SERMAYE_TEMETTU
ZOREN,15.06.2023 09:25:20,0,0,1,0,GENEL_BILGI
ZOREN,15.06.2023 10:10:45,30,2,0,0,YATIRIM_SOZLESME
ZOREN,15.06.2023 10:10:56,0,2,0,0,YATIRIM_SOZLESME
ZOREN,15.06.2023 14:34:08,0,1,0,0,YATIRIM_SOZLESME
ZOREN,15.06.2023 14:34:21,0,0,0,0,GENEL_BILGI
ZOREN,15.06.2023 17:16:12,0,0,0,0,YATIRIM_SOZLESME
ZOREN,15.06.2023 18:05:51,0,2,0,0,YATIRIM_SOZLESME
ZOREN,19.06.2023 10:17:20,0,1,1,0,SERMAYE_TEMETTU
ZOREN,19.06.2023 16:35:22,0,1,0,0,FINANSAL_RAPOR
ZOREN,20.06.2023 16:46:28,0,1,0,0,FINANSAL_RAPOR
ZOREN,20.06.2023 16:47:23,0,0,0,0,GENEL_BILGI
ZOREN,20.06.2023 16:54:28,0,1,0,0,YATIRIM_SOZLESME
ZOREN,21.06.2023 16:24:23,0,0,0,0,GENEL_BILGI
ZOREN,21.06.2023 16:59:19,0,1,0,0,FINANSAL_RAPOR
ZOREN,21.06.2023 17:08:09,0,0,0,0,YATIRIM_SOZLESME
ZOREN,21.06.2023 17:20:46,0,0,0,0,GENEL_BILGI
ZOREN,21.06.2023 17:21:10,0,1,0,0,FINANSAL_RAPOR
ZOREN,22.06.2023 09:06:42,0,0,0,0,GENEL_BILGI
ZOREN,22.06.2023 09:19:42,0,0,0,0,GENEL_BILGI
ZOREN,22.06.2023 16:22:28,0,0,0,0,GENEL_BILGI
ZOREN,22.06.2023 16:22:53,0,1,0,0,FINANSAL_RAPOR
ZOREN,22.06.2023 16:34:22,0,1,0,0,FINANSAL_RAPOR
ZOREN,22.06.2023 16:34:40,0,0,0,0,GENEL_BILGI
ZOREN,22.06.2023 16:35:06,0,0,0,0,GENEL_BILGI
ZOREN,22.06.2023 17:19:30,0,1,0,0,FINANSAL_RAPOR
ZOREN,22.06.2023 20:10:29,30,2,1,2,YATIRIM_SOZLESME
ZOREN,23.06.2023 09:03:35,0,0,0,0,GENEL_BILGI
ZOREN,23.06.2023 15:35:19,0,0,0,0,GENEL_BILGI
ZOREN,23.06.2023 15:35:40,0,0,0,0,GENEL_BILGI
ZOREN,23.06.2023 15:36:01,0,0,0,0,GENEL_BILGI
ZOREN,23.06.2023 16:26:09,0,0,0,0,GENEL_BILGI
ZOREN,23.06.2023 16:51:08,0,0,0,0,GENEL_BILGI
ZOREN,26.06.2023 09:13:01,0,0,0,0,GENEL_BILGI
ZOREN,26.06.2023 12:50:11,0,1,0,0,FINANSAL_RAPOR
ZOREN,26.06.2023 16:53:55,0,0,0,0,GENEL_BILGI
ZOREN,03.07.2023 15:07:24,0,5,0,2,GENEL_BILGI
ZOREN,03.07.2023 16:43:30,0,5,0,0,GENEL_BILGI
ZOREN,04.07.2023 10:15:03,-40,5,1,0,GENEL_BILGI
ZOREN,04.07.2023 15:14:58,30,2,1,2,SERMAYE_TEMETTU
ZOREN,04.07.2023 15:43:12,0,2,1,0,YATIRIM_SOZLESME
ZOREN,06.07.2023 09:10:30,0,0,1,0,GENEL_BILGI
ZOREN,06.07.2023 14:44:50,0,1,0,0,SERMAYE_TEMETTU
ZOREN,06.07.2023 15:10:06,0,0,0,0,GENEL_BILGI
ZOREN,06.07.2023 16:20:08,0,0,0,0,GENEL_BILGI
ZOREN,07.07.2023 10:31:33,0,2,0,0,YATIRIM_SOZLESME
ZOREN,07.07.2023 10:32:21,30,2,0,0,YATIRIM_SOZLESME
ZOREN,07.07.2023 14:59:42,0,0,0,0,GENEL_BILGI
ZOREN,07.07.2023 15:01:12,0,1,0,0,FINANSAL_RAPOR
ZOREN,07.07.2023 17:26:27,0,2,1,0,YATIRIM_SOZLESME
ZOREN,07.07.2023 17:43:50,0,2,0,0,YATIRIM_SOZLESME
ZOREN,10.07.2023 15:19:49,0,0,0,0,GENEL_BILGI
ZOREN,11.07.2023 17:44:39,0,0,1,0,YATIRIM_SOZLESME
ZOREN,12.07.2023 09:55:09,0,2,0,0,GENEL_BILGI
ZOREN,18.07.2023 16:45:10,0,1,0,0,FINANSAL_RAPOR
ZOREN,18.07.2023 17:39:46,-40,5,1,0,GENEL_BILGI
ZOREN,19.07.2023 10:53:10,0,2,1,0,GENEL_BILGI
ZOREN,19.07.2023 13:25:55,0,2,0,0,FINANSAL_RAPOR
ZOREN,19.07.2023 16:22:29,0,1,0,0,FINANSAL_RAPOR
ZOREN,19.07.2023 17:11:24,0,0,0,0,GENEL_BILGI
ZOREN,20.07.2023 14:14:52,0,0,0,0,GENEL_BILGI
ZOREN,20.07.2023 16:34:24,0,0,0,0,GENEL_BILGI
ZOREN,20.07.2023 17:05:35,0,0,0,0,GENEL_BILGI
ZOREN,21.07.2023 16:15:08,0,0,0,0,GENEL_BILGI
ZOREN,21.07.2023 16:30:15,0,0,0,0,GENEL_BILGI
ZOREN,21.07.2023 16:30:59,0,0,0,0,GENEL_BILGI
ZOREN,21.07.2023 16:40:24,0,2,0,0,GENEL_BILGI
ZOREN,21.07.2023 17:06:35,0,2,0,0,GENEL_BILGI
ZOREN,21.07.2023 17:24:46,0,1,1,0,YATIRIM_SOZLESME
ZOREN,24.07.2023 15:57:11,0,1,0,0,FINANSAL_RAPOR
ZOREN,24.07.2023 15:57:34,0,1,0,0,FINANSAL_RAPOR
ZOREN,24.07.2023 16:49:44,0,1,0,0,FINANSAL_RAPOR
ZOREN,24.07.2023 16:50:04,0,0,0,0,GENEL_BILGI
ZOREN,24.07.2023 16:50:32,0,0,0,0,GENEL_BILGI
ZOREN,24.07.2023 16:53:26,0,0,1,0,YATIRIM_SOZLESME
ZOREN,24.07.2023 17:07:38,-20,2,1,0,FINANSAL_RAPOR
ZOREN,25.07.2023 10:02:43,-40,5,1,0,GENEL_BILGI
ZOREN,25.07.2023 10:20:43,-40,5,1,0,GENEL_BILGI
ZOREN,25.07.2023 15:58:50,0,0,0,0,GENEL_BILGI
ZOREN,25.07.2023 15:59:14,0,0,0,0,GENEL_BILGI
ZOREN,25.07.2023 15:59:40,0,0,0,0,GENEL_BILGI
ZOREN,25.07.2023 17:09:59,0,0,0,0,YATIRIM_SOZLESME
ZOREN,26.07.2023 15:14:02,0,0,0,0,GENEL_BILGI
ZOREN,26.07.2023 15:58:48,0,2,0,0,YATIRIM_SOZLESME
ZOREN,27.07.2023 12:03:29,0,2,0,0,YATIRIM_SOZLESME
ZOREN,27.07.2023 12:03:52,30,2,0,0,YATIRIM_SOZLESME
ZOREN,27.07.2023 12:04:25,0,2,0,0,YATIRIM_SOZLESME
ZOREN,27.07.2023 16:01:36,0,1,0,0,FINANSAL_RAPOR
ZOREN,27.07.2023 16:04:04,0,1,0,0,SERMAYE_TEMETTU
ZOREN,27.07.2023 16:09:32,0,0,0,0,GENEL_BILGI
ZOREN,27.07.2023 16:53:21,0,0,0,0,GENEL_BILGI
ZOREN,27.07.2023 17:35:26,0,2,0,0,YATIRIM_SOZLESME
ZOREN,31.07.2023 15:04:14,0,0,0,0,GENEL_BILGI
ZOREN,31.07.2023 16:41:12,0,5,0,0,GENEL_BILGI
ZOREN,31.07.2023 16:42:52,0,0,0,0,GENEL_BILGI
ZOREN,02.08.2023 16:17:47,30,2,0,2,SERMAYE_TEMETTU
ZOREN,02.08.2023 16:48:21,0,0,0,0,GENEL_BILGI
ZOREN,03.08.2023 16:37:32,0,0,0,0,GENEL_BILGI
ZOREN,03.08.2023 17:10:36,0,0,1,0,YATIRIM_SOZLESME
ZOREN,04.08.2023 13:51:19,0,5,0,0,GENEL_BILGI
ZOREN,04.08.2023 16:45:17,0,0,0,0,GENEL_BILGI
ZOREN,07.08.2023 16:14:16,0,1,0,0,FINANSAL_RAPOR
ZOREN,07.08.2023 17:02:34,0,1,1,0,FINANSAL_RAPOR
ZOREN,08.08.2023 16:41:36,0,0,0,0,GENEL_BILGI
ZOREN,09.08.2023 13:50:54,-20,2,0,0,FINANSAL_RAPOR
ZOREN,09.08.2023 15:12:47,0,2,0,0,FINANSAL_RAPOR
ZOREN,09.08.2023 17:46:15,0,2,1,0,YATIRIM_SOZLESME
ZOREN,10.08.2023 10:10:01,0,0,0,0,GENEL_BILGI
ZOREN,10.08.2023 10:32:23,0,2,0,0,YATIRIM_SOZLESME
ZOREN,10.08.2023 10:33:04,0,2,0,0,YATIRIM_SOZLESME
ZOREN,10.08.2023 15:09:45,0,0,0,0,GENEL_BILGI
ZOREN,10.08.2023 15:12:00,0,1,0,0,YATIRIM_SOZLESME
ZOREN,10.08.2023 16:34:45,-40,5,1,0,GENEL_BILGI
ZOREN,10.08.2023 16:53:51,0,0,0,0,GENEL_BILGI
ZOREN,10.08.2023 18:08:35,0,2,0,0,YATIRIM_SOZLESME
ZOREN,11.08.2023 18:29:43,0,0,0,0,GENEL_BILGI
ZOREN,11.08.2023 18:30:23,0,0,0,0,GENEL_BILGI
ZOREN,11.08.2023 18:30:48,0,0,0,0,GENEL_BILGI
ZOREN,14.08.2023 16:42:29,30,2,0,0,YATIRIM_SOZLESME
ZOREN,15.08.2023 15:20:26,0,0,0,0,GENEL_BILGI
ZOREN,16.08.2023 08:48:24,0,0,0,0,GENEL_BILGI
ZOREN,16.08.2023 09:09:41,0,0,0,0,GENEL_BILGI
ZOREN,17.08.2023 08:59:30,0,0,0,0,GENEL_BILGI
ZOREN,17.08.2023 16:29:18,0,0,0,0,GENEL_BILGI
ZOREN,17.08.2023 16:33:39,0,0,0,0,GENEL_BILGI
ZOREN,18.08.2023 16:23:41,0,2,0,0,FINANSAL_RAPOR
ZOREN,18.08.2023 17:00:05,0,0,0,0,GENEL_BILGI
ZOREN,18.08.2023 17:24:23,-40,5,1,0,GENEL_BILGI
ZOREN,21.08.2023 16:26:18,0,0,0,0,GENEL_BILGI
ZOREN,22.08.2023 14:14:32,0,0,0,0,GENEL_BILGI
ZOREN,22.08.2023 16:41:31,0,0,0,0,GENEL_BILGI
ZOREN,22.08.2023 16:43:20,0,0,0,0,GENEL_BILGI
ZOREN,22.08.2023 17:36:50,0,1,1,0,FINANSAL_RAPOR
ZOREN,23.08.2023 15:51:53,0,0,0,0,GENEL_BILGI
ZOREN,23.08.2023 16:48:35,0,0,0,0,GENEL_BILGI
ZOREN,23.08.2023 16:48:56,0,0,0,0,GENEL_BILGI
ZOREN,23.08.2023 16:58:52,0,0,0,0,GENEL_BILGI
ZOREN,23.08.2023 17:58:14,-40,5,1,0,GENEL_BILGI
ZOREN,24.08.2023 16:00:26,-40,5,1,0,GENEL_BILGI
ZOREN,24.08.2023 16:18:38,0,0,0,0,GENEL_BILGI
ZOREN,24.08.2023 16:18:59,0,1,0,0,FINANSAL_RAPOR
ZOREN,24.08.2023 16:34:05,0,2,0,0,YATIRIM_SOZLESME
ZOREN,24.08.2023 16:34:27,0,0,0,0,GENEL_BILGI
ZOREN,24.08.2023 16:34:48,0,0,0,0,GENEL_BILGI
ZOREN,24.08.2023 17:04:07,0,1,0,0,FINANSAL_RAPOR
ZOREN,25.08.2023 16:26:19,0,1,0,0,FINANSAL_RAPOR
ZOREN,25.08.2023 16:26:54,0,0,0,0,GENEL_BILGI
ZOREN,25.08.2023 16:27:36,0,0,0,0,GENEL_BILGI
ZOREN,25.08.2023 17:05:56,0,2,0,0,YATIRIM_SOZLESME
ZOREN,29.08.2023 09:10:10,0,0,0,0,GENEL_BILGI
ZOREN,29.08.2023 15:38:34,30,2,0,0,YATIRIM_SOZLESME
ZOREN,31.08.2023 13:13:27,0,0,0,0,GENEL_BILGI
ZOREN,31.08.2023 18:26:20,30,2,0,0,SERMAYE_TEMETTU
ZOREN,01.09.2023 09:36:58,0,0,0,0,GENEL_BILGI
ZOREN,07.09.2023 10:52:06,0,2,0,0,YATIRIM_SOZLESME
ZOREN,07.09.2023 10:53:06,0,2,0,0,YATIRIM_SOZLESME
ZOREN,07.09.2023 16:14:01,0,1,0,0,FINANSAL_RAPOR
ZOREN,07.09.2023 16:15:05,0,1,0,0,FINANSAL_RAPOR
ZOREN,07.09.2023 16:15:51,0,0,0,0,GENEL_BILGI
ZOREN,07.09.2023 17:01:26,0,0,0,0,GENEL_BILGI
ZOREN,07.09.2023 17:47:49,0,2,0,0,YATIRIM_SOZLESME
ZOREN,08.09.2023 15:54:58,0,0,0,0,GENEL_BILGI
ZOREN,08.09.2023 16:59:05,0,0,0,0,GENEL_BILGI
ZOREN,11.09.2023 16:59:49,0,0,0,0,GENEL_BILGI
ZOREN,11.09.2023 17:00:10,0,0,0,0,GENEL_BILGI
ZOREN,12.09.2023 11:18:46,0,2,0,0,FINANSAL_RAPOR
ZOREN,12.09.2023 11:19:09,0,1,0,0,FINANSAL_RAPOR
ZOREN,12.09.2023 16:59:59,0,0,0,0,GENEL_BILGI
ZOREN,13.09.2023 08:51:59,0,0,0,0,GENEL_BILGI
ZOREN,19.09.2023 16:32:50,0,0,0,0,GENEL_BILGI
ZOREN,20.09.2023 14:24:32,0,1,0,0,YATIRIM_SOZLESME
ZOREN,20.09.2023 16:21:24,0,1,0,0,FINANSAL_RAPOR
ZOREN,20.09.2023 16:51:56,0,1,1,0,YATIRIM_SOZLESME
ZOREN,21.09.2023 14:26:07,0,0,0,0,GENEL_BILGI
ZOREN,21.09.2023 16:26:15,0,0,0,0,GENEL_BILGI
ZOREN,21.09.2023 16:41:41,0,1,0,0,SERMAYE_TEMETTU
ZOREN,21.09.2023 17:21:55,0,0,0,0,GENEL_BILGI
ZOREN,21.09.2023 21:25:23,0,0,0,0,GENEL_BILGI
ZOREN,22.09.2023 15:57:26,0,0,0,0,GENEL_BILGI
ZOREN,22.09.2023 16:36:54,0,1,0,0,YATIRIM_SOZLESME
ZOREN,22.09.2023 16:37:48,0,0,0,0,GENEL_BILGI
ZOREN,22.09.2023 17:01:48,0,0,0,0,GENEL_BILGI
ZOREN,25.09.2023 10:50:11,0,2,0,0,FINANSAL_RAPOR
ZOREN,25.09.2023 15:23:58,0,1,0,0,FINANSAL_RAPOR
ZOREN,25.09.2023 15:24:16,0,1,0,0,FINANSAL_RAPOR
ZOREN,25.09.2023 16:08:10,0,5,0,2,YATIRIM_SOZLESME
ZOREN,25.09.2023 16:48:38,0,1,0,0,GENEL_BILGI
ZOREN,25.09.2023 16:48:56,0,0,0,0,GENEL_BILGI
ZOREN,25.09.2023 16:49:14,0,1,0,0,FINANSAL_RAPOR
ZOREN,25.09.2023 16:56:15,0,0,0,0,GENEL_BILGI
ZOREN,25.09.2023 17:42:07,0,2,1,0,YATIRIM_SOZLESME
ZOREN,26.09.2023 15:40:42,0,0,0,0,GENEL_BILGI
ZOREN,26.09.2023 15:41:06,0,0,0,0,GENEL_BILGI
ZOREN,26.09.2023 15:41:29,0,0,0,0,GENEL_BILGI
ZOREN,26.09.2023 16:47:50,0,5,0,0,GENEL_BILGI
ZOREN,26.09.2023 17:01:36,0,0,0,0,GENEL_BILGI
ZOREN,27.09.2023 10:24:49,0,2,0,0,YATIRIM_SOZLESME
ZOREN,27.09.2023 13:28:13,0,1,0,0,YATIRIM_SOZLESME
ZOREN,27.09.2023 13:28:23,0,2,0,0,FINANSAL_RAPOR
ZOREN,27.09.2023 17:05:13,0,0,0,0,GENEL_BILGI
ZOREN,27.09.2023 17:46:57,0,2,0,0,YATIRIM_SOZLESME
ZOREN,27.09.2023 17:54:53,-40,5,1,0,GENEL_BILGI
ZOREN,29.09.2023 13:44:09,0,0,0,0,GENEL_BILGI
ZOREN,29.09.2023 13:52:03,0,2,1,0,YATIRIM_SOZLESME
ZOREN,02.10.2023 09:12:48,0,0,0,0,GENEL_BILGI
ZOREN,05.10.2023 12:21:57,0,0,1,0,GENEL_BILGI
ZOREN,05.10.2023 13:40:37,-40,5,1,0,GENEL_BILGI
ZOREN,06.10.2023 16:13:08,0,0,0,0,GENEL_BILGI
ZOREN,06.10.2023 17:16:11,0,0,0,0,GENEL_BILGI
ZOREN,09.10.2023 14:53:37,0,0,0,0,GENEL_BILGI
ZOREN,09.10.2023 16:59:02,0,0,1,0,GENEL_BILGI
ZOREN,09.10.2023 17:10:15,-40,5,1,0,GENEL_BILGI
ZOREN,10.10.2023 10:50:13,0,0,0,0,GENEL_BILGI
ZOREN,11.10.2023 15:53:19,0,0,0,0,GENEL_BILGI
ZOREN,11.10.2023 16:41:41,0,1,0,0,YATIRIM_SOZLESME
ZOREN,11.10.2023 16:43:29,0,0,0,0,GENEL_BILGI
ZOREN,11.10.2023 17:47:54,-40,5,1,0,GENEL_BILGI
ZOREN,12.10.2023 15:02:51,0,2,0,0,YATIRIM_SOZLESME
ZOREN,12.10.2023 15:03:12,0,1,0,0,FINANSAL_RAPOR
ZOREN,12.10.2023 16:59:27,-40,5,1,0,GENEL_BILGI
ZOREN,12.10.2023 17:03:38,0,0,0,0,GENEL_BILGI
ZOREN,18.10.2023 08:52:58,0,0,0,0,GENEL_BILGI
ZOREN,19.10.2023 17:14:36,0,1,0,0,YATIRIM_SOZLESME
ZOREN,20.10.2023 15:06:47,0,2,0,0,FINANSAL_RAPOR
ZOREN,20.10.2023 17:23:38,0,0,0,0,GENEL_BILGI
ZOREN,23.10.2023 08:50:15,0,0,0,0,GENEL_BILGI
ZOREN,23.10.2023 16:42:16,0,1,0,0,FINANSAL_RAPOR
ZOREN,24.10.2023 13:38:51,0,0,0,0,GENEL_BILGI
ZOREN,24.10.2023 15:36:02,0,0,0,0,GENEL_BILGI
ZOREN,24.10.2023 16:29:42,0,1,0,0,FINANSAL_RAPOR
ZOREN,24.10.2023 17:07:25,0,1,0,0,YATIRIM_SOZLESME
ZOREN,25.10.2023 09:12:49,0,0,0,0,GENEL_BILGI
ZOREN,25.10.2023 14:17:13,-40,5,1,0,GENEL_BILGI
ZOREN,25.10.2023 15:43:51,0,0,0,0,GENEL_BILGI
ZOREN,25.10.2023 16:26:01,0,1,0,0,FINANSAL_RAPOR
ZOREN,25.10.2023 17:13:03,0,1,0,0,Nakit_Uzlasimi_Odeme
ZOREN,26.10.2023 10:19:24,0,2,0,0,YATIRIM_SOZLESME
ZOREN,26.10.2023 14:00:03,0,1,0,0,FINANSAL_RAPOR
ZOREN,26.10.2023 14:00:50,0,1,0,0,SERMAYE_TEMETTU
ZOREN,26.10.2023 15:52:47,0,0,0,0,GENEL_BILGI
ZOREN,26.10.2023 16:51:14,0,1,0,0,FINANSAL_RAPOR
ZOREN,26.10.2023 16:51:32,0,0,0,0,GENEL_BILGI
ZOREN,26.10.2023 16:51:49,0,1,0,0,YATIRIM_SOZLESME
ZOREN,26.10.2023 17:10:25,0,0,0,0,GENEL_BILGI
ZOREN,26.10.2023 17:41:53,0,2,0,0,YATIRIM_SOZLESME
ZOREN,27.10.2023 10:31:11,0,0,1,0,GENEL_BILGI
ZOREN,27.10.2023 14:42:59,0,0,0,0,GENEL_BILGI
ZOREN,27.10.2023 16:45:23,0,1,0,0,FINANSAL_RAPOR
ZOREN,27.10.2023 16:45:47,0,0,0,0,GENEL_BILGI
ZOREN,27.10.2023 16:46:06,0,0,0,0,GENEL_BILGI
ZOREN,27.10.2023 16:57:12,0,0,0,0,GENEL_BILGI
ZOREN,30.10.2023 09:05:28,0,0,0,0,GENEL_BILGI
ZOREN,30.10.2023 16:59:17,0,5,0,0,GENEL_BILGI
ZOREN,31.10.2023 16:41:41,0,5,0,0,GENEL_BILGI
ZOREN,01.11.2023 13:49:01,-40,5,1,0,GENEL_BILGI
ZOREN,01.11.2023 16:41:56,0,1,0,0,FINANSAL_RAPOR
ZOREN,02.11.2023 16:13:20,0,1,0,0,GENEL_BILGI
ZOREN,02.11.2023 16:55:50,0,1,0,0,FINANSAL_RAPOR
ZOREN,03.11.2023 15:24:12,40,5,0,2,GENEL_BILGI
ZOREN,07.11.2023 18:17:56,0,0,0,0,GENEL_BILGI
ZOREN,07.11.2023 18:18:19,0,0,0,0,GENEL_BILGI
ZOREN,07.11.2023 18:18:52,0,0,0,0,GENEL_BILGI
ZOREN,08.11.2023 16:44:17,0,0,0,0,GENEL_BILGI
ZOREN,08.11.2023 17:06:30,-20,2,0,0,FINANSAL_RAPOR
ZOREN,09.11.2023 11:18:53,0,0,0,0,GENEL_BILGI
ZOREN,09.11.2023 11:19:13,0,2,0,0,YATIRIM_SOZLESME
ZOREN,09.11.2023 11:19:33,0,0,0,0,GENEL_BILGI
ZOREN,09.11.2023 16:31:01,0,2,0,0,FINANSAL_RAPOR
ZOREN,09.11.2023 16:31:28,0,1,0,0,YATIRIM_SOZLESME
ZOREN,09.11.2023 16:31:51,0,1,0,0,FINANSAL_RAPOR
ZOREN,09.11.2023 17:27:32,0,0,1,0,YATIRIM_SOZLESME
ZOREN,09.11.2023 17:33:21,0,2,0,0,YATIRIM_SOZLESME
ZOREN,10.11.2023 15:11:00,0,0,0,0,GENEL_BILGI
ZOREN,10.11.2023 16:58:02,0,0,0,0,GENEL_BILGI
ZOREN,13.11.2023 09:15:30,0,0,0,0,GENEL_BILGI
ZOREN,13.11.2023 16:38:07,0,0,0,0,GENEL_BILGI
ZOREN,13.11.2023 16:38:29,0,1,0,0,FINANSAL_RAPOR
ZOREN,14.11.2023 14:48:37,0,1,0,0,FINANSAL_RAPOR
ZOREN,14.11.2023 14:49:02,0,0,0,0,GENEL_BILGI
ZOREN,14.11.2023 17:38:19,0,0,1,0,YATIRIM_SOZLESME
ZOREN,21.11.2023 09:04:30,0,0,0,0,GENEL_BILGI
ZOREN,21.11.2023 16:21:47,0,0,0,0,GENEL_BILGI
ZOREN,22.11.2023 16:13:05,0,1,0,0,YATIRIM_SOZLESME
ZOREN,22.11.2023 17:05:46,0,0,0,0,GENEL_BILGI
ZOREN,23.11.2023 10:55:20,-20,2,0,0,FINANSAL_RAPOR
ZOREN,23.11.2023 16:42:16,0,1,0,0,FINANSAL_RAPOR
ZOREN,24.11.2023 15:19:48,0,0,0,0,GENEL_BILGI
ZOREN,24.11.2023 16:56:07,0,1,0,0,FINANSAL_RAPOR
ZOREN,27.11.2023 16:55:01,0,1,0,0,FINANSAL_RAPOR
ZOREN,27.11.2023 16:55:25,0,0,0,0,GENEL_BILGI
ZOREN,27.11.2023 16:55:50,0,1,0,0,FINANSAL_RAPOR
ZOREN,27.11.2023 16:56:11,0,1,0,0,FINANSAL_RAPOR
ZOREN,28.11.2023 09:08:51,0,0,0,0,GENEL_BILGI
ZOREN,28.11.2023 11:55:07,0,0,0,0,GENEL_BILGI
ZOREN,28.11.2023 15:24:21,0,0,0,0,GENEL_BILGI
ZOREN,28.11.2023 15:24:42,0,0,0,0,GENEL_BILGI
ZOREN,28.11.2023 15:25:01,0,0,0,0,GENEL_BILGI
ZOREN,28.11.2023 15:25:21,0,0,0,0,GENEL_BILGI
ZOREN,28.11.2023 17:04:29,0,1,0,0,FINANSAL_RAPOR
ZOREN,30.11.2023 09:10:30,0,0,0,0,GENEL_BILGI
ZOREN,30.11.2023 15:46:48,0,0,0,0,GENEL_BILGI
ZOREN,05.12.2023 16:45:58,0,2,0,0,YATIRIM_SOZLESME
ZOREN,06.12.2023 11:13:42,-20,2,1,0,FINANSAL_RAPOR
ZOREN,06.12.2023 16:52:27,0,0,0,0,GENEL_BILGI
ZOREN,06.12.2023 16:52:44,0,0,0,0,GENEL_BILGI
ZOREN,06.12.2023 17:46:57,-40,5,1,0,GENEL_BILGI
ZOREN,07.12.2023 16:10:58,0,0,0,0,GENEL_BILGI
ZOREN,07.12.2023 16:11:19,0,0,0,0,GENEL_BILGI
ZOREN,07.12.2023 16:59:00,0,0,0,0,GENEL_BILGI
ZOREN,13.12.2023 16:46:18,0,0,0,0,GENEL_BILGI
ZOREN,13.12.2023 16:46:38,0,0,0,0,GENEL_BILGI
ZOREN,13.12.2023 17:55:08,-40,5,1,0,GENEL_BILGI
ZOREN,14.12.2023 11:14:49,0,2,0,0,YATIRIM_SOZLESME
ZOREN,14.12.2023 11:16:11,0,2,0,0,YATIRIM_SOZLESME
ZOREN,14.12.2023 16:08:55,0,1,0,0,YATIRIM_SOZLESME
ZOREN,14.12.2023 16:09:20,0,1,0,0,YATIRIM_SOZLESME
ZOREN,14.12.2023 16:09:59,0,1,0,0,FINANSAL_RAPOR
ZOREN,14.12.2023 16:10:22,0,0,0,0,GENEL_BILGI
ZOREN,14.12.2023 16:15:22,0,2,0,0,FINANSAL_RAPOR
ZOREN,14.12.2023 16:16:11,0,1,0,0,FINANSAL_RAPOR
ZOREN,14.12.2023 17:10:23,0,0,0,0,GENEL_BILGI
ZOREN,14.12.2023 18:06:13,0,1,0,0,GENEL_BILGI
ZOREN,20.12.2023 15:50:58,0,2,0,0,YATIRIM_SOZLESME
ZOREN,21.12.2023 11:02:10,0,2,0,0,YATIRIM_SOZLESME
ZOREN,21.12.2023 16:37:32,0,2,0,0,YATIRIM_SOZLESME
ZOREN,21.12.2023 16:49:55,0,2,1,0,YATIRIM_SOZLESME
ZOREN,21.12.2023 17:36:13,0,2,0,0,ROUTINE_INFO
ZOREN,22.12.2023 16:21:35,0,2,0,0,FINANSAL_RAPOR
ZOREN,22.12.2023 16:57:47,0,1,0,0,FINANSAL_RAPOR
ZOREN,22.12.2023 18:15:18,0,0,0,0,GENEL_BILGI
ZOREN,25.12.2023 11:01:38,-40,5,1,0,GENEL_BILGI
ZOREN,26.12.2023 09:04:22,0,1,0,0,GENEL_BILGI
ZOREN,26.12.2023 16:54:56,0,0,0,0,GENEL_BILGI
ZOREN,26.12.2023 16:55:15,0,1,0,0,FINANSAL_RAPOR
ZOREN,26.12.2023 16:55:34,0,0,0,0,GENEL_BILGI
ZOREN,27.12.2023 16:34:07,0,0,0,0,GENEL_BILGI
ZOREN,27.12.2023 16:34:34,0,0,0,0,GENEL_BILGI
ZOREN,27.12.2023 16:34:51,0,0,0,0,GENEL_BILGI
ZOREN,27.12.2023 16:55:24,0,0,0,0,GENEL_BILGI
ZOREN,27.12.2023 16:59:12,0,1,0,0,GENEL_BILGI
ZOREN,28.12.2023 16:53:21,0,0,0,0,GENEL_BILGI
ZOREN,28.12.2023 16:55:08,0,0,0,0,GENEL_BILGI
ZOREN,28.12.2023 16:55:30,0,0,0,0,GENEL_BILGI
ZOREN,28.12.2023 16:55:47,30,1,0,0,FINANSAL_RAPOR
ZOREN,29.12.2023 15:35:05,0,0,0,0,GENEL_BILGI
ZOREN,29.12.2023 15:35:39,0,0,0,0,GENEL_BILGI
ZOREN,29.12.2023 16:55:08,0,1,1,0,FINANSAL_RAPOR
ZOREN,02.01.2024 16:40:02,0,1,0,0,YATIRIM_SOZLESME
ZOREN,03.01.2024 11:00:37,0,0,0,0,GENEL_BILGI
ZOREN,03.01.2024 14:48:41,0,0,0,0,GENEL_BILGI
ZOREN,03.01.2024 16:55:38,0,0,0,0,GENEL_BILGI
ZOREN,05.01.2024 08:29:02,30,2,0,0,YATIRIM_SOZLESME
ZOREN,05.01.2024 16:21:38,0,0,0,0,GENEL_BILGI
ZOREN,06.01.2024 14:11:59,-20,2,0,0,GENEL_BILGI
ZOREN,08.01.2024 16:51:27,-20,2,0,0,GENEL_BILGI
ZOREN,10.01.2024 09:54:01,0,2,0,0,YATIRIM_SOZLESME
ZOREN,11.01.2024 14:17:02,0,0,0,0,GENEL_BILGI
ZOREN,11.01.2024 16:42:02,0,0,0,0,GENEL_BILGI
ZOREN,11.01.2024 17:08:57,30,2,0,0,YATIRIM_SOZLESME
ZOREN,12.01.2024 14:10:38,0,0,0,0,GENEL_BILGI
ZOREN,12.01.2024 17:25:37,0,2,0,0,YATIRIM_SOZLESME
ZOREN,15.01.2024 16:33:51,0,1,0,0,YATIRIM_SOZLESME
ZOREN,15.01.2024 16:34:16,0,0,0,0,GENEL_BILGI
ZOREN,16.01.2024 15:55:39,0,2,0,0,FINANSAL_RAPOR
ZOREN,16.01.2024 15:56:11,0,1,0,0,FINANSAL_RAPOR
ZOREN,16.01.2024 17:10:30,0,1,1,0,FINANSAL_RAPOR
ZOREN,17.01.2024 11:46:01,-40,5,1,0,GENEL_BILGI
ZOREN,18.01.2024 16:34:51,0,1,0,0,YATIRIM_SOZLESME
ZOREN,19.01.2024 15:27:21,0,0,0,0,GENEL_BILGI
ZOREN,19.01.2024 16:56:35,0,1,0,0,FINANSAL_RAPOR
ZOREN,23.01.2024 16:33:16,0,1,0,0,YATIRIM_SOZLESME
ZOREN,24.01.2024 11:23:43,0,1,0,0,FINANSAL_RAPOR
ZOREN,24.01.2024 16:24:24,0,0,0,0,GENEL_BILGI
ZOREN,24.01.2024 16:42:18,0,5,0,0,GENEL_BILGI
ZOREN,24.01.2024 17:14:36,0,1,0,0,YATIRIM_SOZLESME
ZOREN,25.01.2024 13:39:32,0,0,0,0,GENEL_BILGI
ZOREN,25.01.2024 17:07:08,0,0,0,0,GENEL_BILGI
ZOREN,29.01.2024 16:12:52,30,1,0,0,FINANSAL_RAPOR
ZOREN,29.01.2024 16:13:13,0,0,0,0,GENEL_BILGI
ZOREN,30.01.2024 15:18:45,0,0,0,0,GENEL_BILGI
ZOREN,30.01.2024 15:19:50,0,0,0,0,GENEL_BILGI
ZOREN,30.01.2024 17:05:27,0,0,0,0,GENEL_BILGI
ZOREN,31.01.2024 16:37:49,0,0,0,0,GENEL_BILGI
ZOREN,31.01.2024 16:38:19,0,1,0,0,GENEL_BILGI
ZOREN,01.02.2024 10:08:35,0,2,0,0,YATIRIM_SOZLESME
ZOREN,01.02.2024 10:09:37,0,2,0,0,YATIRIM_SOZLESME
ZOREN,01.02.2024 11:27:07,0,0,0,0,GENEL_BILGI
ZOREN,01.02.2024 11:52:32,0,2,0,0,YATIRIM_SOZLESME
ZOREN,01.02.2024 16:18:41,0,0,0,0,GENEL_BILGI
ZOREN,01.02.2024 16:19:06,0,1,0,0,YATIRIM_SOZLESME
ZOREN,01.02.2024 16:19:30,0,0,0,0,GENEL_BILGI
ZOREN,01.02.2024 16:20:04,0,0,0,0,GENEL_BILGI
ZOREN,01.02.2024 17:01:48,0,0,0,0,GENEL_BILGI
ZOREN,01.02.2024 17:47:09,0,2,0,0,YATIRIM_SOZLESME
ZOREN,07.02.2024 11:49:17,-20,2,0,0,FINANSAL_RAPOR
ZOREN,07.02.2024 16:58:24,0,0,0,0,GENEL_BILGI
ZOREN,07.02.2024 16:58:52,0,0,0,0,GENEL_BILGI
ZOREN,08.02.2024 15:16:48,0,0,0,0,GENEL_BILGI
ZOREN,08.02.2024 15:17:33,0,0,0,0,GENEL_BILGI
ZOREN,08.02.2024 16:59:53,0,1,0,0,YATIRIM_SOZLESME
ZOREN,09.02.2024 16:32:20,0,0,0,0,GENEL_BILGI
ZOREN,12.02.2024 11:30:41,0,0,0,0,GENEL_BILGI
ZOREN,12.02.2024 16:52:41,0,0,0,0,GENEL_BILGI
ZOREN,13.02.2024 19:42:27,0,0,0,0,GENEL_BILGI
ZOREN,14.02.2024 10:09:46,-40,5,1,0,GENEL_BILGI
ZOREN,14.02.2024 17:32:16,0,2,0,0,FINANSAL_RAPOR
ZOREN,14.02.2024 17:32:46,0,1,0,0,YATIRIM_SOZLESME
ZOREN,15.02.2024 09:47:42,-20,2,0,0,GENEL_BILGI
ZOREN,15.02.2024 14:51:59,0,1,0,0,FINANSAL_RAPOR
ZOREN,15.02.2024 14:52:22,0,2,0,0,FINANSAL_RAPOR
ZOREN,15.02.2024 16:55:13,0,0,0,0,GENEL_BILGI
ZOREN,16.02.2024 16:23:20,0,0,0,0,GENEL_BILGI
ZOREN,19.02.2024 13:32:15,0,2,0,0,FINANSAL_RAPOR
ZOREN,19.02.2024 17:13:46,0,1,0,0,Nakit_Uzlasici_Odeme
ZOREN,21.02.2024 21:24:23,0,0,0,0,GENEL_BILGI
ZOREN,22.02.2024 18:12:29,0,0,0,0,GENEL_BILGI
ZOREN,27.02.2024 17:43:05,-40,5,1,0,GENEL_BILGI
ZOREN,28.02.2024 16:51:32,0,0,0,0,GENEL_BILGI
ZOREN,28.02.2024 16:51:54,0,2,0,0,FINANSAL_RAPOR
ZOREN,29.02.2024 14:37:46,0,1,0,0,YATIRIM_SOZLESME
ZOREN,29.02.2024 14:39:03,0,0,0,0,GENEL_BILGI
ZOREN,29.02.2024 16:41:08,0,1,0,0,GENEL_BILGI
ZOREN,29.02.2024 17:38:06,0,1,0,0,FINANSAL_RAPOR
ZOREN,01.03.2024 13:30:33,0,0,0,0,GENEL_BILGI
ZOREN,01.03.2024 17:36:23,0,0,0,0,GENEL_BILGI
ZOREN,04.03.2024 16:45:56,0,1,0,0,YATIRIM_SOZLESME
ZOREN,05.03.2024 14:38:23,0,0,0,0,GENEL_BILGI
ZOREN,05.03.2024 15:54:25,0,0,0,0,YATIRIM_SOZLESME
ZOREN,05.03.2024 17:01:53,0,2,1,0,YATIRIM_SOZLESME
ZOREN,06.03.2024 16:38:07,0,1,0,0,FINANSAL_RAPOR
ZOREN,06.03.2024 16:38:46,0,1,0,0,FINANSAL_RAPOR
ZOREN,07.03.2024 10:32:24,0,2,0,0,YATIRIM_SOZLESME
ZOREN,07.03.2024 10:32:55,0,2,0,0,FINANSAL_RAPOR
ZOREN,07.03.2024 10:33:27,0,2,0,0,YATIRIM_SOZLESME
ZOREN,07.03.2024 16:29:08,0,1,0,0,FINANSAL_RAPOR
ZOREN,07.03.2024 16:29:30,0,1,0,0,YATIRIM_SOZLESME
ZOREN,07.03.2024 16:53:24,0,0,0,0,GENEL_BILGI
ZOREN,07.03.2024 16:53:46,0,1,0,0,FINANSAL_RAPOR
ZOREN,07.03.2024 17:05:02,0,2,1,0,YATIRIM_SOZLESME
ZOREN,07.03.2024 17:57:17,0,2,0,0,YATIRIM_SOZLESME
ZOREN,12.03.2024 16:24:13,0,1,0,0,FINANSAL_RAPOR
ZOREN,13.03.2024 08:29:27,0,2,0,2,FINANSAL_RAPOR
ZOREN,13.03.2024 11:33:54,0,0,0,0,GENEL_BILGI
ZOREN,13.03.2024 16:56:10,0,0,0,0,GENEL_BILGI
ZOREN,18.03.2024 17:09:09,0,1,0,0,YATIRIM_SOZLESME
ZOREN,18.03.2024 17:10:17,0,1,0,0,YATIRIM_SOZLESME
ZOREN,19.03.2024 11:17:16,0,1,0,0,FINANSAL_RAPOR
ZOREN,19.03.2024 11:19:04,0,2,0,0,FINANSAL_RAPOR
ZOREN,19.03.2024 17:17:40,0,0,0,0,GENEL_BILGI
ZOREN,19.03.2024 17:22:31,0,0,0,0,GENEL_BILGI
ZOREN,20.03.2024 13:31:58,0,1,0,0,YATIRIM_SOZLESME
ZOREN,20.03.2024 16:57:35,0,1,0,0,FINANSAL_RAPOR
ZOREN,21.03.2024 18:13:54,0,0,0,0,GENEL_BILGI
ZOREN,26.03.2024 10:47:42,-40,5,1,0,GENEL_BILGI
ZOREN,26.03.2024 11:51:01,-40,5,1,0,GENEL_BILGI
ZOREN,26.03.2024 13:06:57,-40,5,1,0,GENEL_BILGI
ZOREN,26.03.2024 16:47:32,0,0,0,0,GENEL_BILGI
ZOREN,26.03.2024 16:48:22,0,1,0,0,FINANSAL_RAPOR
ZOREN,27.03.2024 11:36:23,0,0,0,0,GENEL_BILGI
ZOREN,27.03.2024 11:36:55,0,1,0,0,FINANSAL_RAPOR
ZOREN,27.03.2024 16:55:53,0,0,0,0,GENEL_BILGI
ZOREN,28.03.2024 16:53:52,30,1,0,0,FINANSAL_RAPOR
ZOREN,29.03.2024 14:21:19,0,2,0,0,FINANSAL_RAPOR
ZOREN,29.03.2024 16:57:21,0,0,0,0,GENEL_BILGI
ZOREN,01.04.2024 10:50:35,-40,5,1,0,GENEL_BILGI
ZOREN,02.04.2024 16:33:29,0,0,0,0,GENEL_BILGI
ZOREN,03.04.2024 04:34:16,0,0,0,0,GENEL_BILGI
ZOREN,03.04.2024 04:34:59,0,0,0,0,GENEL_BILGI
ZOREN,03.04.2024 04:36:08,0,0,0,0,GENEL_BILGI
ZOREN,03.04.2024 04:36:55,0,0,0,0,GENEL_BILGI
ZOREN,03.04.2024 10:34:19,-40,5,1,0,GENEL_BILGI
ZOREN,03.04.2024 15:28:43,0,0,0,0,GENEL_BILGI
ZOREN,03.04.2024 16:49:30,0,0,0,0,GENEL_BILGI
ZOREN,03.04.2024 17:00:20,0,2,1,0,YATIRIM_SOZLESME
ZOREN,03.04.2024 18:29:20,0,0,0,0,GENEL_BILGI
ZOREN,04.04.2024 10:36:58,0,2,0,0,YATIRIM_SOZLESME
ZOREN,04.04.2024 10:37:32,0,0,0,0,GENEL_BILGI
ZOREN,04.04.2024 15:26:38,0,0,0,0,GENEL_BILGI
ZOREN,04.04.2024 15:28:08,0,1,0,0,YATIRIM_SOZLESME
ZOREN,04.04.2024 15:28:49,0,0,0,0,GENEL_BILGI
ZOREN,04.04.2024 17:03:55,0,1,0,0,YATIRIM_SOZLESME
ZOREN,04.04.2024 17:52:26,0,2,0,0,YATIRIM_SOZLESME
ZOREN,04.04.2024 18:02:08,-20,2,0,0,FINANSAL_RAPOR
ZOREN,15.04.2024 17:00:03,0,0,0,0,GENEL_BILGI
ZOREN,16.04.2024 09:12:25,30,2,0,0,YATIRIM_SOZLESME
ZOREN,16.04.2024 13:51:25,0,0,0,0,GENEL_BILGI
ZOREN,16.04.2024 15:05:45,0,0,0,0,GENEL_BILGI
ZOREN,16.04.2024 16:54:03,0,0,0,0,GENEL_BILGI
ZOREN,17.04.2024 16:45:12,0,0,0,0,GENEL_BILGI
ZOREN,17.04.2024 16:45:36,0,1,0,0,GENEL_BILGI
ZOREN,17.04.2024 16:46:01,0,0,0,0,GENEL_BILGI
ZOREN,18.04.2024 13:44:13,0,1,0,0,FINANSAL_RAPOR
ZOREN,18.04.2024 13:44:38,0,2,0,0,FINANSAL_RAPOR
ZOREN,18.04.2024 13:45:05,0,2,0,0,FINANSAL_RAPOR
ZOREN,18.04.2024 16:56:27,0,0,0,0,GENEL_BILGI
ZOREN,24.04.2024 15:21:39,0,5,0,2,GENEL_BILGI
ZOREN,24.04.2024 16:38:07,0,1,0,0,FINANSAL_RAPOR
ZOREN,25.04.2024 11:30:11,-20,2,0,0,FINANSAL_RAPOR
ZOREN,25.04.2024 13:54:28,0,1,0,0,FINANSAL_RAPOR
ZOREN,25.04.2024 14:25:40,0,5,0,0,GENEL_BILGI
ZOREN,25.04.2024 17:02:49,0,0,0,0,GENEL_BILGI
ZOREN,02.05.2024 16:55:28,0,0,0,0,GENEL_BILGI
ZOREN,02.05.2024 16:56:28,0,1,0,0,GENEL_BILGI
ZOREN,02.05.2024 16:57:31,0,1,0,0,GENEL_BILGI
ZOREN,03.05.2024 14:30:48,0,0,0,0,GENEL_BILGI
ZOREN,03.05.2024 14:31:43,0,0,0,0,GENEL_BILGI
ZOREN,03.05.2024 14:32:27,0,0,0,0,GENEL_BILGI
ZOREN,03.05.2024 14:37:18,0,0,0,0,GENEL_BILGI
ZOREN,03.05.2024 17:37:29,0,0,0,0,GENEL_BILGI
ZOREN,03.05.2024 22:34:51,-20,2,0,0,FINANSAL_RAPOR
ZOREN,08.05.2024 16:37:37,0,0,0,0,GENEL_BILGI
ZOREN,08.05.2024 16:38:09,0,0,0,0,GENEL_BILGI
ZOREN,09.05.2024 14:29:49,0,1,0,0,FINANSAL_RAPOR
ZOREN,09.05.2024 14:31:56,0,0,0,0,GENEL_BILGI
ZOREN,09.05.2024 17:09:40,0,0,0,0,GENEL_BILGI
ZOREN,13.05.2024 16:23:53,-40,5,1,0,GENEL_BILGI
ZOREN,16.05.2024 10:09:50,0,2,0,0,YATIRIM_SOZLESME
ZOREN,16.05.2024 10:10:26,30,2,0,0,YATIRIM_SOZLESME
ZOREN,16.05.2024 14:14:52,0,0,0,0,GENEL_BILGI
ZOREN,16.05.2024 14:15:44,0,0,0,0,GENEL_BILGI
ZOREN,16.05.2024 16:44:01,0,0,0,0,GENEL_BILGI
ZOREN,16.05.2024 16:45:55,0,0,0,0,GENEL_BILGI
ZOREN,16.05.2024 16:58:05,0,0,0,0,GENEL_BILGI
ZOREN,16.05.2024 17:01:57,0,2,0,0,YATIRIM_SOZLESME
ZOREN,16.05.2024 17:48:20,0,2,0,0,YATIRIM_SOZLESME
ZOREN,17.05.2024 15:27:10,0,1,0,0,YATIRIM_SOZLESME
ZOREN,17.05.2024 15:27:34,0,0,0,0,GENEL_BILGI
ZOREN,17.05.2024 16:57:48,0,1,0,0,YATIRIM_SOZLESME
ZOREN,17.05.2024 21:14:30,0,2,0,0,GENEL_BILGI
ZOREN,20.05.2024 16:38:07,30,1,0,0,FINANSAL_RAPOR
ZOREN,20.05.2024 16:38:38,0,1,0,0,YATIRIM_SOZLESME
ZOREN,21.05.2024 15:14:25,0,0,0,0,GENEL_BILGI
ZOREN,21.05.2024 15:15:01,0,1,0,0,YATIRIM_SOZLESME
ZOREN,21.05.2024 17:12:08,0,0,0,0,GENEL_BILGI
ZOREN,23.05.2024 16:06:59,0,0,0,0,GENEL_BILGI
ZOREN,24.05.2024 18:05:04,30,2,0,2,YATIRIM_SOZLESME
ZOREN,27.05.2024 21:52:02,0,0,0,0,GENEL_BILGI
ZOREN,27.05.2024 22:31:16,-20,2,0,0,FINANSAL_RAPOR
ZOREN,27.05.2024 22:38:30,0,0,0,0,GENEL_BILGI
ZOREN,28.05.2024 11:40:49,0,1,0,0,GENEL_BILGI
ZOREN,28.05.2024 15:56:55,0,0,0,0,GENEL_BILGI
ZOREN,29.05.2024 16:33:00,0,2,0,0,GENEL_BILGI
ZOREN,30.05.2024 14:49:27,0,0,0,0,GENEL_BILGI
ZOREN,30.05.2024 14:59:02,0,0,0,0,GENEL_BILGI
ZOREN,03.06.2024 16:37:20,30,1,0,0,FINANSAL_RAPOR
ZOREN,04.06.2024 13:54:16,0,0,0,0,GENEL_BILGI
ZOREN,04.06.2024 16:48:29,0,5,0,0,GENEL_BILGI
ZOREN,04.06.2024 16:59:09,0,0,0,0,GENEL_BILGI
ZOREN,05.06.2024 17:53:10,0,0,0,0,GENEL_BILGI
ZOREN,05.06.2024 17:53:43,0,0,0,0,GENEL_BILGI
ZOREN,05.06.2024 17:54:13,0,1,0,0,FINANSAL_RAPOR
ZOREN,05.06.2024 17:54:42,0,1,0,0,FINANSAL_RAPOR
ZOREN,06.06.2024 15:45:32,0,1,0,0,FINANSAL_RAPOR
ZOREN,06.06.2024 15:46:04,0,1,0,0,FINANSAL_RAPOR
ZOREN,06.06.2024 15:46:54,0,0,0,0,GENEL_BILGI
ZOREN,06.06.2024 15:47:46,0,1,0,0,FINANSAL_RAPOR
ZOREN,06.06.2024 17:02:58,0,1,1,0,YATIRIM_SOZLESME
ZOREN,10.06.2024 10:03:14,0,0,0,0,GENEL_BILGI
ZOREN,13.06.2024 10:15:04,0,2,0,0,YATIRIM_SOZLESME
ZOREN,13.06.2024 14:18:28,0,0,0,0,GENEL_BILGI
ZOREN,13.06.2024 14:19:12,0,0,0,0,GENEL_BILGI
ZOREN,13.06.2024 16:37:07,0,0,0,0,GENEL_BILGI
ZOREN,13.06.2024 16:37:34,0,1,0,0,YATIRIM_SOZLESME
ZOREN,13.06.2024 16:52:00,0,0,0,0,GENEL_BILGI
ZOREN,13.06.2024 17:51:57,0,2,0,0,YATIRIM_SOZLESME
ZOREN,14.06.2024 13:37:12,0,1,0,0,YATIRIM_SOZLESME
ZOREN,14.06.2024 13:37:40,0,0,0,0,GENEL_BILGI
ZOREN,14.06.2024 17:00:47,0,0,0,0,GENEL_BILGI
ZOREN,14.06.2024 19:15:34,0,2,0,0,FINANSAL_RAPOR
ZOREN,20.06.2024 16:23:33,0,0,0,0,GENEL_BILGI
ZOREN,20.06.2024 16:24:30,0,1,0,0,YATIRIM_SOZLESME
ZOREN,21.06.2024 10:59:41,0,0,0,0,GENEL_BILGI
ZOREN,21.06.2024 11:00:19,0,0,0,0,GENEL_BILGI
ZOREN,21.06.2024 15:46:13,0,0,0,0,NA
ZOREN,24.06.2024 10:48:14,0,0,0,0,GENEL_BILGI
ZOREN,25.06.2024 14:53:33,0,0,0,0,GENEL_BILGI
ZOREN,25.06.2024 16:40:17,0,0,0,0,GENEL_BILGI
ZOREN,25.06.2024 16:40:44,0,0,0,0,GENEL_BILGI
ZOREN,26.06.2024 14:05:15,0,1,0,0,FINANSAL_RAPOR
ZOREN,26.06.2024 14:07:16,0,0,0,0,GENEL_BILGI
ZOREN,26.06.2024 16:57:51,0,0,0,0,GENEL_BILGI
ZOREN,28.06.2024 16:57:35,0,0,0,0,GENEL_BILGI
ZOREN,01.07.2024 16:48:05,-40,5,1,0,GENEL_BILGI
ZOREN,02.07.2024 18:24:02,0,0,0,0,GENEL_BILGI
ZOREN,02.07.2024 18:24:37,0,0,0,0,GENEL_BILGI
ZOREN,02.07.2024 18:25:06,0,0,0,0,GENEL_BILGI
ZOREN,03.07.2024 16:57:58,0,0,0,0,GENEL_BILGI
ZOREN,04.07.2024 11:20:52,0,0,0,0,GENEL_BILGI
ZOREN,04.07.2024 17:17:15,0,1,1,0,YATIRIM_SOZLESME
ZOREN,05.07.2024 16:10:34,0,5,0,0,GENEL_BILGI
ZOREN,11.07.2024 09:53:01,0,2,0,0,YATIRIM_SOZLESME
ZOREN,11.07.2024 14:36:01,0,0,0,0,GENEL_BILGI
ZOREN,11.07.2024 14:37:31,0,0,0,0,GENEL_BILGI
ZOREN,11.07.2024 14:38:12,0,0,0,0,GENEL_BILGI
ZOREN,11.07.2024 16:55:01,0,0,0,0,GENEL_BILGI
ZOREN,11.07.2024 16:55:52,0,1,0,0,FINANSAL_RAPOR
ZOREN,11.07.2024 16:55:22,0,0,0,0,GENEL_BILGI
ZOREN,11.07.2024 17:39:11,0,2,0,0,YATIRIM_SOZLESME
ZOREN,12.07.2024 15:52:09,0,1,0,0,GENEL_BILGI
ZOREN,12.07.2024 15:53:14,0,0,0,0,GENEL_BILGI
ZOREN,12.07.2024 16:57:09,0,0,0,0,GENEL_BILGI
ZOREN,24.07.2024 16:39:46,0,0,0,0,GENEL_BILGI
ZOREN,24.07.2024 16:40:41,0,1,0,0,FINANSAL_RAPOR
ZOREN,25.07.2024 14:11:57,0,1,0,0,FINANSAL_RAPOR
ZOREN,25.07.2024 14:12:30,0,0,0,0,GENEL_BILGI
ZOREN,25.07.2024 17:17:05,0,1,1,0,FINANSAL_RAPOR
ZOREN,30.07.2024 14:58:17,0,0,0,0,GENEL_BILGI
ZOREN,30.07.2024 19:27:41,0,0,0,0,GENEL_BILGI
ZOREN,31.07.2024 13:32:56,0,0,0,0,GENEL_BILGI
ZOREN,01.08.2024 10:19:19,30,2,0,0,YATIRIM_SOZLESME
ZOREN,01.08.2024 14:51:22,0,0,0,0,GENEL_BILGI
ZOREN,01.08.2024 14:51:59,0,0,0,0,GENEL_BILGI
ZOREN,01.08.2024 16:56:22,0,1,0,0,FINANSAL_RAPOR
ZOREN,01.08.2024 16:58:38,0,0,0,0,GENEL_BILGI
ZOREN,01.08.2024 17:38:45,0,2,0,0,YATIRIM_SOZLESME
ZOREN,02.08.2024 11:22:30,0,1,0,0,GENEL_BILGI
ZOREN,02.08.2024 17:09:34,0,0,0,0,GENEL_BILGI
ZOREN,07.08.2024 16:33:33,0,0,0,0,GENEL_BILGI
ZOREN,08.08.2024 11:47:08,0,1,0,0,FINANSAL_RAPOR
ZOREN,08.08.2024 17:00:07,0,0,0,0,GENEL_BILGI
ZOREN,09.08.2024 16:36:00,0,1,0,0,GENEL_BILGI
ZOREN,09.08.2024 21:30:58,0,2,0,0,GENEL_BILGI
ZOREN,12.08.2024 13:48:19,0,0,0,0,GENEL_BILGI
ZOREN,12.08.2024 16:36:57,0,0,0,0,GENEL_BILGI
ZOREN,12.08.2024 17:22:08,0,1,1,0,FINANSAL_RAPOR
ZOREN,13.08.2024 13:40:47,0,2,0,0,YATIRIM_SOZLESME
ZOREN,13.08.2024 17:58:59,0,1,0,0,FINANSAL_RAPOR
ZOREN,14.08.2024 16:42:10,0,0,0,0,GENEL_BILGI
ZOREN,15.08.2024 11:34:03,0,0,0,0,GENEL_BILGI
ZOREN,15.08.2024 16:59:48,0,1,0,0,YATIRIM_SOZLESME
ZOREN,29.08.2024 11:03:49,0,2,0,0,YATIRIM_SOZLESME
ZOREN,29.08.2024 11:04:26,30,2,0,0,YATIRIM_SOZLESME
ZOREN,29.08.2024 11:04:55,0,2,0,0,YATIRIM_SOZLESME
ZOREN,29.08.2024 12:54:26,0,2,0,0,YATIRIM_SOZLESME
ZOREN,29.08.2024 12:55:18,0,2,0,0,YATIRIM_SOZLESME
ZOREN,29.08.2024 14:47:45,0,0,0,0,GENEL_BILGI
ZOREN,29.08.2024 17:42:14,0,2,0,0,YATIRIM_SOZLESME
ZOREN,29.08.2024 17:49:33,0,0,0,0,GENEL_BILGI
ZOREN,29.08.2024 20:20:43,0,0,0,0,GENEL_BILGI
ZOREN,29.08.2024 20:21:11,0,0,0,0,GENEL_BILGI
ZOREN,29.08.2024 20:22:54,0,0,0,0,GENEL_BILGI
ZOREN,04.09.2024 16:47:46,0,0,0,0,GENEL_BILGI
ZOREN,04.09.2024 16:49:12,0,0,0,0,GENEL_BILGI
ZOREN,04.09.2024 17:11:15,0,2,0,0,YATIRIM_SOZLESME
ZOREN,04.09.2024 17:13:02,0,5,0,2,FINANSAL_RAPOR
ZOREN,05.09.2024 13:52:11,0,1,0,0,FINANSAL_RAPOR
ZOREN,05.09.2024 13:52:56,0,0,0,0,GENEL_BILGI
ZOREN,05.09.2024 17:09:36,0,0,0,0,GENEL_BILGI
ZOREN,10.09.2024 16:30:18,0,0,0,0,GENEL_BILGI
ZOREN,11.09.2024 14:21:39,0,0,0,0,GENEL_BILGI
ZOREN,11.09.2024 16:44:52,0,0,0,0,GENEL_BILGI
ZOREN,11.09.2024 16:55:48,0,0,0,0,GENEL_BILGI
ZOREN,12.09.2024 10:07:54,30,2,0,0,YATIRIM_SOZLESME
ZOREN,12.09.2024 14:56:31,0,0,0,0,GENEL_BILGI
ZOREN,12.09.2024 14:57:22,0,1,0,0,YATIRIM_SOZLESME
ZOREN,12.09.2024 14:58:12,0,0,0,0,GENEL_BILGI
ZOREN,12.09.2024 17:09:32,0,0,0,0,GENEL_BILGI
ZOREN,12.09.2024 17:40:10,0,2,0,0,YATIRIM_SOZLESME
ZOREN,26.09.2024 09:18:53,0,5,0,1,YATIRIM_SOZLESME
ZOREN,27.09.2024 15:13:31,0,5,0,0,GENEL_BILGI
ZOREN,30.09.2024 16:31:20,0,5,0,2,GENEL_BILGI
ZOREN,01.10.2024 16:20:48,0,5,0,0,GENEL_BILGI
ZOREN,01.10.2024 17:31:15,-40,5,1,0,GENEL_BILGI
ZOREN,02.10.2024 16:46:21,0,1,0,0,FINANSAL_RAPOR
ZOREN,03.10.2024 10:05:10,0,2,0,0,YATIRIM_SOZLESME
ZOREN,03.10.2024 13:46:47,0,1,0,0,YATIRIM_SOZLESME
ZOREN,03.10.2024 13:47:21,0,0,0,0,GENEL_BILGI
ZOREN,03.10.2024 13:47:51,0,1,0,0,YATIRIM_SOZLESME
ZOREN,03.10.2024 17:17:30,0,2,1,0,YATIRIM_SOZLESME
ZOREN,03.10.2024 17:57:15,0,2,0,0,YATIRIM_SOZLESME
ZOREN,09.10.2024 16:42:14,0,0,0,0,GENEL_BILGI
ZOREN,10.10.2024 13:33:01,0,0,0,0,GENEL_BILGI
ZOREN,10.10.2024 16:38:50,0,0,0,0,GENEL_BILGI
ZOREN,10.10.2024 17:04:36,0,0,0,0,GENEL_BILGI
ZOREN,10.10.2024 19:17:30,0,5,0,2,YATIRIM_SOZLESME
ZOREN,11.10.2024 11:21:38,0,0,0,0,GENEL_BILGI
ZOREN,11.10.2024 16:31:21,0,0,0,0,GENEL_BILGI
ZOREN,11.10.2024 17:22:41,0,0,0,0,GENEL_BILGI
ZOREN,14.10.2024 11:17:45,0,0,0,0,GENEL_BILGI
ZOREN,14.10.2024 17:44:41,0,1,1,0,FINANSAL_RAPOR
ZOREN,17.10.2024 19:22:47,0,5,0,2,YATIRIM_SOZLESME
ZOREN,23.10.2024 19:22:01,0,2,0,2,YATIRIM_SOZLESME
ZOREN,23.10.2024 19:22:49,0,5,0,0,GENEL_BILGI
ZOREN,24.10.2024 10:06:39,0,2,0,0,YATIRIM_SOZLESME
ZOREN,24.10.2024 14:40:07,0,1,0,0,YATIRIM_SOZLESME
ZOREN,24.10.2024 15:07:16,0,0,0,0,GENEL_BILGI
ZOREN,24.10.2024 17:30:08,0,0,0,0,GENEL_BILGI
ZOREN,24.10.2024 17:34:59,0,2,0,0,YATIRIM_SOZLESME
ZOREN,25.10.2024 14:30:27,0,0,1,0,GENEL_BILGI
ZOREN,30.10.2024 16:31:47,0,0,0,0,GENEL_BILGI
ZOREN,30.10.2024 16:40:32,0,2,0,0,YATIRIM_SOZLESME
ZOREN,30.10.2024 16:41:07,0,2,0,0,FINANSAL_RAPOR
ZOREN,31.10.2024 11:32:59,0,0,0,0,GENEL_BILGI
ZOREN,31.10.2024 16:26:10,0,0,0,0,GENEL_BILGI
ZOREN,31.10.2024 17:08:46,0,0,0,0,GENEL_BILGI
ZOREN,01.11.2024 09:33:37,30,2,0,1,YATIRIM_SOZLESME
ZOREN,01.11.2024 11:27:35,0,1,0,0,FINANSAL_RAPOR
ZOREN,01.11.2024 17:35:09,0,5,0,0,GENEL_BILGI
ZOREN,05.11.2024 18:13:48,0,2,0,0,YATIRIM_SOZLESME
ZOREN,07.11.2024 20:41:48,0,2,0,0,YATIRIM_SOZLESME
ZOREN,07.11.2024 20:42:37,0,2,0,0,YATIRIM_SOZLESME
ZOREN,08.11.2024 16:40:09,0,0,0,0,GENEL_BILGI
ZOREN,11.11.2024 14:04:37,0,0,0,0,GENEL_BILGI
ZOREN,11.11.2024 16:59:31,0,1,1,0,FINANSAL_RAPOR
ZOREN,11.11.2024 18:27:48,0,0,0,0,GENEL_BILGI
ZOREN,11.11.2024 18:28:15,0,0,0,0,GENEL_BILGI
ZOREN,11.11.2024 18:28:47,0,0,0,0,GENEL_BILGI
ZOREN,13.11.2024 17:04:18,0,0,0,0,GENEL_BILGI
ZOREN,13.11.2024 17:09:42,0,0,0,0,GENEL_BILGI
ZOREN,14.11.2024 10:10:54,0,2,0,0,YATIRIM_SOZLESME
ZOREN,14.11.2024 14:24:12,0,1,0,0,YATIRIM_SOZLESME
ZOREN,14.11.2024 14:24:30,0,1,0,0,YATIRIM_SOZLESME
ZOREN,14.11.2024 14:25:01,0,0,0,0,GENEL_BILGI
ZOREN,14.11.2024 14:30:21,0,0,0,0,GENEL_BILGI
ZOREN,14.11.2024 14:30:48,0,1,0,0,FINANSAL_RAPOR
ZOREN,14.11.2024 16:57:28,0,0,0,0,GENEL_BILGI
ZOREN,14.11.2024 17:33:30,0,2,0,0,YATIRIM_SOZLESME
ZOREN,15.11.2024 17:54:25,40,5,0,2,GENEL_BILGI
ZOREN,21.11.2024 19:53:39,0,2,0,0,YATIRIM_SOZLESME
ZOREN,27.11.2024 16:31:00,0,0,0,0,GENEL_BILGI
ZOREN,28.11.2024 10:38:03,0,0,0,0,GENEL_BILGI
ZOREN,28.11.2024 10:38:50,0,0,0,0,GENEL_BILGI
ZOREN,28.11.2024 10:39:32,0,0,0,0,GENEL_BILGI
ZOREN,28.11.2024 17:31:54,0,0,0,0,GENEL_BILGI
ZOREN,04.12.2024 16:41:32,0,1,0,0,YATIRIM_SOZLESME
ZOREN,04.12.2024 16:42:20,0,1,0,0,GENEL_BILGI
ZOREN,05.12.2024 11:19:34,0,0,0,0,GENEL_BILGI
ZOREN,05.12.2024 11:20:05,0,1,0,0,FINANSAL_RAPOR
ZOREN,05.12.2024 17:32:18,0,0,0,0,GENEL_BILGI
ZOREN,09.12.2024 10:00:30,0,0,0,0,GENEL_BILGI
ZOREN,11.12.2024 17:10:18,0,0,0,0,GENEL_BILGI
ZOREN,12.12.2024 10:42:04,0,1,0,0,YATIRIM_SOZLESME
ZOREN,12.12.2024 10:44:27,0,1,0,0,YATIRIM_SOZLESME
ZOREN,12.12.2024 16:47:19,0,0,0,0,GENEL_BILGI
ZOREN,12.12.2024 17:01:58,0,0,0,0,GENEL_BILGI
ZOREN,13.12.2024 13:54:04,0,0,0,0,GENEL_BILGI
ZOREN,13.12.2024 16:20:17,0,0,0,0,GENEL_BILGI
ZOREN,13.12.2024 17:48:14,0,0,0,0,GENEL_BILGI
ZOREN,16.12.2024 13:42:07,0,0,0,0,GENEL_BILGI
ZOREN,16.12.2024 17:08:23,0,0,0,0,GENEL_BILGI
ZOREN,17.12.2024 20:15:01,0,2,0,0,YATIRIM_SOZLESME
ZOREN,20.12.2024 18:20:24,0,0,0,0,GENEL_BILGI
ZOREN,31.12.2024 10:19:34,0,0,0,0,GENEL_BILGI
ZOREN,02.01.2025 16:57:41,0,1,0,0,FINANSAL_RAPOR
ZOREN,02.01.2025 16:58:21,0,0,0,0,GENEL_BILGI
ZOREN,03.01.2025 11:14:02,0,0,0,0,GENEL_BILGI
ZOREN,03.01.2025 11:14:36,0,1,0,0,FINANSAL_RAPOR
ZOREN,03.01.2025 16:59:34,0,2,0,0,YATIRIM_SOZLESME
ZOREN,08.01.2025 16:44:36,0,0,0,0,GENEL_BILGI
ZOREN,09.01.2025 15:06:42,0,0,0,0,GENEL_BILGI
ZOREN,09.01.2025 17:19:05,0,0,0,0,GENEL_BILGI
ZOREN,15.01.2025 16:40:09,0,1,0,0,GENEL_BILGI
ZOREN,16.01.2025 10:10:26,0,0,0,0,GENEL_BILGI
ZOREN,16.01.2025 14:38:33,0,1,0,0,YATIRIM_SOZLESME
ZOREN,16.01.2025 14:39:13,0,2,0,0,GENEL_BILGI
ZOREN,16.01.2025 17:30:20,0,0,0,0,GENEL_BILGI
ZOREN,16.01.2025 17:40:04,0,2,0,0,YATIRIM_SOZLESME
ZOREN,29.01.2025 16:27:12,0,0,0,0,GENEL_BILGI
ZOREN,30.01.2025 11:08:00,0,1,0,0,FINANSAL_RAPOR
ZOREN,30.01.2025 15:43:48,0,0,0,0,GENEL_BILGI
ZOREN,12.02.2025 16:37:46,0,1,0,0,FINANSAL_RAPOR
ZOREN,13.02.2025 13:21:37,0,0,0,0,GENEL_BILGI
ZOREN,13.02.2025 13:22:18,0,1,0,0,FINANSAL_RAPOR
ZOREN,13.02.2025 16:54:56,0,0,0,0,GENEL_BILGI
ZOREN,19.02.2025 10:35:24,0,2,0,0,YATIRIM_SOZLESME
ZOREN,19.02.2025 13:10:43,0,1,0,0,YATIRIM_SOZLESME
ZOREN,19.02.2025 13:11:18,0,2,0,0,YATIRIM_SOZLESME
ZOREN,19.02.2025 15:14:28,0,2,0,0,YATIRIM_SOZLESME
ZOREN,19.02.2025 17:42:54,0,2,0,0,YATIRIM_SOZLESME
ZOREN,26.02.2025 16:27:07,0,0,0,0,GENEL_BILGI
ZOREN,27.02.2025 11:22:03,0,0,0,0,GENEL_BILGI
ZOREN,27.02.2025 11:23:39,0,0,0,0,GENEL_BILGI
ZOREN,27.02.2025 11:24:27,0,0,0,0,GENEL_BILGI
ZOREN,27.02.2025 16:21:29,0,0,1,0,GENEL_BILGI
ZOREN,27.02.2025 18:35:30,30,2,0,1,YATIRIM_SOZLESME
ZOREN,03.03.2025 22:20:30,0,2,0,1,YATIRIM_SOZLESME
ZOREN,05.03.2025 16:41:23,0,1,0,0,FINANSAL_RAPOR
ZOREN,06.03.2025 11:27:49,0,1,0,0,FINANSAL_RAPOR
ZOREN,06.03.2025 16:56:35,0,0,0,0,GENEL_BILGI
ZOREN,06.03.2025 18:27:03,0,0,0,0,GENEL_BILGI
ZOREN,06.03.2025 18:27:38,30,2,0,0,YATIRIM_SOZLESME
ZOREN,06.03.2025 18:55:21,0,2,0,1,FINANSAL_RAPOR
ZOREN,11.03.2025 10:01:29,-40,5,1,0,GENEL_BILGI
ZOREN,11.03.2025 23:40:14,0,5,0,0,GENEL_BILGI
ZOREN,11.03.2025 23:42:01,0,0,0,0,GENEL_BILGI
ZOREN,11.03.2025 23:44:19,0,0,0,0,GENEL_BILGI
ZOREN,11.03.2025 23:48:34,0,0,0,0,GENEL_BILGI
ZOREN,12.03.2025 16:29:05,0,0,0,0,GENEL_BILGI
ZOREN,13.03.2025 14:48:51,0,0,0,0,GENEL_BILGI
ZOREN,13.03.2025 14:49:03,0,1,0,0,FINANSAL_RAPOR
ZOREN,13.03.2025 15:51:54,0,0,0,0,GENEL_BILGI
ZOREN,14.03.2025 18:40:59,0,0,0,0,GENEL_BILGI
ZOREN,27.03.2025 10:58:31,30,2,0,0,YATIRIM_SOZLESME
ZOREN,27.03.2025 14:01:49,0,1,0,0,YATIRIM_SOZLESME
ZOREN,27.03.2025 15:53:34,0,0,0,0,GENEL_BILGI
ZOREN,27.03.2025 17:42:21,0,2,0,0,YATIRIM_SOZLESME
ZOREN,03.04.2025 16:38:46,0,0,0,0,GENEL_BILGI
ZOREN,04.04.2025 13:32:38,0,1,0,0,FINANSAL_RAPOR
ZOREN,04.04.2025 18:13:05,0,0,0,0,GENEL_BILGI
ZOREN,09.04.2025 16:25:27,0,0,0,0,GENEL_BILGI
ZOREN,10.04.2025 12:34:40,0,0,0,0,GENEL_BILGI
ZOREN,10.04.2025 16:55:28,0,1,0,0,YATIRIM_SOZLESME
ZOREN,17.04.2025 15:45:39,0,2,0,0,YATIRIM_SOZLESME
ZOREN,18.04.2025 10:18:42,0,2,0,0,YATIRIM_SOZLESME
ZOREN,18.04.2025 14:32:45,0,0,0,0,GENEL_BILGI
ZOREN,18.04.2025 14:34:18,0,1,0,0,FINANSAL_RAPOR
ZOREN,18.04.2025 15:40:16,0,0,0,0,GENEL_BILGI
ZOREN,18.04.2025 17:41:27,0,2,0,0,YATIRIM_SOZLESME
ZOREN,23.04.2025 10:15:00,0,0,0,0,GENEL_BILGI
ZOREN,23.04.2025 10:15:14,0,0,0,0,GENEL_BILGI
ZOREN,28.04.2025 14:03:26,0,0,0,0,GENEL_BILGI
ZOREN,28.04.2025 17:05:04,0,1,0,0,FINANSAL_RAPOR
ZOREN,28.04.2025 22:17:11,-20,2,0,0,FINANSAL_RAPOR
ZOREN,28.04.2025 22:18:03,0,2,0,0,YETKILİDEN_BILGI
ZOREN,28.04.2025 22:18:57,0,0,0,0,GENEL_BILGI
ZOREN,29.04.2025 16:53:08,0,0,0,0,GENEL_BILGI
ZOREN,29.04.2025 20:21:59,30,1,0,0,SERMAYE_TEMETTU
ZOREN,30.04.2025 16:30:34,0,0,0,0,GENEL_BILGI
ZOREN,02.05.2025 15:45:25,0,1,0,0,FINANSAL_RAPOR
ZOREN,02.05.2025 17:07:14,0,0,0,0,GENEL_BILGI
ZOREN,08.05.2025 10:14:18,0,2,0,0,YATIRIM_SOZLESME
ZOREN,08.05.2025 11:27:05,0,2,0,0,FINANSAL_RAPOR
ZOREN,08.05.2025 11:27:29,0,1,0,0,FINANSAL_RAPOR
ZOREN,08.05.2025 17:21:17,0,0,0,0,GENEL_BILGI
ZOREN,08.05.2025 17:37:35,0,2,0,0,YATIRIM_SOZLESME
ZOREN,09.05.2025 18:41:53,-20,2,0,0,FINANSAL_RAPOR
ZOREN,09.05.2025 18:42:52,0,0,0,0,GENEL_BILGI
ZOREN,09.05.2025 18:44:16,0,0,0,0,GENEL_BILGI
ZOREN,15.05.2025 13:38:17,0,0,0,0,GENEL_BILGI
ZOREN,15.05.2025 17:19:01,0,0,0,0,GENEL_BILGI
ZOREN,20.05.2025 16:42:27,0,0,0,0,GENEL_BILGI
ZOREN,21.05.2025 12:37:47,0,0,0,0,GENEL_BILGI
ZOREN,21.05.2025 15:50:19,0,2,1,0,YATIRIM_SOZLESME
ZOREN,26.05.2025 13:20:02,0,0,0,0,GENEL_BILGI
ZOREN,26.05.2025 14:53:41,0,0,0,0,GENEL_BILGI
ZOREN,26.05.2025 14:54:15,30,2,0,0,YATIRIM_SOZLESME
ZOREN,26.05.2025 14:55:13,-20,2,0,0,FINANSAL_RAPOR
ZOREN,26.05.2025 16:30:28,0,0,0,0,GENEL_BILGI
ZOREN,26.05.2025 16:31:02,0,0,0,0,GENEL_BILGI
ZOREN,26.05.2025 18:53:31,0,0,0,0,GENEL_BILGI
ZOREN,27.05.2025 16:56:00,-20,2,0,0,FINANSAL_RAPOR
ZOREN,28.05.2025 16:25:39,30,1,0,0,FINANSAL_RAPOR
ZOREN,28.05.2025 19:49:03,0,0,0,0,GENEL_BILGI
ZOREN,29.05.2025 11:01:27,0,0,0,0,GENEL_BILGI
ZOREN,29.05.2025 11:02:00,0,0,0,0,GENEL_BILGI
ZOREN,29.05.2025 16:25:36,0,0,0,0,GENEL_BILGI
ZOREN,29.05.2025 16:49:05,0,0,0,0,GENEL_BILGI
ZOREN,30.05.2025 10:03:05,30,1,0,0,SERMAYE_TEMETTU
ZOREN,30.05.2025 11:29:24,0,0,0,0,GENEL_BILGI
ZOREN,30.05.2025 15:53:41,0,2,0,0,YATIRIM_SOZLESME
ZOREN,10.06.2025 13:34:30,0,0,0,0,GENEL_BILGI
ZOREN,10.06.2025 17:06:04,0,0,0,0,GENEL_BILGI
ZOREN,11.06.2025 16:51:44,0,1,0,0,GENEL_BILGI
ZOREN,12.06.2025 13:43:37,0,1,0,0,FINANSAL_RAPOR
ZOREN,12.06.2025 15:21:06,0,0,0,0,YATIRIM_SOZLESME
ZOREN,19.06.2025 10:13:09,0,2,0,0,YATIRIM_SOZLESME
ZOREN,19.06.2025 13:35:45,0,2,0,0,FINANSAL_RAPOR
ZOREN,19.06.2025 15:59:34,0,0,0,0,GENEL_BILGI
ZOREN,19.06.2025 17:42:54,0,2,0,0,YATIRIM_SOZLESME
ZOREN,20.06.2025 19:40:45,0,0,0,0,GENEL_BILGI
ZOREN,30.06.2025 16:26:31,0,1,0,0,FINANSAL_RAPOR
ZOREN,01.07.2025 14:39:54,0,0,0,0,GENEL_BILGI
ZOREN,01.07.2025 17:23:13,0,1,0,0,FINANSAL_RAPOR
ZOREN,03.07.2025 16:46:56,0,1,0,0,GENEL_BILGI
ZOREN,04.07.2025 14:56:27,0,1,0,0,FINANSAL_RAPOR
ZOREN,04.07.2025 15:47:49,0,0,0,0,GENEL_BILGI
ZOREN,11.07.2025 10:54:09,0,0,0,0,GENEL_BILGI
ZOREN,11.07.2025 10:54:22,0,2,0,0,YATIRIM_SOZLESME
ZOREN,11.07.2025 15:24:11,0,0,0,0,GENEL_BILGI
ZOREN,11.07.2025 15:24:39,0,0,0,0,GENEL_BILGI
ZOREN,11.07.2025 15:25:02,0,1,0,0,YATIRIM_SOZLESME
ZOREN,11.07.2025 15:32:12,0,0,0,0,GENEL_BILGI
ZOREN,11.07.2025 17:40:43,0,2,0,0,YATIRIM_SOZLESME
ZOREN,14.07.2025 17:09:02,30,2,0,0,YATIRIM_SOZLESME
ZOREN,14.07.2025 17:09:52,0,2,0,0,GENEL_BILGI
ZOREN,17.07.2025 16:20:33,0,0,0,0,GENEL_BILGI
ZOREN,18.07.2025 11:25:37,0,0,0,0,GENEL_BILGI
ZOREN,18.07.2025 16:55:24,0,2,0,0,YATIRIM_SOZLESME
ZOREN,22.07.2025 13:06:33,0,0,0,0,GENEL_BILGI
ZOREN,22.07.2025 13:07:10,0,5,0,0,GENEL_BILGI
ZOREN,24.07.2025 14:03:46,0,0,0,0,GENEL_BILGI
ZOREN,30.07.2025 15:25:20,0,0,0,0,GENEL_BILGI
ZOREN,30.07.2025 16:24:54,0,0,0,0,GENEL_BILGI
ZOREN,31.07.2025 16:43:59,0,0,0,0,GENEL_BILGI
ZOREN,01.08.2025 15:48:05,0,1,0,0,FINANSAL_RAPOR
ZOREN,01.08.2025 17:01:54,0,0,0,0,GENEL_BILGI
ZOREN,05.08.2025 16:38:10,0,0,0,0,GENEL_BILGI
ZOREN,06.08.2025 09:58:03,0,0,0,0,GENEL_BILGI
ZOREN,06.08.2025 09:58:28,0,2,0,0,YATIRIM_SOZLESME
ZOREN,06.08.2025 13:31:13,0,1,0,0,YATIRIM_SOZLESME
ZOREN,06.08.2025 17:05:09,0,0,0,0,GENEL_BILGI
ZOREN,06.08.2025 17:49:17,0,2,0,0,YATIRIM_SOZLESME
ZOREN,08.08.2025 16:32:25,0,0,0,0,GENEL_BILGI
ZOREN,11.08.2025 11:30:16,0,0,0,0,GENEL_BILGI
ZOREN,11.08.2025 15:07:31,0,0,0,0,GENEL_BILGI
ZOREN,12.08.2025 18:52:06,0,0,0,0,GENEL_BILGI
ZOREN,12.08.2025 18:54:19,0,0,0,0,GENEL_BILGI
ZOREN,12.08.2025 18:56:12,0,0,0,0,GENEL_BILGI
ZOREN,12.08.2025 21:46:34,0,0,0,0,GENEL_BILGI
ZOREN,14.08.2025 11:06:29,0,0,0,0,GENEL_BILGI
ZOREN,14.08.2025 16:57:36,0,0,0,0,GENEL_BILGI
ZOREN,19.08.2025 16:25:15,0,0,0,0,GENEL_BILGI
ZOREN,20.08.2025 10:12:28,0,0,0,0,GENEL_BILGI
ZOREN,20.08.2025 17:04:47,0,0,0,0,GENEL_BILGI
ZOREN,22.08.2025 18:57:36,30,2,0,0,YATIRIM_SOZLESME
ZOREN,27.08.2025 14:50:03,-40,5,1,0,GENEL_BILGI
ZOREN,01.09.2025 16:04:38,0,0,0,0,GENEL_BILGI
ZOREN,01.09.2025 16:29:11,0,0,0,0,GENEL_BILGI
ZOREN,02.09.2025 11:11:12,0,0,0,0,GENEL_BILGI
ZOREN,02.09.2025 16:00:10,-40,5,1,0,GENEL_BILGI
ZOREN,02.09.2025 17:06:43,0,0,0,0,GENEL_BILGI
ZOREN,04.09.2025 10:58:20,0,2,0,0,YATIRIM_SOZLESME
ZOREN,04.09.2025 10:58:47,0,2,0,0,YATIRIM_SOZLESME
ZOREN,04.09.2025 15:10:30,0,2,0,0,YATIRIM_SOZLESME
ZOREN,04.09.2025 17:10:19,0,0,0,0,GENEL_BILGI
ZOREN,04.09.2025 17:46:05,0,2,0,0,YATIRIM_SOZLESME
ZOREN,05.09.2025 14:18:29,0,5,0,2,GENEL_BILGI
ZOREN,08.09.2025 15:44:27,-40,5,1,0,GENEL_BILGI
ZOREN,08.09.2025 16:29:51,0,5,0,0,GENEL_BILGI
ZOREN,10.09.2025 18:22:53,0,0,0,0,GENEL_BILGI
ZOREN,11.09.2025 10:21:16,0,0,0,0,GENEL_BILGI
ZOREN,11.09.2025 16:52:44,0,0,0,0,GENEL_BILGI
ZOREN,12.09.2025 16:42:43,0,0,0,2,SERMAYE_TEMETTU
ZOREN,17.09.2025 16:44:09,0,0,0,0,GENEL_BILGI
ZOREN,18.09.2025 10:22:50,0,0,0,0,GENEL_BILGI
ZOREN,18.09.2025 16:54:55,0,0,0,0,GENEL_BILGI
ZOREN,24.09.2025 10:26:18,30,2,0,0,YATIRIM_SOZLESME
ZOREN,25.09.2025 16:44:12,0,2,0,0,GENEL_BILGI
ZOREN,02.10.2025 16:48:43,0,0,0,0,GENEL_BILGI
ZOREN,03.10.2025 10:28:58,0,2,0,0,YATIRIM_SOZLESME
ZOREN,03.10.2025 10:29:27,0,0,0,0,GENEL_BILGI
ZOREN,03.10.2025 14:43:34,0,0,0,0,GENEL_BILGI
ZOREN,03.10.2025 14:44:06,0,1,0,0,YATIRIM_SOZLESME
ZOREN,03.10.2025 14:44:35,0,2,0,0,YATIRIM_SOZLESME
ZOREN,03.10.2025 16:29:33,0,5,0,0,GENEL_BILGI
ZOREN,03.10.2025 16:55:16,0,0,0,0,GENEL_BILGI
ZOREN,03.10.2025 17:33:43,0,2,0,0,YATIRIM_SOZLESME
ZOREN,06.10.2025 09:58:45,0,0,0,0,GENEL_BILGI
ZOREN,09.10.2025 17:15:51,0,0,0,0,GENEL_BILGI
ZOREN,09.10.2025 17:16:15,0,0,0,0,GENEL_BILGI
ZOREN,10.10.2025 13:22:58,0,0,0,0,GENEL_BILGI
ZOREN,10.10.2025 13:23:37,0,0,0,0,GENEL_BILGI
ZOREN,10.10.2025 17:07:40,0,0,0,0,NA
ZOREN,16.10.2025 16:32:17,0,0,0,0,GENEL_BILGI
ZOREN,17.10.2025 10:16:27,-40,5,1,0,GENEL_BILGI
ZOREN,17.10.2025 10:49:58,0,2,0,0,YATIRIM_SOZLESME
ZOREN,17.10.2025 10:50:12,0,0,0,0,GENEL_BILGI
ZOREN,17.10.2025 13:11:08,0,0,0,0,GENEL_BILGI
ZOREN,17.10.2025 14:40:14,0,1,0,0,YATIRIM_SOZLESME
ZOREN,17.10.2025 16:55:33,0,0,0,0,GENEL_BILGI
ZOREN,17.10.2025 17:37:33,0,2,0,0,YATIRIM_SOZLESME
ZOREN,22.10.2025 18:33:02,0,0,0,0,GENEL_BILGI
ZOREN,23.10.2025 14:21:46,0,0,0,0,GENEL_BILGI
ZOREN,23.10.2025 14:22:07,0,0,0,0,GENEL_BILGI
ZOREN,23.10.2025 18:36:02,0,0,0,0,GENEL_BILGI
ZOREN,27.10.2025 21:38:49,30,2,1,0,YATIRIM_SOZLESME
ZOREN,30.10.2025 16:44:07,0,2,0,0,GENEL_BILGI
ZOREN,31.10.2025 18:54:50,0,0,0,0,GENEL_BILGI
ZOREN,31.10.2025 18:55:50,0,0,0,0,GENEL_BILGI
ZOREN,31.10.2025 18:56:28,0,0,0,0,GENEL_BILGI
ZOREN,03.11.2025 16:29:41,0,0,0,0,GENEL_BILGI
ZOREN,04.11.2025 10:51:35,0,0,0,0,GENEL_BILGI
ZOREN,04.11.2025 16:29:00,0,0,0,0,GENEL_BILGI
ZOREN,04.11.2025 17:42:35,0,0,0,0,GENEL_BILGI
ZOREN,05.11.2025 10:14:50,0,0,0,0,GENEL_BILGI
ZOREN,05.11.2025 17:01:08,0,2,1,0,YATIRIM_SOZLESME
ZOREN,06.11.2025 10:12:23,0,2,0,0,YATIRIM_SOZLESME
ZOREN,06.11.2025 10:12:40,0,0,0,0,GENEL_BILGI
ZOREN,06.11.2025 11:41:28,0,0,0,0,GENEL_BILGI
ZOREN,06.11.2025 13:30:56,0,1,0,0,FINANSAL_RAPOR
ZOREN,06.11.2025 16:58:49,0,0,0,0,GENEL_BILGI
ZOREN,06.11.2025 17:33:40,0,2,0,0,YATIRIM_SOZLESME
ZOREN,10.11.2025 16:38:40,0,0,0,0,GENEL_BILGI
ZOREN,11.11.2025 11:27:29,0,0,0,0,GENEL_BILGI
ZOREN,11.11.2025 15:32:49,-40,5,1,0,GENEL_BILGI
ZOREN,11.11.2025 17:00:49,0,0,0,0,GENEL_BILGI
ZOREN,18.11.2025 16:55:31,0,0,0,0,GENEL_BILGI
ZOREN,19.11.2025 13:38:23,0,0,0,0,GENEL_BILGI
ZOREN,19.11.2025 17:02:15,0,0,0,0,GENEL_BILGI
ZOREN,19.11.2025 20:23:07,0,0,0,0,GENEL_BILGI
ZOREN,20.11.2025 16:31:03,0,0,0,0,GENEL_BILGI
ZOREN,27.11.2025 15:50:50,0,0,0,0,GENEL_BILGI
ZOREN,02.01.2020 14:37:02,0,0,1,0,GENEL_BILGI
ZOREN,02.01.2020 16:11:21,0,2,0,0,FINANSAL_RAPOR
ZOREN,06.01.2020 16:20:18,0,1,0,0,YATIRIM_SOZLESME
ZOREN,06.01.2020 17:18:19,0,0,0,0,GENEL_BILGI
ZOREN,16.01.2020 17:37:20,0,0,0,0,GENEL_BILGI
ZOREN,17.01.2020 16:52:45,0,0,0,0,GENEL_BILGI
ZOREN,21.01.2020 17:12:08,0,0,0,0,GENEL_BILGI
ZOREN,22.01.2020 13:52:54,0,0,0,0,GENEL_BILGI
ZOREN,22.01.2020 14:52:47,0,0,0,0,GENEL_BILGI
ZOREN,22.01.2020 14:52:59,0,2,0,0,FINANSAL_RAPOR
ZOREN,22.01.2020 16:55:48,0,0,0,0,YATIRIM_SOZLESME
ZOREN,29.01.2020 10:26:14,0,0,0,0,GENEL_BILGI
ZOREN,29.01.2020 15:11:26,0,0,0,0,GENEL_BILGI
ZOREN,30.01.2020 17:10:06,0,0,1,0,FINANSAL_RAPOR
ZOREN,30.01.2020 17:27:22,0,5,0,2,YATIRIM_SOZLESME
ZOREN,31.01.2020 08:37:52,0,0,0,0,GENEL_BILGI
ZOREN,03.02.2020 15:44:23,0,0,0,0,GENEL_BILGI
ZOREN,03.02.2020 16:41:22,0,0,0,0,GENEL_BILGI
ZOREN,03.02.2020 16:45:34,30,2,0,0,YATIRIM_SOZLESME
ZOREN,05.02.2020 20:27:10,0,0,0,0,GENEL_BILGI
ZOREN,06.02.2020 15:29:10,0,0,1,0,GENEL_BILGI
ZOREN,06.02.2020 17:12:27,0,2,0,0,FINANSAL_RAPOR
ZOREN,06.02.2020 17:12:44,40,5,0,0,GENEL_BILGI
ZOREN,07.02.2020 13:03:06,40,5,0,0,GENEL_BILGI
ZOREN,11.02.2020 17:23:17,0,0,0,0,YATIRIM_SOZLESME
ZOREN,18.02.2020 09:58:09,0,0,0,0,GENEL_BILGI
ZOREN,18.02.2020 16:00:23,0,2,0,0,YATIRIM_SOZLESME
ZOREN,20.02.2020 09:00:39,30,2,0,1,YATIRIM_SOZLESME
ZOREN,21.02.2020 15:09:13,0,0,0,0,GENEL_BILGI
ZOREN,21.02.2020 15:09:52,0,5,0,0,GENEL_BILGI
ZOREN,21.02.2020 17:17:07,0,0,0,0,GENEL_BILGI
ZOREN,21.02.2020 17:17:23,0,2,0,0,FINANSAL_RAPOR
ZOREN,21.02.2020 17:24:45,0,0,0,0,GENEL_BILGI
ZOREN,21.02.2020 17:25:01,0,0,0,0,GENEL_BILGI
ZOREN,21.02.2020 17:36:42,0,0,1,0,GENEL_BILGI
ZOREN,25.02.2020 15:59:57,0,0,0,0,GENEL_BILGI
ZOREN,26.02.2020 14:19:48,0,2,0,0,FINANSAL_RAPOR
ZOREN,26.02.2020 14:20:04,0,0,0,0,GENEL_BILGI
ZOREN,26.02.2020 16:45:39,0,0,0,0,GENEL_BILGI
ZOREN,27.02.2020 15:24:17,0,0,0,0,GENEL_BILGI
ZOREN,27.02.2020 16:09:11,0,0,1,0,FINANSAL_RAPOR
ZOREN,27.02.2020 17:10:36,0,2,0,0,FINANSAL_RAPOR
ZOREN,27.02.2020 17:10:46,0,2,0,0,FINANSAL_RAPOR
ZOREN,28.02.2020 11:24:04,0,5,1,0,GENEL_BILGI
ZOREN,28.02.2020 15:38:41,0,0,0,0,GENEL_BILGI
ZOREN,28.02.2020 16:56:47,0,0,0,0,GENEL_BILGI
ZOREN,03.03.2020 11:12:20,0,0,0,0,GENEL_BILGI
ZOREN,04.03.2020 13:37:12,0,0,0,0,GENEL_BILGI
ZOREN,04.03.2020 15:47:23,0,0,0,0,GENEL_BILGI
ZOREN,05.03.2020 14:40:24,0,0,1,0,YATIRIM_SOZLESME
ZOREN,05.03.2020 16:57:27,0,5,0,0,GENEL_BILGI
ZOREN,05.03.2020 16:57:38,0,2,0,0,YATIRIM_SOZLESME
ZOREN,05.03.2020 16:57:49,0,0,0,0,GENEL_BILGI
ZOREN,09.03.2020 15:50:19,0,1,0,0,YATIRIM_SOZLESME
ZOREN,09.03.2020 15:53:50,0,0,0,0,GENEL_BILGI
ZOREN,09.03.2020 16:28:24,0,0,0,0,GENEL_BILGI
ZOREN,09.03.2020 21:12:20,0,0,0,0,GENEL_BILGI
ZOREN,09.03.2020 21:13:09,0,0,0,0,GENEL_BILGI
ZOREN,10.03.2020 21:10:26,0,0,0,0,GENEL_BILGI
ZOREN,10.03.2020 21:10:48,0,0,0,0,GENEL_BILGI
ZOREN,11.03.2020 17:30:54,0,2,0,0,YATIRIM_SOZLESME
ZOREN,11.03.2020 17:31:05,0,2,0,0,YATIRIM_SOZLESME
ZOREN,11.03.2020 17:31:16,0,1,0,0,YATIRIM_SOZLESME
ZOREN,11.03.2020 17:46:13,0,0,0,0,GENEL_BILGI
ZOREN,11.03.2020 17:46:33,0,0,0,0,GENEL_BILGI
ZOREN,11.03.2020 17:52:47,0,0,0,0,GENEL_BILGI
ZOREN,12.03.2020 18:17:16,30,1,0,0,SERMAYE_TEMETTU
ZOREN,13.03.2020 10:05:44,0,5,1,0,GENEL_BILGI
ZOREN,13.03.2020 10:15:19,0,5,0,0,GENEL_BILGI
ZOREN,13.03.2020 11:03:25,-40,5,1,0,GENEL_BILGI
ZOREN,13.03.2020 14:41:40,-40,5,1,0,GENEL_BILGI
ZOREN,13.03.2020 16:45:23,30,2,0,0,YATIRIM_SOZLESME
ZOREN,16.03.2020 16:41:43,-40,5,1,0,GENEL_BILGI
ZOREN,17.03.2020 11:37:32,-40,5,1,0,GENEL_BILGI
ZOREN,17.03.2020 12:27:41,-40,5,1,0,GENEL_BILGI
ZOREN,17.03.2020 18:13:07,0,2,0,0,YATIRIM_SOZLESME
ZOREN,19.03.2020 15:34:29,0,0,0,0,GENEL_BILGI
ZOREN,19.03.2020 18:34:05,0,0,0,0,GENEL_BILGI
ZOREN,20.03.2020 13:13:28,0,0,0,0,GENEL_BILGI
ZOREN,20.03.2020 13:13:51,0,0,0,0,GENEL_BILGI
ZOREN,20.03.2020 16:03:42,0,2,0,0,FINANSAL_RAPOR
ZOREN,24.03.2020 14:15:14,0,0,0,0,GENEL_BILGI
ZOREN,24.03.2020 14:21:20,-20,2,0,0,FINANSAL_RAPOR
ZOREN,24.03.2020 14:21:46,0,0,0,0,GENEL_BILGI
ZOREN,25.03.2020 08:54:55,0,0,0,0,GENEL_BILGI
ZOREN,26.03.2020 16:13:12,0,1,0,0,GENEL_BILGI
ZOREN,03.04.2020 17:12:17,0,0,0,0,GENEL_BILGI
ZOREN,03.04.2020 18:35:52,30,2,0,0,YATIRIM_SOZLESME
ZOREN,06.04.2020 13:06:52,0,0,0,0,GENEL_BILGI
ZOREN,06.04.2020 17:39:02,0,1,1,0,YATIRIM_SOZLESME
ZOREN,08.04.2020 17:25:08,0,0,0,0,GENEL_BILGI
ZOREN,08.04.2020 17:34:08,0,0,0,0,GENEL_BILGI
ZOREN,09.04.2020 17:23:57,0,0,0,0,GENEL_BILGI
ZOREN,09.04.2020 17:23:40,0,0,1,0,YATIRIM_SOZLESME
ZOREN,10.04.2020 18:18:51,0,2,0,1,YATIRIM_SOZLESME
ZOREN,10.04.2020 18:40:16,0,2,0,0,YENİ_YATIRIM_SÖZLEŞMESI
ZOREN,10.04.2020 19:10:27,0,2,0,0,YATIRIM_SOZLESME
ZOREN,10.04.2020 19:25:56,0,2,0,0,YATIRIM_SOZLESME
ZOREN,15.04.2020 11:03:12,-40,5,1,0,GENEL_BILGI
ZOREN,15.04.2020 17:23:29,0,2,0,0,YATIRIM_SOZLESME
ZOREN,16.04.2020 17:21:38,0,0,0,0,GENEL_BILGI
ZOREN,17.04.2020 16:50:54,0,0,0,0,GENEL_BILGI
ZOREN,17.04.2020 17:04:18,0,0,0,0,GENEL_BILGI
ZOREN,17.04.2020 17:12:17,0,5,0,0,YATIRIM_SOZLESME
ZOREN,17.04.2020 17:14:48,0,1,0,0,SERMAYE_TEMETTU
ZOREN,17.04.2020 17:16:55,0,1,0,0,FINANSAL_RAPOR
ZOREN,17.04.2020 17:19:18,0,2,0,0,FINANSAL_RAPOR
ZOREN,17.04.2020 17:28:20,0,2,0,0,FINANSAL_RAPOR
ZOREN,17.04.2020 17:33:03,0,0,0,0,GENEL_BILGI
ZOREN,17.04.2020 17:35:16,30,2,0,0,YATIRIM_SOZLESME
ZOREN,17.04.2020 17:35:11,0,0,0,0,GENEL_BILGI
ZOREN,20.04.2020 16:10:33,0,0,0,0,GENEL_BILGI
ZOREN,22.04.2020 15:50:45,0,0,0,0,GENEL_BILGI
ZOREN,22.04.2020 17:28:39,0,0,0,0,GENEL_BILGI
ZOREN,22.04.2020 17:42:41,0,1,1,0,YATIRIM_SOZLESME
ZOREN,22.04.2020 18:47:30,-20,2,0,0,FINANSAL_RAPOR
ZOREN,22.04.2020 19:16:03,0,0,0,0,GENEL_BILGI
ZOREN,22.04.2020 19:31:52,0,0,0,0,GENEL_BILGI
ZOREN,22.04.2020 19:33:38,0,0,0,0,GENEL_BILGI
ZOREN,28.04.2020 17:48:59,0,0,0,0,GENEL_BILGI
ZOREN,29.04.2020 12:51:38,0,0,0,0,GENEL_BILGI
ZOREN,30.04.2020 15:52:57,0,5,1,0,GENEL_BILGI
ZOREN,30.04.2020 16:21:30,0,0,0,0,GENEL_BILGI
ZOREN,30.04.2020 18:09:19,0,0,0,0,GENEL_BILGI
ZOREN,05.05.2020 17:08:51,0,0,0,0,GENEL_BILGI
ZOREN,07.05.2020 17:03:31,0,0,0,0,GENEL_BILGI
ZOREN,07.05.2020 17:43:35,0,0,0,0,GENEL_BILGI
ZOREN,08.05.2020 17:59:13,0,0,1,0,YATIRIM_SOZLESME
ZOREN,11.05.2020 15:16:00,30,2,0,0,FINANSAL_RAPOR
ZOREN,11.05.2020 16:34:52,0,0,1,0,YATIRIM_SOZLESME
ZOREN,18.05.2020 16:26:39,0,1,1,0,FINANSAL_RAPOR
ZOREN,18.05.2020 17:33:04,0,0,0,0,GENEL_BILGI
ZOREN,21.05.2020 18:10:44,0,0,0,0,GENEL_BILGI
ZOREN,22.05.2020 16:44:21,0,5,0,0,GENEL_BILGI
ZOREN,22.05.2020 16:51:57,0,2,0,0,FINANSAL_RAPOR
ZOREN,29.05.2020 16:35:42,0,0,0,0,GENEL_BILGI
ZOREN,29.05.2020 16:35:57,0,0,0,0,GENEL_BILGI
ZOREN,29.05.2020 17:17:07,0,0,0,0,GENEL_BILGI
ZOREN,29.05.2020 17:17:46,0,2,0,0,FINANSAL_RAPOR
ZOREN,29.05.2020 17:17:58,0,0,0,0,GENEL_BILGI
ZOREN,29.05.2020 17:32:23,0,1,1,0,YATIRIM_SOZLESME
ZOREN,02.06.2020 17:19:41,0,2,0,0,YATIRIM_SOZLESME
ZOREN,03.06.2020 18:31:08,0,0,0,0,GENEL_BILGI
ZOREN,03.06.2020 22:24:47,0,0,0,0,GENEL_BILGI
ZOREN,04.06.2020 17:39:26,0,0,1,0,YATIRIM_SOZLESME
ZOREN,04.06.2020 18:55:42,0,2,0,0,YATIRIM_SOZLESME
ZOREN,04.06.2020 19:23:35,0,0,0,0,GENEL_BILGI
ZOREN,04.06.2020 19:24:05,0,0,0,0,GENEL_BILGI
ZOREN,04.06.2020 19:25:45,0,0,0,0,GENEL_BILGI
ZOREN,05.06.2020 12:38:24,0,0,0,0,GENEL_BILGI
ZOREN,05.06.2020 14:47:07,-20,2,0,0,FINANSAL_RAPOR
ZOREN,05.06.2020 17:50:26,30,2,0,0,YATIRIM_SOZLESME
ZOREN,05.06.2020 18:56:31,0,0,0,0,GENEL_BILGI
ZOREN,09.06.2020 17:48:27,0,2,0,0,YATIRIM_SOZLESME
ZOREN,09.06.2020 21:12:28,-40,5,1,0,GENEL_BILGI
ZOREN,10.06.2020 16:07:01,0,2,0,0,FINANSAL_RAPOR
ZOREN,10.06.2020 17:31:58,0,0,0,0,GENEL_BILGI
ZOREN,11.06.2020 17:24:37,0,0,0,0,GENEL_BILGI
ZOREN,11.06.2020 17:24:55,0,0,0,0,GENEL_BILGI
ZOREN,11.06.2020 17:25:21,0,0,0,0,GENEL_BILGI
ZOREN,11.06.2020 17:24:13,0,0,0,0,YATIRIM_SOZLESME
ZOREN,11.06.2020 17:59:50,30,2,0,0,YATIRIM_SOZLESME
ZOREN,11.06.2020 18:04:02,0,2,0,0,FINANSAL_RAPOR
ZOREN,11.06.2020 18:09:51,0,2,0,0,YATIRIM_SOZLESME
ZOREN,11.06.2020 18:15:01,0,1,0,2,FINANSAL_RAPOR
ZOREN,11.06.2020 18:16:54,0,0,0,0,GENEL_BILGI
ZOREN,11.06.2020 18:18:27,0,0,0,0,GENEL_BILGI
ZOREN,11.06.2020 18:21:18,0,0,0,0,GENEL_BILGI
ZOREN,11.06.2020 18:23:26,0,2,0,0,FINANSAL_RAPOR
ZOREN,12.06.2020 16:47:05,0,0,0,0,GENEL_BILGI
ZOREN,12.06.2020 17:59:26,0,0,0,0,GENEL_BILGI
ZOREN,18.06.2020 16:22:48,0,0,0,0,GENEL_BILGI
ZOREN,18.06.2020 16:24:53,0,0,0,0,GENEL_BILGI
ZOREN,18.06.2020 17:55:51,0,0,0,0,GENEL_BILGI
ZOREN,19.06.2020 16:05:19,0,0,0,0,GENEL_BILGI
ZOREN,19.06.2020 16:05:46,0,2,0,0,FINANSAL_RAPOR
ZOREN,19.06.2020 17:34:24,0,0,0,0,GENEL_BILGI
ZOREN,25.06.2020 18:34:39,30,2,0,0,YATIRIM_SOZLESME
ZOREN,25.06.2020 22:07:19,0,2,0,0,YATIRIM_SOZLESME
ZOREN,08.07.2020 18:07:40,0,0,0,0,GENEL_BILGI
ZOREN,08.07.2020 18:15:45,0,2,0,0,YATIRIM_SOZLESME
ZOREN,09.07.2020 10:03:57,0,5,1,0,GENEL_BILGI
ZOREN,09.07.2020 11:26:32,0,5,1,0,GENEL_BILGI
ZOREN,10.07.2020 10:01:12,0,5,1,0,GENEL_BILGI
ZOREN,13.07.2020 15:37:04,0,0,0,0,GENEL_BILGI
ZOREN,13.07.2020 17:33:02,0,0,1,0,YATIRIM_SOZLESME
ZOREN,14.07.2020 10:00:58,-40,5,1,0,GENEL_BILGI
ZOREN,14.07.2020 18:27:06,0,0,0,0,GENEL_BILGI
ZOREN,14.07.2020 18:44:33,0,0,0,0,GENEL_BILGI
ZOREN,17.07.2020 17:09:58,0,0,0,0,GENEL_BILGI
ZOREN,17.07.2020 17:10:35,0,0,0,0,GENEL_BILGI
ZOREN,17.07.2020 17:11:20,0,0,0,0,GENEL_BILGI
ZOREN,17.07.2020 17:50:31,0,0,0,0,GENEL_BILGI
ZOREN,17.07.2020 17:50:41,0,0,0,0,GENEL_BILGI
ZOREN,17.07.2020 17:50:53,0,2,0,0,YATIRIM_SOZLESME
ZOREN,17.07.2020 17:59:51,0,0,0,0,GENEL_BILGI
ZOREN,20.07.2020 16:12:36,0,0,0,0,GENEL_BILGI
ZOREN,20.07.2020 17:38:31,0,0,0,0,GENEL_BILGI
ZOREN,20.07.2020 17:54:45,0,0,1,0,GENEL_BILGI
ZOREN,21.07.2020 13:17:46,0,0,0,0,GENEL_BILGI
ZOREN,22.07.2020 15:00:47,0,0,0,0,GENEL_BILGI
ZOREN,22.07.2020 15:08:51,0,0,0,0,GENEL_BILGI
ZOREN,22.07.2020 17:35:43,0,5,1,0,GENEL_BILGI
ZOREN,23.07.2020 17:27:03,30,2,0,0,YATIRIM_SOZLESME
ZOREN,28.07.2020 15:35:52,0,0,0,0,GENEL_BILGI
ZOREN,28.07.2020 17:17:07,-40,5,1,0,GENEL_BILGI
ZOREN,29.07.2020 10:05:53,-40,5,1,0,GENEL_BILGI
ZOREN,30.07.2020 10:08:28,0,0,0,0,GENEL_BILGI
ZOREN,30.07.2020 11:45:04,0,0,0,0,GENEL_BILGI
ZOREN,30.07.2020 11:47:00,0,0,1,0,FINANSAL_RAPOR
ZOREN,04.08.2020 10:09:21,0,0,0,0,GENEL_BILGI
ZOREN,04.08.2020 13:29:43,-40,5,1,0,GENEL_BILGI
ZOREN,04.08.2020 16:53:55,-40,5,1,0,GENEL_BILGI
ZOREN,05.08.2020 10:03:19,-40,5,1,0,GENEL_BILGI
ZOREN,06.08.2020 13:02:22,-40,5,1,0,GENEL_BILGI
ZOREN,06.08.2020 18:55:22,0,0,0,0,GENEL_BILGI
ZOREN,06.08.2020 19:15:38,0,2,0,0,YATIRIM_SOZLESME
ZOREN,07.08.2020 10:02:40,-40,5,1,0,GENEL_BILGI
ZOREN,07.08.2020 10:53:06,-40,5,1,0,GENEL_BILGI
ZOREN,11.08.2020 16:47:25,0,2,1,0,YATIRIM_SOZLESME
ZOREN,11.08.2020 17:00:09,-20,2,0,0,GENEL_BILGI
ZOREN,12.08.2020 19:56:39,0,2,0,0,FINANSAL_RAPOR
ZOREN,12.08.2020 19:58:37,0,0,0,0,GENEL_BILGI
ZOREN,12.08.2020 19:59:12,0,0,0,0,GENEL_BILGI
ZOREN,13.08.2020 15:00:36,0,0,0,0,GENEL_BILGI
ZOREN,13.08.2020 16:49:58,-40,5,1,0,GENEL_BILGI
ZOREN,13.08.2020 17:02:21,30,2,0,0,YATIRIM_SOZLESME
ZOREN,13.08.2020 17:49:00,0,0,1,0,GENEL_BILGI
ZOREN,18.08.2020 16:59:17,0,0,0,0,GENEL_BILGI
ZOREN,20.08.2020 13:22:40,0,0,0,0,GENEL_BILGI
ZOREN,20.08.2020 16:58:45,0,0,0,0,GENEL_BILGI
ZOREN,20.08.2020 18:05:35,0,0,1,0,FINANSAL_RAPOR
ZOREN,21.08.2020 14:45:43,30,2,0,1,YATIRIM_SOZLESME
ZOREN,21.08.2020 15:09:38,0,0,0,0,GENEL_BILGI
ZOREN,21.08.2020 15:14:40,-40,5,1,0,GENEL_BILGI
ZOREN,21.08.2020 15:32:29,-40,5,1,0,GENEL_BILGI
ZOREN,21.08.2020 16:52:54,0,0,0,0,GENEL_BILGI
ZOREN,25.08.2020 17:41:05,-40,5,1,0,GENEL_BILGI
ZOREN,27.08.2020 17:57:53,0,0,0,0,GENEL_BILGI
ZOREN,27.08.2020 18:10:27,0,2,0,0,YENİ_YATIRIM_SÖZLEŞMESI
ZOREN,28.08.2020 13:11:06,0,2,0,0,YATIRIM_SOZLESME
ZOREN,01.09.2020 19:21:15,0,1,0,0,GENEL_BILGI
ZOREN,02.09.2020 09:11:58,0,2,0,0,FINANSAL_RAPOR
ZOREN,02.09.2020 14:56:33,0,2,0,0,YATIRIM_SOZLESME
ZOREN,02.09.2020 18:32:14,0,0,0,0,GENEL_BILGI
ZOREN,02.09.2020 18:42:03,30,2,0,0,YATIRIM_SOZLESME
ZOREN,03.09.2020 17:19:54,0,0,0,0,GENEL_BILGI
ZOREN,03.09.2020 18:05:10,0,2,0,0,YATIRIM_SOZLESME
ZOREN,08.09.2020 17:03:12,0,2,0,0,YATIRIM_SOZLESME
ZOREN,09.09.2020 17:40:15,0,0,0,0,GENEL_BILGI
ZOREN,09.09.2020 17:49:03,0,5,0,2,YATIRIM_SOZLESME
ZOREN,09.09.2020 18:02:17,0,0,0,0,GENEL_BILGI
ZOREN,09.09.2020 18:03:47,0,2,0,0,FINANSAL_RAPOR
ZOREN,10.09.2020 16:58:58,0,2,0,0,FINANSAL_RAPOR
ZOREN,10.09.2020 17:44:03,0,1,0,0,FINANSAL_RAPOR
ZOREN,10.09.2020 18:15:02,0,0,1,0,GENEL_BILGI
ZOREN,14.09.2020 15:13:01,0,0,0,0,GENEL_BILGI
ZOREN,14.09.2020 17:03:45,0,0,1,0,YATIRIM_SOZLESME
ZOREN,15.09.2020 13:24:36,0,0,0,0,GENEL_BILGI
ZOREN,15.09.2020 16:47:35,0,1,0,0,FINANSAL_RAPOR
ZOREN,16.09.2020 17:08:18,40,5,0,0,GENEL_BILGI
ZOREN,17.09.2020 11:44:33,0,0,0,0,GENEL_BILGI
ZOREN,18.09.2020 16:38:05,0,0,0,0,GENEL_BILGI
ZOREN,18.09.2020 17:36:31,0,0,0,0,GENEL_BILGI
ZOREN,18.09.2020 17:36:45,0,0,0,0,GENEL_BILGI
ZOREN,18.09.2020 18:10:49,0,0,0,0,GENEL_BILGI
ZOREN,18.09.2020 18:12:07,0,2,0,0,YATIRIM_SOZLESME
ZOREN,18.09.2020 18:13:29,0,0,0,0,GENEL_BILGI
ZOREN,18.09.2020 18:17:07,0,0,0,0,GENEL_BILGI
ZOREN,18.09.2020 18:18:10,0,2,0,0,YATIRIM_SOZLESME
ZOREN,21.09.2020 16:25:37,0,0,0,0,GENEL_BILGI
ZOREN,21.09.2020 17:37:22,0,5,1,0,GENEL_BILGI
ZOREN,21.09.2020 17:53:48,0,0,0,0,GENEL_BILGI
ZOREN,22.09.2020 17:35:06,0,0,1,0,YATIRIM_SOZLESME
ZOREN,30.09.2020 14:53:23,0,0,0,0,GENEL_BILGI
ZOREN,30.09.2020 17:16:03,30,2,0,0,YATIRIM_SOZLESME
ZOREN,30.09.2020 17:16:15,0,0,0,0,GENEL_BILGI
ZOREN,30.09.2020 17:39:55,0,0,0,0,GENEL_BILGI
ZOREN,30.09.2020 17:42:22,0,0,0,0,GENEL_BILGI
ZOREN,30.09.2020 17:42:42,0,0,0,0,GENEL_BILGI
ZOREN,14.10.2020 16:31:46,0,0,0,0,GENEL_BILGI
ZOREN,15.10.2020 14:22:04,0,0,0,0,GENEL_BILGI
ZOREN,15.10.2020 14:22:27,0,0,0,0,GENEL_BILGI
ZOREN,15.10.2020 17:13:42,0,0,0,0,GENEL_BILGI
ZOREN,19.10.2020 16:25:05,0,0,0,0,GENEL_BILGI
ZOREN,19.10.2020 16:58:40,40,5,0,0,GENEL_BILGI
ZOREN,20.10.2020 11:28:42,0,0,1,0,FINANSAL_RAPOR
ZOREN,21.10.2020 14:38:34,0,2,0,0,FINANSAL_RAPOR
ZOREN,21.10.2020 17:38:34,0,0,1,0,GENEL_BILGI
ZOREN,22.10.2020 15:40:35,0,0,0,0,GENEL_BILGI
ZOREN,22.10.2020 17:19:19,0,2,1,0,YATIRIM_SOZLESME
ZOREN,23.10.2020 13:36:20,0,2,0,0,YATIRIM_SOZLESME
ZOREN,23.10.2020 13:36:34,0,0,0,0,GENEL_BILGI
ZOREN,23.10.2020 13:36:50,0,5,0,0,GENEL_BILGI
ZOREN,23.10.2020 16:55:52,0,2,0,0,YATIRIM_SOZLESME
ZOREN,23.10.2020 16:56:16,0,0,0,0,GENEL_BILGI
ZOREN,23.10.2020 17:11:47,0,0,0,0,GENEL_BILGI
ZOREN,23.10.2020 17:46:08,0,0,0,0,GENEL_BILGI
ZOREN,23.10.2020 17:46:48,0,0,0,0,GENEL_BILGI
ZOREN,23.10.2020 18:39:16,0,0,0,0,GENEL_BILGI
ZOREN,23.10.2020 18:40:01,0,0,0,0,GENEL_BILGI
ZOREN,23.10.2020 19:41:34,0,0,0,0,GENEL_BILGI
ZOREN,23.10.2020 19:42:17,0,1,0,0,FINANSAL_RAPOR
ZOREN,26.10.2020 15:49:33,0,5,1,0,GENEL_BILGI
ZOREN,03.11.2020 16:06:46,-20,2,0,0,FINANSAL_RAPOR
ZOREN,03.11.2020 16:36:00,0,5,0,0,GENEL_BILGI
ZOREN,03.11.2020 17:30:05,0,0,0,0,GENEL_BILGI
ZOREN,03.11.2020 17:30:28,0,0,0,0,GENEL_BILGI
ZOREN,04.11.2020 18:09:05,0,2,1,0,YATIRIM_SOZLESME
ZOREN,05.11.2020 18:20:41,0,0,0,0,GENEL_BILGI
ZOREN,05.11.2020 18:23:04,0,0,0,0,GENEL_BILGI
ZOREN,05.11.2020 18:25:37,0,0,0,0,GENEL_BILGI
ZOREN,12.11.2020 17:22:39,0,0,1,0,GENEL_BILGI
ZOREN,16.11.2020 14:38:32,0,0,0,0,GENEL_BILGI
ZOREN,16.11.2020 14:39:43,0,2,0,0,FINANSAL_RAPOR
ZOREN,16.11.2020 16:28:38,0,0,0,0,GENEL_BILGI
ZOREN,16.11.2020 18:05:58,0,0,0,0,GENEL_BILGI
ZOREN,19.11.2020 18:34:10,0,0,0,0,GENEL_BILGI
ZOREN,20.11.2020 17:40:44,0,0,0,0,YATIRIM_SOZLESME
ZOREN,20.11.2020 17:56:23,0,0,0,0,GENEL_BILGI
ZOREN,23.11.2020 16:54:12,0,0,0,0,GENEL_BILGI
ZOREN,23.11.2020 16:56:31,0,0,0,0,GENEL_BILGI
ZOREN,23.11.2020 17:48:45,0,0,1,0,YATIRIM_SOZLESME
ZOREN,01.12.2020 18:14:05,0,2,0,0,YATIRIM_SOZLESME
ZOREN,01.12.2020 18:17:24,0,0,0,0,GENEL_BILGI
ZOREN,01.12.2020 22:04:28,0,0,0,0,GENEL_BILGI
ZOREN,02.12.2020 18:25:26,0,5,0,0,GENEL_BILGI
ZOREN,02.12.2020 18:30:22,0,1,0,0,FINANSAL_RAPOR
ZOREN,03.12.2020 16:04:45,0,2,0,0,YATIRIM_SOZLESME
ZOREN,03.12.2020 17:48:19,0,0,0,0,GENEL_BILGI
ZOREN,07.12.2020 12:08:35,30,2,1,0,YATIRIM_SOZLESME
ZOREN,08.12.2020 18:17:14,0,2,0,0,YATIRIM_SOZLESME
ZOREN,08.12.2020 18:18:31,0,0,0,0,GENEL_BILGI
ZOREN,09.12.2020 17:07:31,0,2,0,0,YATIRIM_SOZLESME
ZOREN,09.12.2020 17:08:11,0,2,0,0,FINANSAL_RAPOR
ZOREN,09.12.2020 17:09:41,0,0,0,0,GENEL_BILGI
ZOREN,09.12.2020 17:55:50,0,5,1,0,GENEL_BILGI
ZOREN,16.12.2020 17:17:58,0,0,0,0,GENEL_BILGI
ZOREN,16.12.2020 17:34:52,0,0,0,0,GENEL_BILGI
ZOREN,16.12.2020 17:36:18,0,0,0,0,GENEL_BILGI
ZOREN,16.12.2020 17:38:09,0,0,0,0,GENEL_BILGI
ZOREN,16.12.2020 17:39:27,0,0,0,0,GENEL_BILGI
ZOREN,16.12.2020 17:41:18,0,0,0,0,GENEL_BILGI
ZOREN,16.12.2020 18:06:17,0,2,0,0,YATIRIM_SOZLESME
ZOREN,16.12.2020 18:10:53,0,0,0,0,GENEL_BILGI
ZOREN,16.12.2020 18:12:43,0,2,0,0,YATIRIM_SOZLESME
ZOREN,17.12.2020 16:44:35,30,2,1,0,YATIRIM_SOZLESME
ZOREN,17.12.2020 18:17:13,0,0,0,0,GENEL_BILGI
ZOREN,17.12.2020 18:18:11,0,0,0,0,GENEL_BILGI
ZOREN,18.12.2020 14:59:31,0,0,0,0,GENEL_BILGI
ZOREN,18.12.2020 15:00:30,0,0,0,0,GENEL_BILGI
ZOREN,18.12.2020 17:21:56,0,0,0,0,GENEL_BILGI
ZOREN,21.12.2020 17:29:18,0,0,0,0,GENEL_BILGI
ZOREN,21.12.2020 19:30:19,0,0,0,0,GENEL_BILGI
ZOREN,22.12.2020 15:52:32,0,0,0,0,GENEL_BILGI
ZOREN,22.12.2020 16:08:23,0,0,1,0,GENEL_BILGI
ZOREN,23.12.2020 15:57:33,0,0,0,0,GENEL_BILGI
ZOREN,23.12.2020 16:23:46,0,1,1,0,YATIRIM_SOZLESME
ZOREN,29.12.2020 17:33:27,0,0,0,0,GENEL_BILGI
ZOREN,30.12.2020 15:23:23,0,2,0,0,FINANSAL_RAPOR
ZOREN,30.12.2020 17:17:43,0,0,0,0,GENEL_BILGI
ZOREN,31.12.2020 14:30:23,0,0,1,0,GENEL_BILGI
ZOREN,04.01.2021 15:00:03,0,2,0,0,GENEL_BILGI
ZOREN,07.01.2021 16:45:17,0,0,0,0,GENEL_BILGI
ZOREN,07.01.2021 16:46:53,0,0,0,0,GENEL_BILGI
ZOREN,07.01.2021 16:47:20,0,2,0,0,YATIRIM_SOZLESME
ZOREN,07.01.2021 17:30:21,0,0,1,0,GENEL_BILGI
ZOREN,07.01.2021 17:48:11,0,2,1,0,YATIRIM_SOZLESME
ZOREN,12.01.2021 17:18:41,30,2,0,0,YATIRIM_SOZLESME
ZOREN,13.01.2021 18:02:34,0,0,0,0,GENEL_BILGI
ZOREN,14.01.2021 09:09:18,0,0,0,0,GENEL_BILGI
ZOREN,14.01.2021 17:32:11,0,0,1,0,GENEL_BILGI
ZOREN,14.01.2021 17:37:30,0,0,0,0,GENEL_BILGI
ZOREN,15.01.2021 17:26:23,0,0,0,0,GENEL_BILGI
ZOREN,15.01.2021 17:30:17,0,0,0,0,GENEL_BILGI
ZOREN,15.01.2021 17:47:47,0,0,1,0,FINANSAL_RAPOR
ZOREN,20.01.2021 16:16:34,0,2,0,0,FINANSAL_RAPOR
ZOREN,20.01.2021 16:16:46,0,2,0,0,FINANSAL_RAPOR
ZOREN,20.01.2021 17:32:17,0,0,0,0,GENEL_BILGI
ZOREN,21.01.2021 18:12:38,30,2,0,2,YATIRIM_SOZLESME
ZOREN,22.01.2021 09:57:31,0,0,0,2,SERMAYE_TEMETTU
ZOREN,22.01.2021 15:48:20,0,2,0,0,FINANSAL_RAPOR
ZOREN,22.01.2021 17:41:14,0,0,0,0,GENEL_BILGI
ZOREN,22.01.2021 17:41:50,0,0,0,0,GENEL_BILGI
ZOREN,22.01.2021 18:04:51,0,0,0,0,GENEL_BILGI
ZOREN,25.01.2021 16:44:10,0,5,0,0,GENEL_BILGI
ZOREN,26.01.2021 15:00:27,-20,2,1,0,FINANSAL_RAPOR
ZOREN,27.01.2021 17:00:45,0,0,0,0,GENEL_BILGI
ZOREN,27.01.2021 17:07:56,-40,5,1,0,GENEL_BILGI
ZOREN,02.02.2021 18:43:33,0,2,0,0,YATIRIM_SOZLESME
ZOREN,02.02.2021 18:43:43,0,0,0,0,GENEL_BILGI
ZOREN,02.02.2021 22:04:35,0,0,0,0,GENEL_BILGI
ZOREN,02.02.2021 22:07:28,0,0,0,0,GENEL_BILGI
ZOREN,03.02.2021 18:18:38,0,0,0,2,SERMAYE_TEMETTU
ZOREN,03.02.2021 18:19:37,0,0,0,0,GENEL_BILGI
ZOREN,08.02.2021 16:12:56,0,0,0,0,GENEL_BILGI
ZOREN,08.02.2021 17:40:09,0,0,0,0,GENEL_BILGI
ZOREN,11.02.2021 17:26:54,0,0,0,0,GENEL_BILGI
ZOREN,11.02.2021 17:27:28,0,0,0,0,GENEL_BILGI
ZOREN,12.02.2021 11:27:34,0,0,0,0,GENEL_BILGI
ZOREN,12.02.2021 14:55:19,0,5,0,0,GENEL_BILGI
ZOREN,12.02.2021 17:53:36,0,2,0,0,YATIRIM_SOZLESME
ZOREN,12.02.2021 17:53:48,0,2,0,0,YATIRIM_SOZLESME
ZOREN,12.02.2021 18:15:49,0,0,0,0,GENEL_BILGI
ZOREN,12.02.2021 18:16:42,0,2,0,0,GENEL_BILGI
ZOREN,15.02.2021 17:03:03,0,0,0,0,GENEL_BILGI
ZOREN,15.02.2021 18:01:02,0,0,1,0,YATIRIM_SOZLESME
ZOREN,19.02.2021 00:52:36,0,0,0,0,GENEL_BILGI
ZOREN,19.02.2021 00:53:21,0,0,0,0,GENEL_BILGI
ZOREN,19.02.2021 16:30:28,0,0,0,0,GENEL_BILGI
ZOREN,19.02.2021 16:31:25,0,0,0,0,GENEL_BILGI
ZOREN,19.02.2021 16:46:33,0,5,0,0,GENEL_BILGI
ZOREN,19.02.2021 17:00:08,0,0,0,0,GENEL_BILGI
ZOREN,22.02.2021 15:28:07,0,0,0,0,GENEL_BILGI
ZOREN,22.02.2021 15:29:08,0,0,0,0,GENEL_BILGI
ZOREN,22.02.2021 18:01:59,0,0,1,0,YATIRIM_SOZLESME
ZOREN,23.02.2021 14:10:53,0,0,0,0,GENEL_BILGI
ZOREN,25.02.2021 17:28:25,-40,5,1,0,GENEL_BILGI
ZOREN,25.02.2021 19:34:51,0,0,0,0,GENEL_BILGI
ZOREN,25.02.2021 19:37:18,0,0,0,0,GENEL_BILGI
ZOREN,01.03.2021 18:34:20,0,2,0,0,YATIRIM_SOZLESME
ZOREN,02.03.2021 18:37:56,0,5,0,0,GENEL_BILGI
ZOREN,02.03.2021 18:39:21,0,5,1,2,YATIRIM_SOZLESME
ZOREN,03.03.2021 15:17:21,0,0,0,0,GENEL_BILGI
ZOREN,03.03.2021 15:18:35,0,2,0,0,YATIRIM_SOZLESME
ZOREN,03.03.2021 23:32:21,0,2,0,0,FINANSAL_RAPOR
ZOREN,04.03.2021 09:09:58,0,0,0,0,GENEL_BILGI
ZOREN,04.03.2021 17:20:50,30,2,0,0,YATIRIM_SOZLESME
ZOREN,04.03.2021 17:30:32,0,2,0,0,ROUTINE_INFO
ZOREN,04.03.2021 17:57:21,0,0,0,0,GENEL_BILGI
ZOREN,05.03.2021 17:24:57,0,5,0,2,GENEL_BILGI
ZOREN,09.03.2021 13:19:00,0,0,1,0,GENEL_BILGI
ZOREN,09.03.2021 16:46:42,30,2,0,0,YATIRIM_SOZLESME
ZOREN,09.03.2021 17:17:55,0,5,0,0,GENEL_BILGI
ZOREN,09.03.2021 17:38:38,0,2,0,0,YATIRIM_SOZLESME
ZOREN,09.03.2021 17:38:49,0,0,0,0,GENEL_BILGI
ZOREN,10.03.2021 15:45:27,0,0,0,0,GENEL_BILGI
ZOREN,10.03.2021 15:45:36,0,0,0,0,GENEL_BILGI
ZOREN,10.03.2021 15:45:47,0,2,0,0,YATIRIM_SOZLESME
ZOREN,10.03.2021 18:11:41,0,0,0,0,GENEL_BILGI
ZOREN,12.03.2021 18:52:11,0,5,0,2,YATIRIM_SOZLESME
ZOREN,15.03.2021 18:35:33,0,0,0,0,GENEL_BILGI
ZOREN,16.03.2021 15:46:35,0,0,0,0,GENEL_BILGI
ZOREN,16.03.2021 17:19:07,0,0,0,0,GENEL_BILGI
ZOREN,16.03.2021 17:52:42,0,0,1,0,FINANSAL_RAPOR
ZOREN,17.03.2021 15:22:52,0,5,0,2,YATIRIM_SOZLESME
ZOREN,17.03.2021 16:17:41,0,2,0,0,FINANSAL_RAPOR
ZOREN,17.03.2021 16:18:10,0,0,0,0,GENEL_BILGI
ZOREN,17.03.2021 17:46:50,0,0,0,0,GENEL_BILGI
ZOREN,18.03.2021 17:13:27,0,0,0,0,GENEL_BILGI
ZOREN,19.03.2021 13:48:31,0,0,0,0,GENEL_BILGI
ZOREN,19.03.2021 17:51:12,0,0,0,0,GENEL_BILGI
ZOREN,24.03.2021 15:49:00,0,0,0,0,GENEL_BILGI
ZOREN,24.03.2021 18:02:02,0,0,0,0,GENEL_BILGI
ZOREN,26.03.2021 15:25:43,0,1,0,0,YATIRIM_SOZLESME
ZOREN,26.03.2021 15:26:21,0,0,0,0,GENEL_BILGI
ZOREN,26.03.2021 17:01:10,0,0,0,0,GENEL_BILGI
ZOREN,26.03.2021 17:01:21,0,0,0,0,GENEL_BILGI
ZOREN,26.03.2021 17:50:29,0,0,0,0,GENEL_BILGI
ZOREN,26.03.2021 18:03:26,0,2,0,0,YATIRIM_SOZLESME
ZOREN,30.03.2021 17:57:40,0,0,0,0,GENEL_BILGI
ZOREN,31.03.2021 17:29:50,0,2,0,0,FINANSAL_RAPOR
ZOREN,31.03.2021 17:32:50,0,0,0,0,GENEL_BILGI
ZOREN,05.04.2021 14:11:50,0,0,0,0,GENEL_BILGI
ZOREN,05.04.2021 15:37:44,-20,2,0,0,FINANSAL_RAPOR
ZOREN,05.04.2021 15:39:01,0,0,0,0,GENEL_BILGI
ZOREN,07.04.2021 16:01:52,0,2,0,0,YATIRIM_SOZLESME
ZOREN,07.04.2021 17:23:21,0,2,0,0,FINANSAL_RAPOR
ZOREN,07.04.2021 19:50:34,0,1,1,0,YATIRIM_SOZLESME
ZOREN,08.04.2021 16:53:01,0,2,0,0,FINANSAL_RAPOR
ZOREN,08.04.2021 17:29:36,0,1,1,0,YATIRIM_SOZLESME
ZOREN,09.04.2021 17:30:41,0,0,0,0,GENEL_BILGI
ZOREN,09.04.2021 18:05:16,0,0,0,0,GENEL_BILGI
ZOREN,09.04.2021 18:25:44,0,5,0,0,GENEL_BILGI
ZOREN,09.04.2021 18:29:38,0,5,0,1,GENEL_BILGI
ZOREN,12.04.2021 17:26:31,0,5,0,0,GENEL_BILGI
ZOREN,12.04.2021 17:45:21,30,2,0,0,YATIRIM_SOZLESME
ZOREN,13.04.2021 09:02:03,30,2,0,0,YATIRIM_SOZLESME
ZOREN,13.04.2021 17:31:02,0,0,0,0,GENEL_BILGI
ZOREN,14.04.2021 16:08:48,0,0,0,0,GENEL_BILGI
ZOREN,14.04.2021 16:44:04,0,2,1,0,YATIRIM_SOZLESME
ZOREN,16.04.2021 14:55:09,0,0,0,0,GENEL_BILGI
ZOREN,16.04.2021 17:11:21,0,0,1,0,YATIRIM_SOZLESME
ZOREN,22.04.2021 16:58:07,0,0,0,0,GENEL_BILGI
ZOREN,22.04.2021 18:27:14,0,2,0,0,YATIRIM_SOZLESME
ZOREN,22.04.2021 18:50:01,0,0,0,0,GENEL_BILGI
ZOREN,22.04.2021 18:50:36,0,0,0,0,GENEL_BILGI
ZOREN,22.04.2021 18:50:57,0,2,0,0,FINANSAL_RAPOR
ZOREN,22.04.2021 18:51:25,0,2,0,0,FINANSAL_RAPOR
ZOREN,22.04.2021 18:51:51,0,2,0,0,YATIRIM_SOZLESME
ZOREN,22.04.2021 18:52:14,0,0,0,0,GENEL_BILGI
ZOREN,22.04.2021 19:17:39,0,2,0,0,YATIRIM_SOZLESME
ZOREN,26.04.2021 17:10:02,0,2,1,0,FINANSAL_RAPOR
ZOREN,26.04.2021 18:38:49,0,0,0,0,GENEL_BILGI
ZOREN,27.04.2021 17:01:59,0,0,0,0,GENEL_BILGI
ZOREN,27.04.2021 18:07:50,-20,2,0,0,FINANSAL_RAPOR
ZOREN,27.04.2021 18:08:41,0,0,0,0,GENEL_BILGI
ZOREN,27.04.2021 18:09:30,0,0,0,0,GENEL_BILGI
ZOREN,27.04.2021 18:10:19,0,0,0,0,GENEL_BILGI
ZOREN,29.04.2021 18:49:40,0,0,0,0,GENEL_BILGI
ZOREN,29.04.2021 20:32:18,30,2,0,2,SERMAYE_TEMETTU
ZOREN,29.04.2021 23:00:20,30,2,1,2,SERMAYE_TEMETTU
ZOREN,03.05.2021 17:38:48,30,1,1,2,SERMAYE_TEMETTU
ZOREN,10.05.2021 16:31:26,0,0,0,0,GENEL_BILGI
ZOREN,10.05.2021 17:34:20,0,0,1,0,FINANSAL_RAPOR
ZOREN,10.05.2021 18:38:42,-20,2,1,0,FINANSAL_RAPOR
ZOREN,11.05.2021 15:30:23,0,0,0,0,GENEL_BILGI
ZOREN,12.05.2021 11:03:33,0,0,0,0,GENEL_BILGI
ZOREN,13.05.2021 17:48:18,0,5,0,0,GENEL_BILGI
ZOREN,17.05.2021 15:06:02,0,0,0,0,GENEL_BILGI
ZOREN,17.05.2021 15:06:17,0,2,0,0,FINANSAL_RAPOR
ZOREN,17.05.2021 17:31:22,0,0,0,0,GENEL_BILGI
ZOREN,17.05.2021 18:37:18,0,0,0,0,GENEL_BILGI
ZOREN,18.05.2021 15:06:25,0,0,0,0,GENEL_BILGI
ZOREN,18.05.2021 16:14:05,0,1,1,0,FINANSAL_RAPOR
ZOREN,20.05.2021 17:30:23,0,5,0,0,GENEL_BILGI
ZOREN,21.05.2021 18:33:43,0,0,0,0,GENEL_BILGI
ZOREN,21.05.2021 18:36:12,0,0,0,0,GENEL_BILGI
ZOREN,21.05.2021 18:37:49,0,0,0,0,GENEL_BILGI
ZOREN,25.05.2021 16:58:03,-40,5,1,0,GENEL_BILGI
ZOREN,26.05.2021 09:01:57,40,5,0,2,GENEL_BILGI
ZOREN,28.05.2021 15:53:30,30,2,0,2,SERMAYE_TEMETTU
ZOREN,31.05.2021 16:58:25,0,2,0,0,YATIRIM_SOZLESME
ZOREN,01.06.2021 17:59:29,0,2,0,2,YATIRIM_SOZLESME
ZOREN,02.06.2021 18:50:53,0,1,0,0,YATIRIM_SOZLESME
ZOREN,02.06.2021 18:51:04,0,0,0,0,GENEL_BILGI
ZOREN,02.06.2021 20:07:21,0,0,0,0,GENEL_BILGI
ZOREN,02.06.2021 20:08:12,0,0,0,0,GENEL_BILGI
ZOREN,03.06.2021 17:20:01,0,0,0,0,GENEL_BILGI
ZOREN,03.06.2021 17:20:23,0,2,0,0,YATIRIM_SOZLESME
ZOREN,03.06.2021 17:20:41,0,0,0,0,GENEL_BILGI
ZOREN,03.06.2021 17:21:06,0,0,0,0,GENEL_BILGI
ZOREN,03.06.2021 17:48:01,0,2,0,0,YATIRIM_SOZLESME
ZOREN,03.06.2021 17:47:52,0,0,0,0,GENEL_BILGI
ZOREN,03.06.2021 18:11:58,0,0,0,0,GENEL_BILGI
ZOREN,03.06.2021 18:12:22,0,2,0,0,YATIRIM_SOZLESME
ZOREN,09.06.2021 17:05:55,0,0,0,0,GENEL_BILGI
ZOREN,09.06.2021 17:59:15,0,2,1,0,YATIRIM_SOZLESME
ZOREN,15.06.2021 17:40:16,0,0,0,0,GENEL_BILGI
ZOREN,16.06.2021 16:33:36,0,0,0,0,GENEL_BILGI
ZOREN,16.06.2021 17:25:05,0,0,0,0,GENEL_BILGI
ZOREN,16.06.2021 17:25:26,0,0,0,0,GENEL_BILGI
ZOREN,17.06.2021 18:27:34,0,0,0,0,GENEL_BILGI
ZOREN,18.06.2021 17:06:48,0,0,0,0,GENEL_BILGI
ZOREN,18.06.2021 17:42:36,0,2,0,0,YATIRIM_SOZLESME
ZOREN,18.06.2021 18:28:23,0,0,0,0,GENEL_BILGI
ZOREN,21.06.2021 15:20:28,-40,5,1,0,GENEL_BILGI
ZOREN,21.06.2021 17:22:19,0,5,0,2,YATIRIM_SOZLESME
ZOREN,23.06.2021 17:31:25,0,0,0,0,GENEL_BILGI
ZOREN,23.06.2021 17:34:10,0,5,0,0,GENEL_BILGI
ZOREN,24.06.2021 16:07:04,0,0,0,0,GENEL_BILGI
ZOREN,24.06.2021 16:20:49,0,0,0,0,GENEL_BILGI
ZOREN,24.06.2021 16:53:05,0,5,0,0,GENEL_BILGI
ZOREN,24.06.2021 18:12:13,0,2,0,0,FINANSAL_RAPOR
ZOREN,25.06.2021 14:38:17,0,2,0,0,FINANSAL_RAPOR
ZOREN,25.06.2021 17:56:45,0,0,0,0,GENEL_BILGI
ZOREN,29.06.2021 18:13:29,0,0,0,0,GENEL_BILGI
ZOREN,30.06.2021 15:25:47,0,2,0,0,FINANSAL_RAPOR
ZOREN,30.06.2021 17:12:16,0,0,0,0,GENEL_BILGI
ZOREN,05.07.2021 08:17:41,0,2,0,0,YATIRIM_SOZLESME
ZOREN,07.07.2021 17:27:43,0,0,0,0,GENEL_BILGI
ZOREN,07.07.2021 17:51:30,0,0,0,0,GENEL_BILGI
ZOREN,08.07.2021 12:44:59,0,2,0,0,YATIRIM_SOZLESME
ZOREN,08.07.2021 17:10:43,0,1,1,0,YATIRIM_SOZLESME
ZOREN,09.07.2021 16:22:10,0,0,0,0,GENEL_BILGI
ZOREN,09.07.2021 16:22:52,0,2,0,0,FINANSAL_RAPOR
ZOREN,09.07.2021 17:33:31,0,0,0,0,GENEL_BILGI
ZOREN,09.07.2021 17:33:50,0,0,0,0,GENEL_BILGI
ZOREN,09.07.2021 17:56:53,0,0,0,0,GENEL_BILGI
ZOREN,09.07.2021 18:16:35,0,2,0,0,YATIRIM_SOZLESME
ZOREN,13.07.2021 17:09:01,0,0,0,0,GENEL_BILGI
ZOREN,14.07.2021 15:20:34,0,0,0,0,GENEL_BILGI
ZOREN,14.07.2021 17:43:32,0,2,1,0,YATIRIM_SOZLESME
ZOREN,16.07.2021 11:48:33,0,5,0,0,GENEL_BILGI
ZOREN,26.07.2021 18:46:51,0,2,0,0,GENEL_BILGI
ZOREN,27.07.2021 13:02:54,0,0,0,0,GENEL_BILGI
ZOREN,27.07.2021 17:07:43,0,0,0,0,GENEL_BILGI
ZOREN,29.07.2021 15:48:08,0,0,0,0,GENEL_BILGI
ZOREN,29.07.2021 18:29:09,0,0,0,0,GENEL_BILGI
ZOREN,30.07.2021 14:44:09,0,1,0,0,FINANSAL_RAPOR
ZOREN,30.07.2021 15:09:29,0,0,0,0,GENEL_BILGI
ZOREN,30.07.2021 18:35:45,0,1,0,0,FINANSAL_RAPOR
ZOREN,30.07.2021 18:37:02,0,0,0,0,GENEL_BILGI
ZOREN,06.08.2021 17:22:01,0,0,0,0,GENEL_BILGI
ZOREN,10.08.2021 16:38:24,30,2,0,2,SERMAYE_TEMETTU
ZOREN,10.08.2021 16:59:06,0,0,1,0,GENEL_BILGI
ZOREN,10.08.2021 17:57:21,30,2,0,0,SERMAYE_TEMETTU
ZOREN,10.08.2021 18:32:18,0,0,0,0,GENEL_BILGI
ZOREN,11.08.2021 09:20:01,30,1,1,2,SERMAYE_TEMETTU
ZOREN,11.08.2021 09:22:13,0,0,1,0,GENEL_BILGI
ZOREN,11.08.2021 17:56:17,-40,5,1,0,GENEL_BILGI
ZOREN,13.08.2021 10:58:30,0,0,1,0,GENEL_BILGI
ZOREN,13.08.2021 18:18:42,0,2,0,0,FINANSAL_RAPOR
ZOREN,13.08.2021 18:19:13,0,0,0,0,GENEL_BILGI
ZOREN,13.08.2021 18:20:02,0,0,0,0,GENEL_BILGI
ZOREN,16.08.2021 17:39:14,0,0,0,0,GENEL_BILGI
ZOREN,17.08.2021 14:40:25,0,0,0,0,GENEL_BILGI
ZOREN,17.08.2021 17:08:20,0,0,0,2,SERMAYE_TEMETTU
ZOREN,17.08.2021 17:48:05,0,0,1,0,GENEL_BILGI
ZOREN,19.08.2021 09:16:01,0,0,1,0,GENEL_BILGI
ZOREN,19.08.2021 16:04:51,0,0,0,0,GENEL_BILGI
ZOREN,19.08.2021 16:05:10,0,1,0,0,FINANSAL_RAPOR
ZOREN,19.08.2021 17:05:54,0,0,0,0,GENEL_BILGI
ZOREN,19.08.2021 17:06:37,0,2,0,0,YATIRIM_SOZLESME
ZOREN,19.08.2021 17:31:25,0,1,1,0,YATIRIM_SOZLESME
ZOREN,19.08.2021 17:35:47,0,2,0,0,YATIRIM_SOZLESME
ZOREN,23.08.2021 16:34:41,0,5,0,0,GENEL_BILGI
ZOREN,23.08.2021 17:56:45,0,1,0,2,SERMAYE_TEMETTU
ZOREN,24.08.2021 15:16:52,0,2,0,0,FINANSAL_RAPOR
ZOREN,24.08.2021 16:24:07,0,1,1,0,YATIRIM_SOZLESME
ZOREN,24.08.2021 20:10:05,0,2,0,0,GENEL_BILGI
ZOREN,25.08.2021 12:13:11,0,0,1,0,GENEL_BILGI
ZOREN,25.08.2021 19:48:21,0,0,1,0,GENEL_BILGI
ZOREN,26.08.2021 09:20:48,0,0,1,0,GENEL_BILGI
ZOREN,27.08.2021 13:54:30,0,0,0,0,GENEL_BILGI
ZOREN,31.08.2021 17:51:17,0,0,0,2,SERMAYE_TEMETTU
ZOREN,01.09.2021 17:02:35,0,0,0,0,GENEL_BILGI
ZOREN,02.09.2021 15:25:29,0,0,0,0,GENEL_BILGI
ZOREN,02.09.2021 17:35:22,0,0,1,0,YATIRIM_SOZLESME
ZOREN,03.09.2021 09:06:39,0,0,1,0,GENEL_BILGI
ZOREN,10.09.2021 14:14:25,0,2,0,0,YATIRIM_SOZLESME
ZOREN,10.09.2021 16:48:33,0,0,0,0,GENEL_BILGI
ZOREN,10.09.2021 17:39:51,0,0,1,0,GENEL_BILGI
ZOREN,14.09.2021 09:18:52,0,0,1,0,GENEL_BILGI
ZOREN,14.09.2021 17:16:35,0,0,0,0,GENEL_BILGI
ZOREN,15.09.2021 10:38:32,0,0,0,0,GENEL_BILGI
ZOREN,15.09.2021 15:53:54,0,0,0,0,GENEL_BILGI
ZOREN,15.09.2021 17:39:57,0,0,0,0,GENEL_BILGI
ZOREN,16.09.2021 16:38:47,0,2,0,0,YATIRIM_SOZLESME
ZOREN,16.09.2021 19:07:57,0,0,0,0,GENEL_BILGI
ZOREN,17.09.2021 15:02:14,0,0,0,0,GENEL_BILGI
ZOREN,17.09.2021 15:02:41,0,0,0,0,GENEL_BILGI
ZOREN,17.09.2021 18:16:52,0,0,0,0,GENEL_BILGI
ZOREN,17.09.2021 18:30:20,30,2,0,0,YATIRIM_SOZLESME
ZOREN,22.09.2021 17:41:47,0,0,0,0,GENEL_BILGI
ZOREN,23.09.2021 14:40:10,0,2,0,0,FINANSAL_RAPOR
ZOREN,23.09.2021 14:40:28,0,0,0,0,GENEL_BILGI
ZOREN,23.09.2021 14:41:07,0,0,0,0,GENEL_BILGI
ZOREN,23.09.2021 14:41:22,0,1,0,0,FINANSAL_RAPOR
ZOREN,23.09.2021 16:43:41,0,2,0,0,YATIRIM_SOZLESME
ZOREN,23.09.2021 16:44:06,0,2,0,0,YATIRIM_SOZLESME
ZOREN,23.09.2021 17:14:35,0,0,1,0,FINANSAL_RAPOR
ZOREN,23.09.2021 17:36:37,0,2,1,0,YATIRIM_SOZLESME
ZOREN,24.09.2021 10:10:30,0,2,0,0,FINANSAL_RAPOR
ZOREN,28.09.2021 17:42:14,30,2,0,2,YATIRIM_SOZLESME
ZOREN,29.09.2021 16:01:14,0,0,0,0,GENEL_BILGI
ZOREN,06.10.2021 17:29:51,0,0,0,0,GENEL_BILGI
ZOREN,06.10.2021 17:30:21,0,0,0,0,GENEL_BILGI
ZOREN,07.10.2021 15:31:43,0,2,0,0,FINANSAL_RAPOR
ZOREN,07.10.2021 15:32:02,0,0,0,0,GENEL_BILGI
ZOREN,07.10.2021 17:09:06,0,0,0,0,GENEL_BILGI
ZOREN,11.10.2021 17:43:51,0,0,0,0,GENEL_BILGI
ZOREN,12.10.2021 15:27:15,0,0,0,0,GENEL_BILGI
ZOREN,12.10.2021 17:08:24,0,2,1,0,YATIRIM_SOZLESME
ZOREN,14.10.2021 16:01:44,-40,5,1,0,GENEL_BILGI
ZOREN,22.10.2021 15:28:56,0,0,0,0,GENEL_BILGI
ZOREN,22.10.2021 18:04:32,0,5,0,0,GENEL_BILGI
ZOREN,25.10.2021 16:29:40,0,0,0,0,GENEL_BILGI
ZOREN,25.10.2021 16:51:05,0,0,0,0,GENEL_BILGI
ZOREN,25.10.2021 17:39:23,0,0,1,0,GENEL_BILGI
ZOREN,26.10.2021 14:36:31,0,2,0,0,FINANSAL_RAPOR
ZOREN,26.10.2021 17:18:00,0,2,1,0,FINANSAL_RAPOR
ZOREN,26.10.2021 17:38:40,-40,5,1,0,GENEL_BILGI
ZOREN,27.10.2021 13:54:53,0,5,0,0,GENEL_BILGI
ZOREN,27.10.2021 15:13:21,0,0,0,0,GENEL_BILGI
ZOREN,27.10.2021 17:32:44,0,0,0,0,GENEL_BILGI
ZOREN,27.10.2021 17:58:33,0,0,1,0,GENEL_BILGI
ZOREN,27.10.2021 18:25:00,0,0,0,0,GENEL_BILGI
ZOREN,04.11.2021 18:26:21,0,0,0,0,GENEL_BILGI
ZOREN,04.11.2021 18:27:36,0,0,0,0,GENEL_BILGI
ZOREN,04.11.2021 18:28:47,0,0,0,0,GENEL_BILGI
ZOREN,08.11.2021 17:58:53,0,5,0,0,GENEL_BILGI
ZOREN,11.11.2021 15:06:21,0,2,0,0,FINANSAL_RAPOR
ZOREN,11.11.2021 15:06:55,0,2,0,0,FINANSAL_RAPOR
ZOREN,11.11.2021 17:09:35,0,2,1,0,YATIRIM_SOZLESME
ZOREN,11.11.2021 17:15:53,0,0,0,0,GENEL_BILGI
ZOREN,11.11.2021 17:16:08,0,2,0,0,YATIRIM_SOZLESME
ZOREN,11.11.2021 17:47:15,0,2,0,0,YATIRIM_SOZLESME
ZOREN,15.11.2021 17:23:39,0,0,0,0,GENEL_BILGI
ZOREN,16.11.2021 14:56:53,0,1,0,0,FINANSAL_RAPOR
ZOREN,16.11.2021 17:24:26,0,0,1,0,FINANSAL_RAPOR
ZOREN,16.11.2021 17:42:58,0,0,0,0,GENEL_BILGI
ZOREN,17.11.2021 15:56:19,0,0,0,0,GENEL_BILGI
ZOREN,17.11.2021 17:15:52,0,0,0,0,GENEL_BILGI
ZOREN,19.11.2021 15:33:09,0,0,0,0,GENEL_BILGI
ZOREN,01.12.2021 16:19:12,0,0,0,0,GENEL_BILGI
ZOREN,01.12.2021 17:33:43,0,0,0,0,GENEL_BILGI
ZOREN,02.12.2021 14:15:28,0,2,0,0,FINANSAL_RAPOR
ZOREN,02.12.2021 16:48:35,0,0,0,0,YATIRIM_SOZLESME
ZOREN,02.12.2021 17:14:01,0,0,1,0,YATIRIM_SOZLESME
ZOREN,03.12.2021 17:18:16,0,5,0,0,GENEL_BILGI
ZOREN,06.12.2021 16:31:38,-40,5,0,0,GENEL_BILGI
ZOREN,14.12.2021 17:16:07,0,2,0,0,FINANSAL_RAPOR
ZOREN,15.12.2021 15:08:33,0,1,0,0,FINANSAL_RAPOR
ZOREN,15.12.2021 17:10:18,0,0,0,0,GENEL_BILGI
ZOREN,17.12.2021 16:24:06,-40,5,1,0,GENEL_BILGI
ZOREN,17.12.2021 17:41:26,-40,5,1,0,GENEL_BILGI
ZOREN,21.12.2021 11:07:23,0,0,0,0,GENEL_BILGI
ZOREN,21.12.2021 17:08:07,30,2,0,0,YATIRIM_SOZLESME
ZOREN,21.12.2021 17:25:53,0,0,0,0,GENEL_BILGI
ZOREN,21.12.2021 17:49:35,0,0,0,0,GENEL_BILGI
ZOREN,21.12.2021 17:49:50,0,0,0,0,GENEL_BILGI
ZOREN,22.12.2021 13:43:55,0,0,0,0,GENEL_BILGI
ZOREN,22.12.2021 13:44:07,0,0,0,0,GENEL_BILGI
ZOREN,22.12.2021 17:45:55,0,0,1,0,GENEL_BILGI
ZOREN,23.12.2021 10:05:31,0,2,0,0,GENEL_BILGI
ZOREN,03.01.2022 16:15:06,30,2,0,0,YATIRIM_SOZLESME
ZOREN,05.01.2022 16:45:41,0,0,0,0,GENEL_BILGI
ZOREN,06.01.2022 15:05:21,0,5,0,0,GENEL_BILGI
ZOREN,06.01.2022 15:05:53,0,2,0,0,FINANSAL_RAPOR
ZOREN,06.01.2022 15:30:24,0,2,1,0,YATIRIM_SOZLESME
ZOREN,06.01.2022 17:34:27,0,0,0,0,GENEL_BILGI
ZOREN,06.01.2022 18:23:23,0,0,0,0,GENEL_BILGI
ZOREN,06.01.2022 18:27:17,0,0,0,0,GENEL_BILGI
ZOREN,11.01.2022 16:28:03,30,2,0,0,YATIRIM_SOZLESME
ZOREN,12.01.2022 16:41:06,0,0,0,0,GENEL_BILGI
ZOREN,12.01.2022 16:41:28,0,2,0,0,FINANSAL_RAPOR
ZOREN,12.01.2022 16:41:50,0,0,0,0,GENEL_BILGI
ZOREN,12.01.2022 16:57:42,0,2,0,0,YATIRIM_SOZLESME
ZOREN,12.01.2022 16:57:56,0,2,0,0,YATIRIM_SOZLESME
ZOREN,12.01.2022 17:20:26,0,0,0,0,GENEL_BILGI
ZOREN,12.01.2022 17:58:52,0,2,0,0,YATIRIM_SOZLESME
ZOREN,13.01.2022 16:42:24,0,0,0,0,GENEL_BILGI
ZOREN,13.01.2022 16:42:37,0,1,0,0,GENEL_BILGI
ZOREN,21.01.2022 16:25:58,30,2,0,0,YATIRIM_SOZLESME
ZOREN,24.01.2022 13:43:45,-40,5,1,0,GENEL_BILGI
ZOREN,24.01.2022 17:39:48,0,0,0,0,GENEL_BILGI
ZOREN,25.01.2022 11:08:36,0,0,0,0,GENEL_BILGI
ZOREN,25.01.2022 17:22:58,0,0,1,0,GENEL_BILGI
ZOREN,27.01.2022 19:14:12,0,5,0,0,GENEL_BILGI
ZOREN,28.01.2022 14:12:32,0,5,0,2,YATIRIM_SOZLESME
ZOREN,31.01.2022 16:42:46,0,5,0,0,GENEL_BILGI
