date,open,high,low,close,volume,symbol,adj_close,adj_open,adj_high,adj_low,is_dividend_day,return_1d,return_5d,return_20d,vol_20d,vol_60d,sma_20,sma_50,sma_200,distance_from_ma200,rsi_14,macd,macd_signal,macd_hist,roc_10,atr_14,obv,future_return_10d,y_10d_up,y_10d_triclass,future_return_20d,y_20d_up,y_20d_triclass,future_return_30d,y_30d_up,y_30d_triclass,future_return_60d,y_60d_up,y_60d_triclass,future_return_90d,y_90d_up,y_90d_triclass,future_return_120d,y_120d_up,y_120d_triclass,y_triple_20d
2020-01-02,3.5693512,3.6375554,3.4688034,3.586,196706571.0,TRALT,17.076190476190476,16.996910476190475,17.32169238095238,16.51811142857143,0,,,,,,,,,,,0.0,0.0,0.0,,,0.0,-0.007836029001673017,0,0,0.047713329615170164,1,1,0.01765197992191858,1,0,-0.19085331846068032,0,-1,-0.03332403792526495,0,-1,0.06731734523145572,1,1,1.0
2020-01-03,3.6138833,3.6492748,3.567242,3.5766,141455184.0,TRALT,17.031428571428574,17.208968095238095,17.37749904761905,16.986866666666668,0,-0.002621305075292679,,,,,,,,,,-0.0035707502374187072,-0.0007141500474837415,-0.0028566001899349657,,,-141455184.0,0.0006710283509476778,1,0,0.029497287927081395,1,1,0.0485097578706033,1,1,-0.19004082089134944,0,-1,-0.028826259576133828,0,-1,0.09763462506290876,1,1,1.0
2020-01-06,3.7176194,3.7828705,3.5766172,3.743,244500291.0,TRALT,17.823809523809523,17.702949523809522,18.013669047619047,17.031510476190476,0,0.046524632332382465,,,,,,,,,,0.056882222276328775,0.010805124417278761,0.046077097859050016,,,103045107.0,-0.01691156826075335,0,0,-0.01878172588832483,0,0,0.0018968741651084198,1,0,-0.23168581351856798,0,-1,-0.06198236708522553,0,-1,0.056986374565856535,1,1,0.0
2020-01-07,3.7283542,3.7688076,3.665681,3.7524,147081786.0,TRALT,17.86857142857143,17.75406761904762,17.94670285714286,17.45562380952381,0,0.0025113545284531913,,,,,,,,,,0.1071681820641075,0.03007773594664451,0.07709044611746299,,,250126893.0,-0.019374267135699785,0,0,-0.028115339516042948,0,-1,0.024357744376932056,1,1,-0.2623387698539602,0,-1,-0.06182709732437908,0,-1,0.034351348470312404,1,1,0.0
2020-01-08,3.7488854,3.7992768,3.7031817,3.7196,125108941.75,TRALT,17.71238095238095,17.851835238095237,18.091794285714286,17.634198571428573,0,-0.008741072380343384,,,,,,,,,,0.13288508485626593,0.050639205728568795,0.08224587912769714,,,125017951.25,0.010700075276911747,1,0,-0.025217765351112975,0,-1,-0.013872459404236759,0,0,-0.244488654694053,0,-1,-0.05608129906441528,0,-1,0.06049037530917323,1,1,0.0
2020-01-09,3.748651,3.7969334,3.6750565,3.7149,266810983.0,TRALT,17.69,17.850719047619048,18.080635238095237,17.50026904761905,0,-0.0012635767286803823,0.03594534300055785,,,,,,,,,0.1497339203598358,0.0704581486548222,0.0792757717050136,,,-141793031.75,0.010713612748660672,1,0,-0.019569840372553937,0,0,0.038493633745188216,1,1,-0.2485935018439258,0,-1,-0.0637163853670355,0,-1,0.06056690624242922,1,1,0.0
2020-01-10,3.6862595,3.7359946,3.6305244,3.6376,98915497.0,TRALT,17.32190476190476,17.553616666666667,17.79045047619048,17.28821142857143,0,-0.02080809712239906,0.017055303919923714,,,,,,,,,0.13186448279680008,0.08273941548321778,0.049125067313582294,,,-240708528.75,0.03285133054761391,1,1,-0.032219045524521595,0,-1,0.08827248735429971,1,1,-0.1894380910490433,0,-1,-0.05154497470859909,0,-1,0.10759841653837698,1,1,0.0
2020-01-13,3.6600091,3.7031817,3.6141176,3.6469,136605429.0,TRALT,17.36619047619048,17.42861476190476,17.634198571428573,17.210083809523812,0,0.002556630745546684,-0.025674592572802357,,,,,,,,,0.11989424558591466,0.09017038150375717,0.029723864082157492,,,-104103099.75,0.03471441498258776,1,1,-0.02311552277276585,0,-1,0.05914612410540454,1,1,-0.18892758233019835,0,-1,-0.05396364035208001,0,-1,0.06427376676081042,1,1,0.0
2020-01-14,3.618384,3.6774,3.5836484,3.5977,110895579.0,TRALT,17.131904761904764,17.2304,17.51142857142857,17.064992380952383,0,-0.013490910088019947,-0.0412269480865578,,,,,,,,,0.09046007973025283,0.0902283211490563,0.00023175858119653392,,,-214998678.75,0.02607221280262384,1,1,-0.015621091252744912,0,0,0.06579203379937182,1,1,-0.17197098146037748,0,-1,-0.025405119937738196,0,-1,0.05667509797926451,1,1,0.0
2020-01-15,3.6465092,3.6891189,3.6164618,3.6352,124774002.0,TRALT,17.31047619047619,17.364329523809523,17.56723285714286,17.22124666666667,0,0.010423326013841994,-0.022690611893751877,,,,,,,,,0.08061325372105443,0.08830530766345593,-0.007692053942401494,,,-90224676.75,0.007729973591549255,1,0,0.005804357394366244,1,0,0.028361575704225483,1,1,-0.1482999559859156,0,-1,-0.04448173415492951,0,-1,0.06640625,1,1,1.0
2020-01-16,3.6179616,3.691463,3.5484915,3.5579,203850112.0,TRALT,16.942380952380955,17.22838857142857,17.57839523809524,16.89757857142857,0,-0.021264304577464643,-0.042262241244717114,,,,,,,,,0.0426161117436159,0.07916746847948793,-0.03655135673587202,-0.7836029001673017,,-294074788.75,0.055988082857865384,1,1,0.025689311110486557,1,1,-0.03822479552545044,0,-1,-0.13044211473059963,0,-1,-0.023075409651760914,0,-1,0.08628685460524466,1,1,1.0
2020-01-17,3.5630703,3.5953672,3.5227103,3.579,74434953.0,TRALT,17.042857142857144,16.96700142857143,17.12079619047619,16.774810952380953,0,0.005930464599904317,-0.016109522762260742,,,,,,,,,0.020375812149783457,0.06740913721354704,-0.04703332506376358,0.06710283509476778,,-219639835.75,0.02880692930986295,1,1,0.0478066499022074,1,1,-0.04191114836546528,0,-1,-0.12050852193350103,0,-1,-0.004582285554624144,0,0,0.08052528639284695,1,1,1.0
2020-01-20,3.6489465,3.6867754,3.5813048,3.6797,96995237.0,TRALT,17.522380952380953,17.375935714285717,17.556073333333334,17.053832380952382,0,0.02813635093601552,0.008993940058679817,,,,,,,,,0.040971484599250374,0.062121606690687704,-0.02115012209143733,-1.6911568260753351,,-122644598.75,-0.0019023289942116106,0,0,0.019131994456069945,1,0,-0.05475989890480193,0,-1,-0.06367366904910732,0,-1,-0.05030301383264946,0,-1,0.09109438269424142,1,1,1.0
2020-01-21,3.6835406,3.710213,3.6516182,3.6797,60878569.0,TRALT,17.522380952380953,17.540669523809527,17.66768095238095,17.388658095238096,0,0.0,0.022792339550268048,,,,,,,,57.87262644933628,0.05664078370240233,0.06102544209303063,-0.0043846583906283,-1.9374267135699785,0.10998980714285714,-122644598.75,-0.008913770144305166,0,0,0.04459602685001496,1,1,-0.06495094708807769,0,-1,-0.10699241786015157,0,-1,-0.049677962877408444,0,-1,0.09938310188330579,1,1,1.0
2020-01-22,3.738151,3.771151,3.6727126,3.7594,205346450.0,TRALT,17.901904761904763,17.800719047619047,17.957861904761906,17.48910761904762,0,0.021659374405522236,0.034165933098591506,,,,,,,,62.84825133372856,0.09854722468594801,0.06852979861161411,0.0300174260743339,1.0700075276911747,0.10496740714285714,82701851.25,-0.0355375857849658,0,-1,-0.024312390275043838,0,-1,-0.08166196733521303,0,-1,-0.1022237591104963,0,-1,-0.07107517156993137,0,-1,0.06610097355961053,1,1,0.0
2020-01-23,3.7188382,3.771151,3.6797435,3.7547,126553873.0,TRALT,17.87952380952381,17.708753333333334,17.957861904761906,17.522588095238095,0,-0.0012501994999202237,0.05531352764271058,,,,,,,,63.289061334129215,0.12847148595393776,0.08051813608007885,0.04795334987385891,1.0713612748660672,0.10563702857142857,-43852021.75,-0.029962447066343656,0,-1,0.027485551442192335,1,1,-0.06365355421205432,0,-1,-0.11859802381015783,0,-1,-0.08176418888326631,0,-1,0.07867472767464756,1,1,0.0
2020-01-24,3.7699332,3.808652,3.7266195,3.7571,93223919.0,TRALT,17.89095238095238,17.95206285714286,18.136438095238095,17.745807142857142,0,0.0006391988707485918,0.0497625034925957,,,,,,,,51.39300533491408,0.1513640383894952,0.09468731654196212,0.05667672184753307,3.285133054761391,0.0967628857142857,49371897.25,-0.06300071863937606,0,-1,0.05365840674988687,1,1,-0.1310052966383647,0,-1,-0.12041201990897232,0,-1,-0.06925554283889168,0,-1,0.07548375076521796,1,1,0.0
2020-01-28,3.783105,3.8227148,3.7031817,3.7735,147406544.0,TRALT,17.96904761904762,18.014785714285715,18.20340380952381,17.634198571428573,0,0.004365068803066086,0.025491208522433917,,,,,,,,52.05612940947182,0.1738046721014257,0.11051078765385483,0.06329388444757086,3.471441498258776,0.09793477857142856,196778441.25,-0.05588975751954406,0,-1,0.02361203127070377,1,1,-0.18632569232807739,0,-1,-0.1347820325957334,0,-1,-0.05588975751954406,0,-1,0.08260235855306775,1,1,0.0
2020-01-29,3.71026,3.7805266,3.646931,3.6915,88685460.0,TRALT,17.57857142857143,17.66790476190476,18.00250761904762,17.366338095238095,0,-0.021730488936000936,0.0032067831616708897,,,,,,,,47.50133380757607,0.1582565873408619,0.12005994759125624,0.03819663974960566,2.607221280262384,0.10061338571428571,108092981.25,-0.0406338886631451,0,-1,0.03871055126642298,1,1,-0.17968305566842746,0,-1,-0.1015847216578627,0,-1,-0.02224028172829473,0,-1,0.1339563862928348,1,1,1.0
2020-01-30,3.6716347,3.7359946,3.6305244,3.6633,111545015.0,TRALT,17.444285714285716,17.48397476190476,17.79045047619048,17.28821142857143,0,-0.00763917106867118,-0.025562589774964062,,,,17.50135714285714,,,,45.59576647319904,0.1335592948664477,0.12275981704629453,0.010799477820153155,0.7729973591549255,0.0994414785714286,-3452033.75,-0.0019108454126062213,0,0,0.020473343706494118,1,1,-0.23863729424289581,0,-1,-0.0838042202385827,0,-1,-0.026233177735921154,0,-1,0.11836322441514469,1,1,1.0
2020-01-31,3.6873379,3.7641203,3.6258366,3.7571,101975763.0,TRALT,17.89095238095238,17.558751904761905,17.92438238095238,17.265888571428572,0,0.025605328528921945,0.0006391988707485918,0.047713329615170164,0.017499647859270977,,17.542095238095236,,,,59.92030549560023,0.14831905001385337,0.12787166363980632,0.020447386374047055,5.598808285786538,0.10178530000000004,98523729.25,-0.028692342498203294,0,-1,-0.0892177477309627,0,-1,-0.23893428442149522,0,-1,-0.08171195869154402,0,-1,-0.04554044342711139,0,-1,0.10542705810332453,1,1,0.0
2020-02-03,3.7204788,3.7781827,3.6820877,3.6821,68221478.0,TRALT,17.533809523809524,17.716565714285714,17.99134619047619,17.533750952380952,0,-0.01996220489207101,-0.01996220489207101,0.029497287927081395,0.018181844915457383,,17.567214285714286,,,,52.63473053892211,0.1297026866676383,0.12823786824537273,0.0014648184222655625,2.880692930986295,0.10228750714285718,30302251.25,0.018467722223731053,1,0,-0.06873794845332826,0,-1,-0.3010781890768853,0,-1,-0.07574481953233203,0,-1,-0.024822791341897243,0,-1,0.10056761087422927,1,1,0.0
2020-02-04,3.6797905,3.6984942,3.665681,3.6727,76213668.0,TRALT,17.489047619047618,17.522811904761905,17.611877142857143,17.45562380952381,0,-0.0025528910132804894,-0.026712601033523242,-0.01878172588832483,0.0147979263667049,,17.550476190476193,,,,55.969436485195764,0.11006837327671803,0.1246039692516418,-0.014535595974923765,-0.19023289942116106,0.0979347642857143,-45911416.75,0.021074413918915402,1,1,-0.052958314046886334,0,-1,-0.32673509951806556,0,-1,-0.07531244043891405,0,-1,-0.015955564026465474,0,0,0.08105753260544035,1,1,0.0
2020-02-05,3.6802127,3.7406824,3.6328683,3.6469,139376838.0,TRALT,17.36619047619048,17.52482238095238,17.812773333333332,17.29937285714286,0,-0.007024804639638171,-0.012081809562508372,-0.028115339516042948,0.01483770957448639,,17.525357142857143,,,,50.9489051094891,0.08363045397298663,0.11640926619591077,-0.03277881222292414,-0.8913770144305166,0.09910585000000001,-185288254.75,0.053991060901039,1,1,-0.05654117195426245,0,-1,-0.3393292933724533,0,-1,-0.07647591104773932,0,-1,-0.005785735830431515,0,0,0.0989881817433984,1,1,0.0
2020-02-06,3.619274,3.6750565,3.5836484,3.6258,107384014.0,TRALT,17.265714285714285,17.234638095238097,17.50026904761905,17.064992380952383,0,-0.005785735830431515,-0.01023667185324717,-0.025217765351112975,0.014774501867746486,,17.50302380952381,,,,56.05925397108688,0.05394873614464046,0.10391716018565672,-0.04996842404101626,-3.5537585784965797,0.09542275,-292672268.75,0.011638810745215,1,0,-0.047823928512328195,0,-1,-0.32836891168845483,0,-1,-0.06787467593358687,0,-1,0.025870152793866064,1,1,0.11442991891444665,1,1,0.0
2020-02-07,3.6595871,3.7172446,3.6141176,3.6422,156502417.0,TRALT,17.343809523809522,17.426605238095238,17.701164761904764,17.210083809523812,0,0.0045231397208891355,-0.030582097894652938,-0.019569840372553937,0.014829191976959368,,17.485714285714288,,,,55.68754499640024,0.03630884816541169,0.09039549778160771,-0.054086649616196025,-2.9962447066343656,0.09759918571428569,-136169851.75,0.05922244797100662,1,1,-0.03473175553237051,0,-1,-0.33589588710120244,0,-1,-0.02443578057218143,0,-1,0.050216901872494724,1,1,0.10683103618692003,1,1,0.0
2020-02-10,3.578586,3.6609936,3.4852092,3.5204,118162687.0,TRALT,16.763809523809524,17.040885714285714,17.433302857142856,16.596234285714285,0,-0.03344132667069344,-0.0439151571114309,-0.032219045524521595,0.01594932177469618,,17.457809523809523,,,,36.18865961505112,-0.02419315920481324,0.06747776638432353,-0.09167092558913677,-6.300071863937607,0.1024569714285714,-254332538.75,0.12450289739802312,1,1,-0.07257697988864897,0,-1,-0.27897398022951936,0,-1,0.0,0,0,0.08254743779116014,1,1,0.1284797182138393,1,1,1.0
2020-02-11,3.545961,3.5766172,3.50396,3.5626,82400857.0,TRALT,16.964761904761907,16.885528571428573,17.031510476190476,16.68552380952381,0,0.011987274173389517,-0.029977945380782356,-0.02311552277276585,0.016213259340685654,,17.437738095238096,,,,40.539667151397666,-0.055288921949330216,0.04292442871759278,-0.098213350666923,-5.588975751954406,0.10346142857142852,-171931681.75,0.08420816257789254,1,1,-0.1381575254027959,0,-1,-0.21647111660023588,0,-1,-0.044097007803289734,0,-1,0.07236288104193545,1,1,0.08221523606354908,1,1,1.0
2020-02-12,3.5445545,3.5742736,3.5086474,3.5415,111499928.0,TRALT,16.864285714285714,16.87883095238095,17.020350476190476,16.707844761904763,0,-0.00592264076797866,-0.028901258603197366,-0.015621091252744912,0.015994294628733814,,17.424357142857144,,,,30.5550597893985,-0.087036820525622,0.016932178868949824,-0.10396899939457183,-4.06338886631451,0.10111769999999996,-283431609.75,0.08270506847381065,1,1,-0.14493858534519266,0,-1,-0.1740787801778907,0,-1,-0.058901595369193815,0,-1,0.06683608640406602,1,1,0.08338274742340834,1,1,1.0
2020-02-13,3.6010864,3.656306,3.546148,3.6563,121747375.0,TRALT,17.41095238095238,17.148030476190478,17.410980952380953,16.88641904761905,0,0.03241564308908651,0.008411936676044007,0.005804357394366244,0.0174834296804341,,17.429380952380953,,,,42.66109785202861,-0.06730992069574171,8.375895601151796e-05,-0.06739367965175323,-0.19108454126062213,0.10278902142857135,-161684234.75,0.022427043732735408,1,1,-0.23717966250034184,0,-1,-0.15447310122254732,0,-1,-0.05768126247846184,0,-1,0.027568853759264877,1,1,0.0281979049859149,1,1,0.0
2020-02-14,3.6283677,3.665681,3.578961,3.6493,117851844.0,TRALT,17.37761904761905,17.27794142857143,17.45562380952381,17.04267142857143,0,-0.001914503733282169,0.0019493712591291956,0.025689311110486557,0.016739016253595283,,17.45114285714286,,,,42.01481481481483,-0.05374637709839902,-0.010682268254870592,-0.04306410884352843,-2.8692342498203294,0.1031238428571428,-279536078.75,-0.062313320362809344,0,-1,-0.21645247033677695,0,-1,-0.2048886087742855,0,-1,-0.05009179842709577,0,-1,0.048803880196201854,1,1,0.05521606883511909,1,1,0.0
2020-02-17,3.7184632,3.771151,3.6422431,3.7501,241076334.0,TRALT,17.85761904761905,17.70696761904762,17.957861904761906,17.344014761904763,0,0.02762173567533499,0.06524826724235888,0.0478066499022074,0.017721745829844954,,17.491880952380953,,,,48.45930998156443,-0.0042165765352528695,-0.009389129910947046,0.005172553375694177,1.8467722223731053,0.10379347142857138,-38459744.75,-0.0856243833497774,0,-1,-0.31375163328977895,0,-1,-0.22751393296178768,0,-1,-0.07375803311911688,0,-1,0.04685208394442819,1,1,0.019999466680888256,1,0,0.0
2020-02-18,3.7558231,3.7899015,3.7078693,3.7501,126790868.0,TRALT,17.85761904761905,17.884871904761905,18.047150000000002,17.656520476190476,0,0.0,0.052630101611182756,0.019131994456069945,0.01666358770256354,,17.50864285714286,,,,54.325361677000316,0.0346368749206043,-0.0005839289446367768,0.035220803865241075,2.1074413918915402,0.10011037142857138,-38459744.75,-0.07250473320711448,0,-1,-0.3406309165088931,0,-1,-0.23314044958801106,0,-1,-0.06375829977867253,0,-1,0.05498520039465604,1,1,0.05373190048265375,1,1,0.0
2020-02-19,3.8107142,3.857872,3.7406824,3.8438,241508973.0,TRALT,18.303809523809523,18.146258095238096,18.370819047619047,17.812773333333332,0,0.024986000373323325,0.08535931102640126,0.04459602685001496,0.017494301914132454,,17.547714285714285,,,,62.148337595907904,0.10027643327960689,0.019588143500211957,0.08068828977939493,5.3991060901039,0.10094747142857138,203049228.25,-0.10487018055049668,0,-1,-0.37317238149747634,0,-1,-0.2798792861231073,0,-1,-0.08413549092044326,0,-1,0.009755970654040436,1,0,0.012201467297986435,1,0,0.0
2020-02-20,3.7571354,3.8719344,3.646931,3.668,205557730.0,TRALT,17.46666666666667,17.891120952380955,18.43778285714286,17.366338095238095,0,-0.04573599042614063,0.0031999562399147585,-0.024312390275043838,0.019900312678480133,,17.525952380952383,,,,44.599345375197004,0.08378005953490231,0.03242652670715003,0.05135353282775228,1.1638810745215,0.10714173571428567,-2508501.75,-0.05877862595419847,0,-1,-0.33609596510359874,0,-1,-0.23386041439476557,0,-1,-0.04280261723009804,0,-1,0.07540894220283523,1,1,0.037704471101417614,1,1,0.0
2020-02-21,3.8380897,3.9141226,3.6703687,3.8579,339469375.0,TRALT,18.37095238095238,18.27661761904762,18.638679047619046,17.477946190476192,0,0.05177208287895296,0.05716164743923491,0.027485551442192335,0.023139187642887485,,17.55052380952381,,,,59.35305384124283,0.14203754381429334,0.054348730128578694,0.08768881368571466,5.922244797100662,0.1178579928571428,336960873.25,-0.0887011068197725,0,-1,-0.3730267762254076,0,-1,-0.2764457347261464,0,-1,-0.09842142098032602,0,-1,0.021255086964410808,1,1,-0.018222348946317912,0,0,0.0
2020-02-24,4.0333743,4.1297503,3.8906846,3.9587,372465304.0,TRALT,18.850952380952382,19.206544285714287,19.66547761904762,18.527069523809526,0,0.026128204463568228,0.05562518332844446,0.05365840674988687,0.023776059333197007,,17.598523809523808,,,,63.86733902249811,0.22435280877605024,0.088349545858073,0.13600326291797724,12.450289739802312,0.13493207142857142,709426177.25,-0.17525955490438783,0,-1,-0.3588046580948291,0,-1,-0.25518478288326973,0,-1,-0.12847652006971988,0,-1,0.017758355015535354,1,0,-0.07105868088008704,0,-1,0.0
2020-02-25,3.9164665,3.975061,3.857872,3.8626,152624455.0,TRALT,18.393333333333334,18.649840476190477,18.928861904761906,18.370819047619047,0,-0.024275646045418986,0.029999200021332717,0.02361203127070377,0.024532684310842844,,17.619738095238095,,,,59.79119382660008,0.24978287514654696,0.1206362117157678,0.12914666343077916,8.420816257789255,0.1356017071428572,556801722.25,-0.20509501372132766,0,-1,-0.27732615336819766,0,-1,-0.23422047325635587,0,-1,-0.10679335162843684,0,-1,0.004841298607155764,1,0,-0.04673018174286758,0,-1,0.0
2020-02-26,3.8589497,3.9445918,3.7805266,3.8344,168477859.0,TRALT,18.25904761904762,18.375950952380954,18.783770476190476,18.00250761904762,0,-0.007300781856780403,-0.002445496643945999,0.03871055126642298,0.02402186696415491,,17.653761904761904,,,,59.40826267364246,0.25614793711606154,0.14773855679582656,0.10840938032023498,8.270506847381064,0.1407915,388323863.25,-0.21025453786772386,0,-1,-0.23716878781556439,0,-1,-0.22308575005215947,0,-1,-0.08556749426246624,0,-1,-0.00855414145629052,0,0,-0.01588253703317355,0,0,0.0
2020-02-27,3.782214,3.9117785,3.7149005,3.7383,150952577.0,TRALT,17.801428571428573,18.01054285714286,18.62751666666667,17.690002380952382,0,-0.0250625912789485,0.019165757906215886,0.020473343706494118,0.024702773148620766,,17.67161904761905,,,,54.043591685601314,0.22171052104717148,0.16253294964609555,0.059177571401075935,2.2427043732735408,0.14748800000000004,237371286.25,-0.25391220608297893,0,-1,-0.17301982184415388,0,-1,-0.17178931599925118,0,-1,-0.07083433646309822,0,-1,0.03699542572827208,1,1,-0.012519059465532556,0,0,0.0
2020-02-28,3.5348508,3.621149,3.2484872,3.4219,144936388.0,TRALT,16.294761904761906,16.83262285714286,17.243566666666666,15.468986666666668,0,-0.08463740202765968,-0.1130148526400373,-0.0892177477309627,0.030592218469176105,,17.591809523809523,,,,46.4386434304722,0.07201309036398129,0.1444289777896727,-0.07241588742569141,-6.231332036280934,0.16991860000000006,92434898.25,-0.164382360676817,0,-1,-0.15205003068470724,0,-1,-0.09588240451211327,0,-1,0.015751483094187613,1,0,0.12946024138636436,1,1,0.06575294427072698,1,1,0.0
2020-03-02,3.4918659,3.5508356,3.4219275,3.429,79156068.0,TRALT,16.32857142857143,16.62793285714286,16.908740952380953,16.294892857142855,0,0.0020748706858761956,-0.13380655265617503,-0.06873794845332826,0.030391169157376486,,17.531547619047622,,,,45.043775040807226,-0.0433948273929019,0.10686421675315778,-0.15025904414605967,-8.56243833497774,0.1739384857142858,171590966.25,-0.24948964712744237,0,-1,-0.1551764362787985,0,-1,-0.08203557888597257,0,-1,0.03896179644211162,1,1,0.12779235928842225,1,1,0.03689122193059191,1,1,0.0
2020-03-03,3.455209,3.4875534,3.4289587,3.4782,108919098.0,TRALT,16.562857142857144,16.45337619047619,16.607397142857142,16.32837476190476,0,0.014348206474190661,-0.0995184590690209,-0.052958314046886334,0.0306413411811504,,17.485238095238095,,,,47.699687477287604,-0.11463014953982764,0.0625653434945607,-0.17719549303438833,-7.250473320711448,0.1734362357142858,280510064.25,-0.28908630901040766,0,-1,-0.1731930308780405,0,-1,-0.009430165027888071,0,0,0.0047150825139439245,1,0,0.15430395031913058,1,1,0.03772066011155184,1,1,0.0
2020-03-04,3.4976785,3.557867,3.4406776,3.4407,133731073.0,TRALT,16.384285714285717,16.655611904761905,16.94222380952381,16.384179047619046,0,-0.010781438675176669,-0.10267577717504683,-0.05654117195426245,0.03068355749297659,,17.43614285714286,,,,41.69875250269522,-0.18337998712457448,0.013376277370733658,-0.19675626449530814,-10.487018055049669,0.17360647857142866,146778991.25,-0.2997355189351004,0,-1,-0.1955125410526929,0,-1,-0.04496178103292947,0,-1,0.01633388554654558,1,0,0.17574912081843785,1,1,0.04496178103292925,1,1,0.0
2020-03-05,3.4564748,3.4852092,3.4242713,3.4524,81012788.0,TRALT,16.44,16.45940380952381,16.596234285714285,16.30605380952381,0,0.003400470834423075,-0.0764786132734131,-0.047823928512328195,0.030699747719206277,,17.39485714285714,,,,42.44609836568709,-0.23070957512259938,-0.03544089312793295,-0.19526868199466643,-5.877862595419847,0.17176490000000008,227791779.25,-0.29463561580349895,0,-1,-0.18601552543158384,0,-1,-0.022390221295330637,0,-1,0.01152821225813927,1,0,0.1609025605375971,1,1,0.04819835476769785,1,1,0.0
2020-03-06,3.5009599,3.5391166,3.443021,3.5157,224047198.0,TRALT,16.74142857142857,16.67123761904762,16.85293619047619,16.395338095238095,0,0.01833507125477918,0.027411671878196264,-0.03473175553237051,0.031007796171044356,,17.364738095238096,,,,40.74103333860006,-0.24111640816808944,-0.07657599613596425,-0.1645404120321252,-8.87011068197725,0.16942116428571435,451838977.25,-0.3120004551014023,0,-1,-0.20601871604516875,0,-1,-0.058679637056631595,0,-1,-0.019341809596950754,0,0,0.15200386836191915,1,1,0.01732229712432809,1,0,0.0
2020-03-09,3.348473,3.4922411,3.1945803,3.2649,123105868.0,TRALT,15.547142857142857,15.945109523809524,16.629719523809527,15.212287142857145,0,-0.07133714480757747,-0.047856517935258136,-0.07257697988864897,0.03408079154946039,,17.303904761904764,,,,34.00369246999864,-0.34179279977730914,-0.12961935686423323,-0.2121734429130759,-17.525955490438783,0.18649884285714288,328733109.25,-0.22254892952310934,0,-1,-0.09690955312566996,0,-1,0.012190266164354258,1,0,0.0710588379429693,1,1,0.23761830377653248,1,1,0.10337223192134504,1,1,0.0
2020-03-10,3.2118304,3.3563013,2.9930143,3.0704,106518047.0,TRALT,14.62095238095238,15.294430476190477,15.982387142857144,14.252449047619049,0,-0.059573034396153135,-0.11724455177965631,-0.1381575254027959,0.03609960948096322,,17.186714285714288,,,,26.09125757388398,-0.49065938048033075,-0.20182736158745274,-0.288832018892878,-20.509501372132767,0.2040772285714286,222215062.25,-0.09086763939551845,0,-1,-0.03664017717561219,0,-1,0.06334679520583641,1,1,0.16030484627410146,1,1,0.3305106826472124,1,1,0.1793577384054197,1,1,0.0
2020-03-11,2.9942334,3.0937974,2.8594189,3.0282,113678490.0,TRALT,14.42,14.258254285714287,14.732368571428573,13.616280476190477,0,-0.013744137571651827,-0.1198883948033832,-0.14493858534519266,0.0361322643513908,,17.064500000000002,,,,28.440490632160632,-0.6177315709022011,-0.2850082034504024,-0.3327233674517987,-21.025453786772385,0.2047468785714286,108536572.25,-0.034079651277986955,0,-1,-0.01624727560927275,0,0,0.09520507232019026,1,1,0.19192919886401172,1,1,0.382339343504392,1,1,0.193481276005548,1,1,0.0
2020-03-12,2.8047616,2.9227006,2.6766036,2.7891,120514816.0,TRALT,13.281428571428572,13.35600761904762,13.917621904761907,12.745731428571428,0,-0.0789577967109173,-0.1921272158498436,-0.23717966250034184,0.03823257406398939,,16.858023809523807,17.201619047619047,,,15.140247879973884,-0.801076089655492,-0.3882217806914203,-0.4128543089640717,-25.391220608297893,0.2122807214285715,-11978243.75,0.10842207163601159,1,1,0.11007134918073924,1,1,0.20336309203685787,1,1,0.27897888207665567,1,1,0.46889677673801566,1,1,0.3084149008640782,1,1,0.0
2020-03-13,2.8666377,2.988327,2.6953537,2.8594,149279355.0,TRALT,13.616190476190477,13.650655714285715,14.230128571428573,12.835017619047619,0,0.025205263346599338,-0.186676906448218,-0.21645247033677695,0.03910737297614656,,16.66995238095238,17.13241904761905,,,13.417637271214616,-0.9088883545136124,-0.49235509545585876,-0.4165332590577536,-16.4382360676817,0.21378950714285713,137301111.25,0.014758340910680623,1,0,0.08197523956074693,1,1,0.20658180037770157,1,1,0.25410925368958526,1,1,0.45247254668811654,1,1,0.2975449394977967,1,1,0.0
2020-03-16,2.6227431,2.7422295,2.573477,2.5735,61728537.0,TRALT,12.254761904761907,12.489252857142858,13.058235714285715,12.25465238095238,0,-0.09998601105126936,-0.21176758859383127,-0.31375163328977895,0.042658305930132145,,16.389809523809525,17.036885714285713,,,11.912781421733712,-1.0916029397498743,-0.6122046643146619,-0.4793982754352124,-24.948964712744235,0.2258419357142857,75572574.25,0.12566543617641335,1,1,0.22312026423159104,1,1,0.3224013988731298,1,1,0.3952593743928501,1,1,0.5746648533126089,1,1,0.4617447056537787,1,1,0.0
2020-03-17,2.3849897,2.5922272,2.316598,2.4727,126179062.0,TRALT,11.774761904761906,11.35709380952381,12.343939047619047,11.031419047619048,0,-0.03916844763940164,-0.1946651902032307,-0.3406309165088931,0.04269926280649826,,16.085666666666665,16.915904761904763,,,11.422743498215183,-1.2606060713195966,-0.7418849457156489,-0.5187211256039477,-28.908630901040766,0.23381079285714285,-50606487.75,0.16302018036963628,1,1,0.3933756622315685,1,1,0.3734379423302463,1,1,0.4616006794192582,1,1,0.6056941804505198,1,1,0.5080681036923202,1,1,1.0
2020-03-18,2.4197714,2.482069,2.3508174,2.4094,65370530.0,TRALT,11.473333333333334,11.522720952380954,11.819376190476191,11.194368571428571,0,-0.02559954705382783,-0.2043458159963013,-0.37317238149747634,0.041390162547325776,,15.744142857142858,16.788,,,11.639050863114107,-1.4026956351269924,-0.8740470835979175,-0.5286485515290749,-29.97355189351004,0.22912319285714286,-115977017.75,0.14883373453971926,1,1,0.363825018676849,1,1,0.39785838798040984,1,1,0.5048559807420934,1,1,0.6634431808749066,1,1,0.5700589358346475,1,1,1.0
2020-03-19,2.412037,2.4750378,2.36488,2.4352,60792752.0,TRALT,11.596190476190477,11.485890476190477,11.785894285714287,11.261333333333333,0,0.010708060097949668,-0.12688680936502805,-0.33609596510359874,0.041627750641585234,,15.450619047619048,16.66567619047619,,,15.775234131113393,-1.4882336622111119,-0.9968843993205564,-0.49134926289055547,-29.463561580349896,0.20200497857142857,-55184265.75,0.15399145860709584,1,1,0.3859641918528254,1,1,0.38785315374507223,1,1,0.5274310118265437,1,1,0.6592887647831802,1,1,0.47835906701708275,1,1,1.0
2020-03-20,2.5137572,2.6203527,2.418787,2.4188,137362420.0,TRALT,11.518095238095238,11.970272380952382,12.477870000000001,11.518033333333333,0,-0.0067345597897503495,-0.15408827026648952,-0.3730267762254076,0.03828265819186201,,15.10797619047619,16.542238095238098,,,15.184725668596613,-1.5445205267864814,-1.1064116248137414,-0.43810890197274,-31.200045510140228,0.20719284285714284,-192546685.75,0.1540433272697206,1,1,0.3681991069952044,1,1,0.46899288903588565,1,1,0.5814040019844551,1,1,0.6666528857284602,1,1,0.4835042169670911,1,1,1.0
2020-03-23,2.4389434,2.5641017,2.3081603,2.5383,112131947.0,TRALT,12.087142857142858,11.61401619047619,12.210008095238097,10.991239523809524,0,0.04940466346948913,-0.013677870604235531,-0.3588046580948291,0.040142565243077584,,14.769785714285714,16.43754285714286,,,19.10459535862202,-1.5256244365236515,-1.1902541871557235,-0.33537024936792803,-22.254892952310932,0.22128903571428574,-80414738.75,0.16160422329905844,1,1,0.30193436552023,1,1,0.3869125004924554,1,1,0.5013985738486388,1,1,0.5651026277429776,1,1,0.4146082023401487,1,1,1.0
2020-03-24,2.7377293,2.791449,2.6250403,2.7914,137336629.0,TRALT,13.292380952380952,13.03680619047619,13.292614285714286,12.500191904761905,0,0.09971240594098396,0.12888745096453258,-0.27732615336819766,0.048370739386800615,,14.514738095238098,16.356066666666667,,,31.306500834916775,-1.3972894244580125,-1.2316612346161815,-0.16562818984183103,-9.086763939551846,0.23100043571428572,56921890.25,0.05964748871533998,1,1,0.1696281435838647,1,1,0.2199971340545963,1,1,0.36863222755606495,1,1,0.3812065630149746,1,1,0.2737336103747223,1,1,1.0
2020-03-25,2.93817,3.0586405,2.8430123,2.925,278412956.0,TRALT,13.928571428571429,13.991285714285715,14.564954761904763,13.53815380952381,0,0.047861288242458944,0.2139951855233666,-0.23716878781556439,0.05036355847925151,,14.298214285714286,16.292,,,35.81190143118475,-1.23006828671096,-1.2313426450351372,0.001274358324177216,-3.4079651277986955,0.24573633571428574,335334846.25,0.01846153846153853,1,0,0.13384615384615373,1,1,0.1394529914529914,1,1,0.2916923076923077,1,1,0.3117264957264958,1,1,0.22276923076923083,1,1,0.0
2020-03-26,3.0167806,3.1453605,2.901607,3.0915,218338842.0,TRALT,14.721428571428572,14.365621904761905,14.977907142857143,13.81717619047619,0,0.056923076923076854,0.2695055847568988,-0.17301982184415388,0.052552782256828995,,14.144214285714288,16.24021904761905,,,39.188500356815176,-1.0217888393397825,-1.1894318838960662,0.16764304455628376,10.84220716360116,0.2562833285714286,553673688.25,0.0014879508329288527,1,0,0.08565421316513033,1,1,0.11447517386382011,1,1,0.21530001617337868,1,1,0.2160439915898431,1,1,0.15464984635290313,1,1,0.0
2020-03-27,3.0134528,3.154736,2.8922317,2.9016,263357482.0,TRALT,13.817142857142859,14.349775238095239,15.022552380952382,13.772531904761905,0,-0.06142649199417749,0.1996031089796595,-0.15205003068470724,0.05100782948369056,0.03540990020102679,14.020333333333335,16.177714285714284,,,40.44400021042665,-0.9190993710080644,-1.1353653813184659,0.2162660103104015,1.4758340910680623,0.2520965142857144,290316206.25,0.066239316239316,1,1,0.18903363661428174,1,1,0.19468569065343244,1,1,0.31906534325889147,1,1,0.32712985938792394,1,1,0.24717397298042454,1,1,1.0
2020-03-30,2.857825,2.9344199,2.791449,2.8969,147579589.0,TRALT,13.794761904761906,13.608690476190477,13.973428095238095,13.292614285714286,0,-0.0016197959746346857,0.1412756569357443,-0.1551764362787985,0.050980043104022474,0.03541026965005224,13.89364285714286,16.112752380952383,,,44.93016188416809,-0.8299559675647927,-1.0742834985677314,0.2443275310029387,12.566543617641335,0.23635965000000006,142736617.25,0.08657530463599006,1,1,0.17477303324243154,1,1,0.19904035348130766,1,1,0.3551727708930237,1,1,0.32041147433463335,1,1,0.26051986606372335,1,1,1.0
2020-03-31,2.9012787,2.9625454,2.8430123,2.8758,151783265.0,TRALT,13.694285714285714,13.815612857142858,14.107359047619049,13.53815380952381,0,-0.007283648037557433,0.03023572400945751,-0.1731930308780405,0.05072874953033915,0.03481411953298963,13.750214285714287,16.036190476190477,,,45.49112426035503,-0.7586712767276858,-1.0111610541997222,0.2524897774720365,16.302018036963627,0.22815640714285723,-9046647.75,0.1980666249391474,1,1,0.18092356909381757,1,1,0.22087766882258864,1,1,0.3757215383545449,1,1,0.374087210515335,1,1,0.3031852006398219,1,1,1.0
2020-04-01,2.8017616,2.8523874,2.7516046,2.768,120015256.0,TRALT,13.18095238095238,13.341721904761904,13.582797142857144,13.102879047619048,0,-0.03748522150358169,-0.05367521367521377,-0.1955125410526929,0.05114903569030668,0.035073572826820665,13.590047619047619,15.949361904761906,,,49.32315391030987,-0.7351252888251736,-0.9559539011248126,0.22082861229963902,14.883373453971927,0.21191347857142867,-129061903.75,0.1871387283236996,1,1,0.2167630057803469,1,1,0.271820809248555,1,1,0.4022037572254338,1,1,0.405599710982659,1,1,0.3548049132947979,1,1,1.0
2020-04-02,2.7858706,2.8406682,2.7328541,2.8102,187559786.0,TRALT,13.381904761904762,13.266050476190477,13.52699142857143,13.013590952380953,0,0.015245664739884424,-0.09099142810933203,-0.18601552543158384,0.051375183973558156,0.035160386628376804,13.437142857142856,15.858961904761905,,,48.39278714229713,-0.6922696919728679,-0.9032170592944238,0.21094736732155583,15.399145860709584,0.19868782142857153,58497882.25,0.2010177211586366,1,1,0.20265461532986984,1,1,0.24937726852181363,1,1,0.4036723364885062,1,1,0.35445875738381605,1,1,0.3619671197779517,1,1,1.0
2020-04-03,2.8032615,2.8406682,2.7703547,2.7914,147419068.0,TRALT,13.292380952380952,13.348864285714287,13.52699142857143,13.192165238095239,0,-0.006689915308518923,-0.03797904604356228,-0.20601871604516875,0.05097821993825366,0.03516008580865765,13.264690476190477,15.767219047619049,,,58.622872971903426,-0.6579457568286831,-0.8541627988012757,0.1962170419725926,15.404332726972058,0.18328714285714298,-88921185.75,0.18556996489216893,1,1,0.2729096510711473,1,1,0.24604141291108417,1,1,0.4114422870244323,1,1,0.3568818514007308,1,1,0.3467793938525472,1,1,1.0
2020-04-06,2.9108882,3.0187964,2.8219182,2.9485,249760645.0,TRALT,14.040476190476191,13.861372380952382,14.375220952380952,13.437705714285714,0,0.05628000286594537,0.01781214401601705,-0.09690955312566996,0.05091338986034522,0.035940371320367086,13.189357142857144,15.690209523809523,,,68.02545840278829,-0.5638787144963988,-0.7961059819403002,0.23222726744390143,16.160422329905842,0.17984194285714297,160839459.25,0.12080719009665919,1,1,0.19396303205019505,1,1,0.17012040020349328,1,1,0.36645752077327454,1,1,0.24721044598948616,1,1,0.2615228082075629,1,1,1.0
2020-04-07,3.0099835,3.053953,2.9344199,2.9579,234794105.0,TRALT,14.085238095238095,14.333254761904763,14.542633333333333,13.973428095238095,0,0.003188061726301372,0.028548577787050666,-0.03664017717561219,0.04920332216223244,0.03594207434164507,13.162571428571429,15.612533333333333,,,71.66442846986332,-0.48018274631207625,-0.7329213348146555,0.25273858850257924,5.964748871533998,0.17900490714285724,395633564.25,0.10378985090773862,1,1,0.15132357415734154,1,1,0.16640183914263496,1,1,0.3121809391798236,1,1,0.24483586328138207,1,1,0.2733696203387539,1,1,1.0
2020-04-08,2.9929206,3.0422342,2.9437952,2.979,266279929.0,TRALT,14.185714285714287,14.252002857142859,14.486829523809526,14.01807238095238,0,0.007133439264342956,0.07622832369942212,-0.01624727560927275,0.04913362003802737,0.03593712392536068,13.150857142857143,15.54467619047619,,,71.55883285759593,-0.40112161933409674,-0.6665613917185438,0.26543977238444705,1.846153846153853,0.17816785000000013,661913493.25,0.1132930513595165,1,1,0.11879825444780123,1,1,0.17700570661295711,1,1,0.2761329305135951,1,1,0.2667002349781804,1,1,0.2714333669016449,1,1,1.0
2020-04-09,3.067172,3.1242669,3.0070775,3.0961,371280163.0,TRALT,14.743333333333332,14.605580952380953,14.87746142857143,14.319416666666667,0,0.0393084927828129,0.10173653120774317,0.11007134918073924,0.04611213759098968,0.036304747397165604,13.22395238095238,15.490657142857144,,,74.86599603495117,-0.29012552323833063,-0.5912742180225011,0.3011486947841705,0.14879508329288527,0.17414650714285723,1033193656.25,0.08404121313911062,1,1,0.11281935338005877,1,1,0.12189528761990909,1,1,0.2520913407189691,1,1,0.19230645005006308,1,1,0.20516133199832054,1,1,1.0
2020-04-10,3.1235638,3.154736,3.0937974,3.0938,127971830.0,TRALT,14.732380952380952,14.874113333333334,15.022552380952382,14.732368571428573,0,-0.0007428700623364204,0.10833273626137419,0.08197523956074693,0.04591532717602537,0.03621690095122783,13.279761904761903,15.427485714285716,,,72.31461396320398,-0.2007301903248777,-0.5131654124829764,0.3124352221580987,6.6239316239316,0.1602177357142858,905221826.25,0.11516581550197169,1,1,0.12046673993147583,1,1,0.1234727519555241,1,1,0.24924041631650407,1,1,0.17877690865602203,1,1,0.2181782920680071,1,1,1.0
2020-04-13,3.1381886,3.1734858,3.0562966,3.1477,147975935.0,TRALT,14.98904761904762,14.943755238095239,15.111837142857143,14.553793333333333,0,0.01742194065550473,0.06755977615736808,0.22312026423159104,0.03873699667056968,0.03628811442676908,13.416476190476192,15.376590476190477,,,67.03969392635102,-0.1079287544867995,-0.4321180808837411,0.3241893263969416,8.657530463599006,0.1505063214285715,1053197761.25,0.08117037837150942,1,1,0.10350414588429646,1,1,0.13181052832226725,1,1,0.22857959780156945,1,1,0.1295549131111604,1,1,0.18019506306191824,1,1,1.0
2020-04-14,3.3375044,3.4617717,3.2016115,3.4454,356452416.0,TRALT,16.406666666666666,15.892878095238094,16.484627142857143,15.245769047619047,0,0.09457699272484654,0.1648128739984449,0.3933756622315685,0.04112372257015174,0.038172099702145135,13.648071428571427,15.354942857142857,,,71.51124338624338,0.07909530023329303,-0.32987540466033427,0.4089707048936273,19.80666249391474,0.1538514071428572,1409650177.25,-0.014308933650664546,0,0,0.019039879259302506,1,0,0.014279909444476768,1,0,0.1652928542404366,1,1,0.0475996981482556,1,1,0.07958437336738822,1,1,0.0
2020-04-15,3.3291602,3.4523966,3.2320805,3.286,327207236.0,TRALT,15.647619047619049,15.85314380952381,16.43998380952381,15.390859523809524,0,-0.04626458466360939,0.10305471634776775,0.363825018676849,0.04250041851209411,0.03862892298173176,13.856785714285715,15.32057142857143,,,58.0873180873181,0.164171939873631,-0.23106593575354123,0.3952378756271722,18.713872832369958,0.1521773071428572,1082442941.25,0.024954351795495988,1,1,0.07133292757151555,1,1,0.06418137553256242,1,1,0.2311016433353621,1,1,0.0941570298234935,1,1,0.14050517346317704,1,1,1.0
2020-04-16,3.3758485,3.41724,3.3328636,3.3751,264450586.0,TRALT,16.071904761904765,16.07546904761905,16.27257142857143,15.870779047619049,0,0.027115033475350048,0.0901133684312525,0.3859641918528254,0.042541553235948014,0.03868988828359306,14.080571428571428,15.296695238095237,,,71.48951620223292,0.2628026753197794,-0.1322922135388771,0.3950948888586565,20.10177211586366,0.14280128571428577,1346893527.25,0.001362922580071535,1,0,0.040265473615596514,1,1,0.03469526828834679,1,1,0.187490741015081,1,1,0.07220526799205929,1,1,0.10693016503214703,1,1,1.0
2020-04-17,3.3330038,3.4125524,3.293019,3.3094,172615481.0,TRALT,15.759047619047621,15.871446666666667,16.250249523809526,15.681042857142858,0,-0.019466089893632854,0.06968776262201848,0.3681991069952044,0.043012712442035056,0.038762841013184335,14.292619047619047,15.265000000000002,,,67.73888363292338,0.31212530080813394,-0.04340871066947489,0.3555340114776088,18.556996489216893,0.14112717857142862,1174278046.25,0.07366894301081772,1,1,0.05100622469329785,1,1,0.04179005257750634,1,1,0.22381700610382516,1,1,0.08073971112588385,1,1,0.14588747204931396,1,1,1.0
2020-04-20,3.294191,3.3375509,3.2367685,3.3047,184520145.0,TRALT,15.736666666666666,15.68662380952381,15.893099523809525,15.413183333333334,0,-0.0014201970145647502,0.04987768847094709,0.30193436552023,0.04247430122141992,0.038761953133714236,14.47509523809524,15.244457142857145,,,68.70801709849079,0.3454260248520047,0.03435823643482103,0.31106778841718363,12.08071900966592,0.13978784285714288,989757901.25,0.06527067509910123,1,1,0.043997942324567996,1,1,0.058159590885708434,1,1,0.22271310557690582,1,1,0.09008382001391957,1,1,0.12128181075438027,1,1,1.0
2020-04-21,3.291941,3.342239,3.2461436,3.2649,171878775.0,TRALT,15.547142857142857,15.675909523809525,15.91542380952381,15.457826666666667,0,-0.012043453263533732,-0.05238869216926911,0.1696281435838647,0.03770445631307777,0.03877851480770989,14.587833333333332,15.216104761904763,,,73.04089770935732,0.35246114834485276,0.09797881881682738,0.2544823295280254,10.378985090773863,0.13778070000000003,817879126.25,0.043064106098196,1,1,0.05672455511654273,1,1,0.09118196575699122,1,1,0.25124812398542096,1,1,0.10909981929002432,1,1,0.12634383901497737,1,1,1.0
2020-04-22,3.3154724,3.3469265,3.2648938,3.3165,189988121.0,TRALT,15.792857142857143,15.78796380952381,15.93774523809524,15.547113333333334,0,0.015804465680419044,0.009281801582470939,0.13384615384615373,0.036609976856139884,0.03875211463648385,14.681047619047618,15.19467619047619,,,73.2738806656247,0.37355748557321,0.15309455216810391,0.2204629334051061,11.32930513595165,0.13593917142857145,1007867247.25,0.0049449721091512355,1,0,0.057229006482737654,1,1,0.08831599577868232,1,1,0.26217397859188907,1,1,0.08973315241971958,1,1,0.11023669531132207,1,1,1.0
2020-04-24,3.3762708,3.4219275,3.33052,3.3563,242464064.0,TRALT,15.982380952380954,16.07748,16.294892857142855,15.859619047619049,0,0.012000603045379199,-0.005570205327249722,0.08565421316513033,0.034709938633167244,0.038778378900893,14.744095238095241,15.166104761904764,,,75.47578244791197,0.40094759800105173,0.20266516133469348,0.19828243666635825,8.404121313911062,0.1384473142857143,1250331311.25,0.02654709054613691,1,1,0.03491940529750015,1,1,0.0628370527068498,1,1,0.22065965497720685,1,1,0.08729851324375049,1,1,0.10964454905699705,1,1,1.0
2020-04-27,3.4689436,3.5391166,3.3750517,3.4501,305955184.0,TRALT,16.42904761904762,16.51877904761905,16.85293619047619,16.071674761904763,0,0.027947442123767097,0.042515259563667085,0.18903363661428174,0.031340614056851436,0.03880649045267887,14.874690476190477,15.147133333333334,,,73.99081691218672,0.45346941336378244,0.2528260117405113,0.20064340162327116,11.51658155019717,0.13526304285714286,1556286495.25,0.004753485406220115,1,0,0.007449059447552253,1,0,0.03939016260398254,1,1,0.20379119445813187,1,1,0.07538911915596658,1,1,0.04889713341642277,1,1,1.0
2020-04-28,3.456006,3.494585,3.3703642,3.4032,178749822.0,TRALT,16.205714285714286,16.457171428571428,16.640880952380954,16.049353333333332,0,-0.013593808875105085,0.029806033830604983,0.17477303324243154,0.031669825259030795,0.03876152735780498,14.995238095238097,15.114095238095238,,,70.56053190506972,0.4716354767198023,0.29658790473636953,0.1750475719834328,8.117037837150942,0.13559787857142855,1377536673.25,0.02065702867889052,1,1,0.0468382698636578,1,1,0.05509520451339922,1,1,0.1907616361071931,1,1,0.10537141513869308,1,1,0.013781147155618179,1,0,1.0
2020-04-29,3.4170992,3.457084,3.3891146,3.3961,132601125.0,TRALT,16.171904761904763,16.271900952380953,16.46230476190476,16.138640952380953,0,-0.0020862717442406975,0.04018499800912734,0.18092356909381757,0.031554161643521546,0.03876116938858709,15.119119047619046,15.080380952380954,,,69.51071194686125,0.4777963281424782,0.3328295894175913,0.1449667387248869,-1.4308933650664546,0.13342147857142853,1244935548.25,0.03383292600335697,1,1,0.0290038573658018,1,1,0.06419127823091197,1,1,0.16910573893583836,1,1,0.09802420423426872,1,1,0.022084155354671564,1,1,1.0
2020-04-30,3.3698018,3.4453652,3.2578623,3.368,149213732.0,TRALT,16.038095238095238,16.046675238095236,16.406500952380952,15.513630000000001,0,-0.008274196872883666,0.01552841851349318,0.2167630057803469,0.029932826936072715,0.038765035974155704,15.26197619047619,15.035066666666667,,,63.873864680069396,0.466503969629656,0.35956446546000426,0.10693950416965176,2.495435179549599,0.13643833571428568,1095721816.25,0.045249406175772,1,1,0.03827197149643724,1,1,0.07654394299287404,1,1,0.18999406175771982,1,1,0.12318883610451303,1,1,0.08141330166270766,1,1,1.0
2020-05-04,3.3956301,3.4641156,3.295363,3.3797,225362551.0,TRALT,16.093809523809526,16.169667142857143,16.495788571428573,15.692204761904764,0,0.003473871733966849,0.006971963173733053,0.20265461532986984,0.02994561542044694,0.03876240027039294,15.397571428571428,15.007609523809524,,,64.44961083594461,0.45678484008679376,0.3790085403853622,0.07777629970143157,0.1362922580071535,0.14413933571428567,1321084367.25,0.03884960203568366,1,1,0.03328697813415382,1,1,0.10057105660265675,1,1,0.19557948930378433,1,1,0.06521288871793351,1,1,0.07491789212060218,1,1,1.0
2020-05-06,3.5798519,3.6774,3.4734905,3.5532,400460367.0,TRALT,16.92,17.04691380952381,17.51142857142857,16.54043095238095,0,0.05133591738911725,0.029883191791542307,0.2729096510711473,0.031065761405056222,0.03933070144781072,15.578952380952382,14.978590476190478,,,68.28388493101271,0.509871544783941,0.405181141265078,0.10469040351886305,7.366894301081772,0.15703296428571423,1721544734.25,-0.02110773387369136,0,-1,-0.029691545648992457,0,-1,0.0765225712034221,1,1,0.13455476753349083,1,1,0.009878419452887588,1,0,0.049476528199932535,1,1,0.0
2020-05-07,3.578211,3.6492748,3.5063035,3.5204,199392081.0,TRALT,16.763809523809524,17.0391,17.37749904761905,16.696683333333333,0,-0.009231115614094398,0.0344381758345087,0.19396303205019505,0.029636942869559705,0.039101648764683326,15.715119047619046,14.936847619047619,,,54.443127962085306,0.5331935512775203,0.4307836232675665,0.10240992800995385,6.527067509910123,0.1448115071428571,1522152653.25,-0.019969321667992257,0,0,-0.006675377797977444,0,0,0.08254743779116014,1,1,0.1284797182138393,1,1,0.019969321667992368,1,0,0.08121236223156458,1,1,0.0
2020-05-08,3.4578807,3.578961,3.3727076,3.4055,205199341.0,TRALT,16.21666666666667,16.46609857142857,17.04267142857143,16.06051238095238,0,-0.03263833655266435,0.0027678808044522274,0.15132357415734154,0.03107424813490429,0.03930826498649571,15.821690476190478,14.893314285714286,,,57.47342088805503,0.5017427751539429,0.4449754536448418,0.05676732150910113,4.3064106098196,0.14380702857142852,1316953312.25,0.013096461606225018,1,0,0.04613125825869924,1,1,0.12183233005432359,1,1,0.13213918660989576,1,1,0.0440463955366317,1,1,0.07640581412421077,1,1,1.0
2020-05-11,3.3721924,3.4148958,3.328176,3.3329,129501260.0,TRALT,15.870952380952382,16.058059047619047,16.26140857142857,15.848457142857143,0,-0.021318455439729878,-0.010421615201900214,0.11879825444780123,0.03173697747897524,0.0393978115472128,15.905952380952382,14.84555238095238,,,47.30523627075349,0.44380563972773324,0.4447414908614201,-0.0009358511336868824,0.49449721091512355,0.14062701428571422,1187452052.25,0.05202676347925217,1,1,0.08296078490203729,1,1,0.13360736895796443,1,1,0.15118965465510525,1,1,0.07311950553571966,1,1,0.08086051186654242,1,1,1.0
2020-05-12,3.3902862,3.4523966,3.3070817,3.4454,133664944.0,TRALT,16.406666666666666,16.14422,16.43998380952381,15.748008095238095,0,0.03375438807044917,0.019439595230345663,0.11281935338005877,0.031454097950784174,0.03941699604507898,15.98911904761905,14.817657142857145,,,58.19474572186065,0.43609072576443,0.4430113378420221,-0.006920612077592148,2.654709054613691,0.14246854999999997,1321116996.25,0.008155801938817042,1,0,0.03535148313693637,1,1,0.09046845068787368,1,1,0.09113600743019679,1,1,0.03604806408544725,1,1,0.019039879259302506,1,0,1.0
2020-05-13,3.4678185,3.4969287,3.4289587,3.4665,144761134.0,TRALT,16.507142857142856,16.51342142857143,16.65204142857143,16.32837476190476,0,0.006124107505659726,-0.024400540357987333,0.12046673993147583,0.0314161726607425,0.039424806809367136,16.077857142857145,14.821904761904761,,,59.560387615220975,0.4330917773039413,0.441027425734406,-0.007935648430464681,0.4753485406220115,0.1401248071428571,1465878130.25,0.00268282128948516,1,0,0.03447281119284584,1,1,0.10411077455646911,1,1,0.1108610990913026,1,1,0.043934804557911544,1,1,0.0033751622674167425,1,0,1.0
2020-05-14,3.4719436,3.5531795,3.3656769,3.4735,219465773.0,TRALT,16.54047619047619,16.53306476190476,16.919902380952383,16.027032857142856,0,0.002019327852300634,-0.01332234973298485,0.10350414588429646,0.03131421582029805,0.039258009800216855,16.155428571428573,14.826142857142859,,,62.82271944922547,0.42846572430531715,0.43851508544858825,-0.010049361143271096,2.065702867889052,0.1466538928571428,1685343903.25,0.025651360299409953,1,1,0.033741183244565986,1,1,0.130214481070966,1,1,0.10122354973369796,1,1,0.05127393119332102,1,1,0.02023895206563986,1,1,1.0
2020-05-15,3.5308197,3.5625544,3.4922411,3.511,145343292.0,TRALT,16.719047619047622,16.813427142857144,16.96454476190476,16.629719523809527,0,0.010796027062041302,0.030979298194097726,0.019039879259302506,0.023345343403511878,0.039285141120397805,16.17104761904762,14.829266666666667,,,62.1668960340298,0.43420353777585063,0.4376527759140408,-0.003449238138190147,3.3832926003356967,0.1471554428571428,1830687195.25,-0.004671033893477783,0,0,0.02936485331814276,1,1,0.12682996297351168,1,1,0.1254913130162345,1,1,0.0674166904015947,1,1,0.006009683850754621,1,0,1.0
2020-05-18,3.5862267,3.6445873,3.5180225,3.5204,180281802.0,TRALT,16.763809523809524,17.077270000000002,17.35517761904762,16.752488095238096,0,0.002677299914554121,0.05625731345074847,0.07133292757151555,0.02049962339482493,0.03914675723494154,16.226857142857146,14.836857142857143,,,60.67108856808426,0.4373215374528492,0.4375865282218025,-0.0002649907689533104,4.5249406175772,0.14916685714285707,2010968997.25,-0.006675377797977444,0,0,0.0299397795705032,1,1,0.1025167594591525,1,1,0.10518691057834317,1,1,0.06524826724235888,1,1,-0.0006817407112827967,0,0,1.0
2020-05-20,3.5455387,3.5906796,3.5109913,3.511,146695047.0,TRALT,16.719047619047622,16.88351761904762,17.098474285714286,16.719006190476193,0,-0.002670151119190889,0.019039879259302506,0.040265473615596514,0.01977420629809451,0.03869939667928123,16.259214285714286,14.842438095238096,,,54.448502556610705,0.43120994323071216,0.4363112112235844,-0.005101267992872249,3.884960203568366,0.14180054999999994,1864273950.25,-0.005354599829108575,0,0,0.05941327257191653,1,1,0.12349757903731118,1,1,0.08410709199658206,1,1,0.09011677584733668,1,1,-0.0006835659356310142,0,0,1.0
2020-05-21,3.4932723,3.5297418,3.4453652,3.4782,131484832.0,TRALT,16.562857142857144,16.63463,16.808294285714286,16.406500952380952,0,-0.009342067786955344,0.0033751622674167425,0.05100622469329785,0.019315741059361017,0.038113786690533676,16.29940476190476,14.838866666666666,,,55.59367541766111,0.4090479446058026,0.4308585579000281,-0.021810613294225456,-2.110773387369136,0.13895453571428568,1732789118.25,-0.008768903455810495,0,0,0.09973549537116888,1,1,0.13274107296877702,1,1,0.0889540566959921,1,1,0.08084641481225918,1,1,0.07478005865102633,1,1,1.0
2020-05-22,3.4831002,3.5203662,3.447709,3.4501,100759711.0,TRALT,16.42904761904762,16.58619142857143,16.763648571428572,16.417661904761907,0,-0.008078891380599251,-0.006736720886713732,0.043997942324567996,0.019446816691711576,0.03795651812436101,16.33402380952381,14.856504761904763,,,53.90512004628288,0.37634877632391905,0.4199566015848063,-0.043607825260887245,-1.9969321667992257,0.1392893785714285,1632029407.25,0.013564824207993986,1,0,0.10460566360395362,1,1,0.1677922379061476,1,1,0.06588214834352613,1,1,0.07811367786440959,1,1,0.06860670705196958,1,1,1.0
2020-05-27,3.4598496,3.4875534,3.443021,3.4501,152720947.0,TRALT,16.42904761904762,16.475474285714288,16.607397142857142,16.395338095238095,0,0.0,-0.017345485616633627,0.05672455511654273,0.019162610419736343,0.037839672010908244,16.378119047619048,14.892666666666669,,,56.18875320367857,0.34644089489140484,0.4052534602461261,-0.058812565354721236,1.3096461606225018,0.12907719999999998,1632029407.25,0.032607750499985766,1,1,0.10733022231239664,1,1,0.1249818845830557,1,1,0.06724442769774797,1,1,0.0917074867395149,1,1,0.0699689864061912,1,1,1.0
2020-05-28,3.507757,3.5320852,3.4781783,3.5063,195592415.0,TRALT,16.696666666666665,16.70360476190476,16.819453333333335,16.562753809523812,0,0.016289382916437223,-0.004005226678786555,0.057229006482737654,0.019180049606571582,0.037897434653091484,16.423309523809525,14.9382,,,58.94320429499854,0.3404092776829337,0.3922846237334876,-0.05187534605055388,5.202676347925217,0.12287952857142856,1827621822.25,0.02940421526965764,1,1,0.07754613124946541,1,1,0.08421983287225854,1,1,0.0762056869064256,1,1,0.0802270199355446,1,1,0.03744688132789564,1,1,1.0
2020-05-29,3.466178,3.5063035,3.4406776,3.4735,154813265.0,TRALT,16.54047619047619,16.505609523809525,16.696683333333333,16.384179047619046,0,-0.009354590308872535,-0.010680717744232515,0.03491940529750015,0.01924454029704403,0.03778092074625137,16.451214285714286,15.003380952380953,,,42.97302063128194,0.31934470453080976,0.37769663989295205,-0.05835193536214228,0.8155801938817042,0.10630280714285714,1672808557.25,0.02697567295235359,1,1,0.08164675399453003,1,1,0.11605009356556795,1,1,0.0627609039873327,1,1,0.0742190873758457,1,1,0.05262703325176332,1,1,1.0
2020-06-01,3.4919598,3.5086474,3.4711468,3.4758,83132560.0,TRALT,16.551428571428573,16.62838,16.707844761904763,16.529270476190476,0,0.0006621563264719299,-0.0006900120752112437,0.007449059447552253,0.01824117492177511,0.0361307754954874,16.457333333333334,15.062085714285715,,,45.84420424897507,0.3000755598918019,0.3621724238927221,-0.06209686400092018,0.268282128948516,0.09876918571428571,1755941117.25,0.03170493123885132,1,1,0.10115656827205233,1,1,0.11194545140687029,1,1,0.04922607744979568,1,1,0.08429714022671031,1,1,0.03507106277691463,1,1,1.0
2020-06-02,3.533679,3.578961,3.4758344,3.5626,187078902.0,TRALT,16.964761904761907,16.827042857142857,17.04267142857143,16.551592380952382,0,0.024972668162725142,0.032607750499985766,0.0468382698636578,0.018702484868974155,0.03626403953229062,16.495285714285714,15.156285714285715,,,65.44739429695184,0.3145314468377869,0.35264422848173504,-0.03811278164394816,2.5651360299409953,0.09140544285714285,1943020019.25,0.007887497894795814,1,0,0.10194801549430177,1,1,0.08549935440408674,1,1,-0.0019929265143436847,0,0,0.04274967720204326,1,1,-0.020406444731376094,0,-1,1.0
2020-06-03,3.5189133,3.5602105,3.4922411,3.4946,132959939.0,TRALT,16.64095238095238,16.75673,16.953383333333335,16.629719523809527,0,-0.019087183517655815,0.012898176864438726,0.0290038573658018,0.019296694095118264,0.03631675961524713,16.5187380952381,15.253609523809525,,,66.04485016868425,0.2964419210717679,0.3414037669997416,-0.0449618459279737,-0.4671033893477783,0.09023680714285713,1810060080.25,0.03419561609340138,1,1,0.13211812510730847,1,1,0.14888685400331947,1,1,0.03285068391232193,1,1,0.06438505122188509,1,1,0.0194585932581699,1,0,1.0
2020-06-04,3.517132,3.5414608,3.4922411,3.4969,148986688.0,TRALT,16.651904761904763,16.74824761904762,16.864099047619046,16.629719523809527,0,0.0006581583013793857,-0.002680888686079186,0.03827197149643724,0.019158872086789007,0.036285326923530974,16.54942857142857,15.357180952380952,,,56.5405130810262,0.2797646543957697,0.3290759444789472,-0.04931129008317753,-0.6675377797977444,0.08337286428571423,1959046768.25,0.03686121993765901,1,1,0.10992593439903908,1,1,0.15685321284566323,1,1,0.02816780577082545,1,1,0.07172066687637613,1,1,0.03889158969372852,1,1,1.0
2020-06-05,3.5075696,3.5273979,3.4875534,3.4922,113127274.0,TRALT,16.62952380952381,16.70271238095238,16.79713285714286,16.607397142857142,0,-0.001344047585003838,0.005383618828271208,0.03328697813415382,0.01917034061520402,0.03628499644113759,16.57621428571429,15.45784761904762,,,53.40577789557386,0.2617248435121553,0.31560572428558886,-0.05388088077343356,-0.5354599829108575,0.08136389999999996,1845919494.25,0.06511654544413248,1,1,0.12954584502605804,1,1,0.14767195464177307,1,1,0.03625221923143007,1,1,0.06981272550254847,1,1,0.05102800526888496,1,1,1.0
2020-06-08,3.4617248,3.4969287,3.4406776,3.4477,96447719.0,TRALT,16.41761904761905,16.48440380952381,16.65204142857143,16.384179047619046,0,-0.012742683695091905,-0.008084469762356883,-0.029691545648992457,0.015451716948672489,0.036252818464092444,16.55109523809524,15.555838095238096,,,46.89006750241081,0.22770438567632212,0.2980254565637355,-0.0703210708874134,-0.8768903455810495,0.0719887928571428,1749471775.25,0.10946428053484913,1,1,0.14276184122748514,1,1,0.17472517910491026,1,1,0.03738724366969293,1,1,0.09992168692171588,1,1,0.056414421208341725,1,1,1.0
2020-06-09,3.4687564,3.501616,3.4102085,3.4969,170083194.0,TRALT,16.651904761904763,16.51788761904762,16.674361904761906,16.239088095238095,0,0.014270383153986765,-0.018441587604558496,-0.006675377797977444,0.01571561574240484,0.035049406823096894,16.5455,15.647133333333334,,,48.34701055099646,0.21714471773455912,0.28184930879790027,-0.06470459106334114,1.3564824207993986,0.07215687142857138,1919554969.25,0.08982241413823666,1,1,0.15216334467671366,1,1,0.1555091652606595,1,1,0.030169578769767336,1,1,0.059652835368469104,1,1,0.05564928937058533,1,1,1.0
2020-06-10,3.5620859,3.6000552,3.5086474,3.5626,248578857.0,TRALT,16.964761904761907,16.96231380952381,17.14312,16.707844761904763,0,0.018788069432926324,0.0194585932581699,0.04613125825869924,0.014272740209223091,0.03417474730081935,16.582904761904764,15.720580952380953,,,54.370339685169895,0.2313541549000213,0.2717502780183245,-0.04039612311830321,3.2607750499985766,0.06998314999999995,2168133826.25,0.07236288104193545,1,1,0.0894571380452478,1,1,0.14669061921068893,1,1,0.016420591702688947,1,0,0.03222365687980666,1,1,0.03618144052096772,1,1,1.0
2020-06-11,3.5955083,3.635212,3.5250537,3.6094,228710689.0,TRALT,17.187619047619048,17.121468095238097,17.310533333333336,16.78597,0,0.013136473362151069,0.032171351768709444,0.08296078490203729,0.013312146516585388,0.034126956963786835,16.648738095238095,15.785761904761905,,,59.45790080738171,0.25762816800800437,0.2689258560162605,-0.011297688008256146,2.940421526965764,0.07215957857142853,2396844515.25,0.046766775641380764,1,1,0.0532498476201031,1,1,0.1597495428603093,1,1,0.001302155482905798,1,0,0.020141851831329216,1,1,0.016900315841968272,1,0,1.0
2020-06-12,3.5795238,3.6070862,3.557867,3.5672,93815945.0,TRALT,16.986666666666668,17.04535142857143,17.17660095238095,16.94222380952381,0,-0.011691693910345191,0.021476433193975186,0.03535148313693637,0.011768910652240654,0.032435089035901594,16.677738095238094,15.831066666666668,,,58.40256797583082,0.25924689811055757,0.2669900644351199,-0.007743166324562345,2.697567295235359,0.0698136071428571,2303028570.25,0.05323503027584642,1,1,0.08673469387755106,1,1,0.14849181430814062,1,1,0.023015250056066305,1,1,0.044040143529939346,1,1,0.026295133437990614,1,1,1.0
2020-06-15,3.6330554,3.719588,3.5227103,3.586,414045015.0,TRALT,17.076190476190476,17.30026380952381,17.71232380952381,16.774810952380953,0,0.005270239964117351,0.04011369898773087,0.03447281119284584,0.011753953805931404,0.03232259309746326,16.70619047619048,15.89624761904762,,,63.05977320776475,0.2647022538154786,0.26653250231119163,-0.001830248495713005,3.170493123885132,0.07868649999999998,2717073585.25,0.06731734523145572,1,1,0.07777467930842175,1,1,0.15817066369213628,1,1,0.034634690462911344,1,1,0.009146681539319745,1,0,0.015030674846625791,1,0,1.0
2020-06-16,3.6079302,3.635212,3.5859923,3.5907,114455301.0,TRALT,17.09857142857143,17.18062,17.310533333333336,17.07615380952381,0,0.0013106525376465061,0.026823758185821722,0.033741183244565986,0.011754203657888549,0.02928653555141095,16.73409523809524,15.962323809523811,,,63.39047619047619,0.2677452181182076,0.26677504547259484,0.0009701726456127768,0.7887497894795814,0.07902130714285713,2831528886.25,0.09332442142200703,1,1,0.07700448380538605,1,1,0.1285821706074024,1,1,0.047650875873785026,1,1,-0.03915671039073165,0,-1,0.018269418219288625,1,0,1.0
2020-06-17,3.606852,3.6258366,3.5859923,3.6141,95362506.0,TRALT,17.21,17.175485714285713,17.265888571428572,17.07615380952381,0,0.006516835157490242,0.014455734575871348,0.02936485331814276,0.011618578570074319,0.028680451854633266,16.758642857142856,16.032638095238095,,,60.95083299471763,0.2759669682913639,0.2686134300363487,0.007353538255015224,3.419561609340138,0.07601124285714282,2926891392.25,0.09468470711933819,1,1,0.11089897899892076,1,1,0.09858609335657587,1,1,0.03179214742259484,1,1,-0.03956725049113197,0,-1,0.027254364848786627,1,1,1.0
2020-06-18,3.638212,3.6609936,3.6164618,3.6258,134720921.0,TRALT,17.265714285714285,17.324819047619048,17.433302857142856,17.22124666666667,0,0.0032373204947289125,0.004543691472266742,0.0299397795705032,0.011622208914512789,0.028369247600445666,16.783738095238096,16.114333333333335,,,66.16429632774353,0.2837080321786942,0.2716323504648178,0.012075681713876407,3.6861219937659007,0.07467322142857137,3061612313.25,0.0704672072370236,1,1,0.11572618456616479,1,1,0.10538363947266816,1,1,0.043328368911688564,1,1,0.0045231397208891355,1,0,0.03298582381819193,1,1,1.0
2020-06-19,3.696947,3.7524014,3.6328683,3.7196,284189065.0,TRALT,17.71238095238095,17.604509523809526,17.868578095238096,17.29937285714286,0,0.025870152793866064,0.042722583538909786,0.05941327257191653,0.012773203107856537,0.02846818643666439,16.833404761904763,16.20094285714286,,,71.66725915392811,0.3221713572697702,0.2817401518258083,0.04043120544396189,6.511654544413248,0.08103756428571425,3345801378.25,0.06049037530917323,1,1,0.07750833422948733,1,1,0.08632648671900234,1,1,-0.0321271104419828,0,-1,-0.023308957952468012,0,-1,0.017017958920314102,1,0,1.0
2020-06-22,3.8001676,3.841465,3.7570887,3.8251,224808436.0,TRALT,18.214761904761904,18.09603619047619,18.292690476190476,17.890898571428572,0,0.028363264867190097,0.06667596207473503,0.09973549537116888,0.013615600799463048,0.02853179862744245,16.916000000000004,16.299390476190478,,,72.57870290727672,0.388710945980975,0.30313431065684165,0.08557663532413334,10.946428053484913,0.08237356428571425,3570609814.25,0.03001228726046401,1,1,0.05882199158191925,1,1,0.053907087396407816,1,1,-0.061906878251548836,0,-1,-0.02512352618232183,0,-1,-0.011032391310031087,0,0,1.0
2020-06-23,3.8312461,3.862559,3.7992768,3.811,170405106.0,TRALT,18.14761904761905,18.244029047619048,18.393138095238097,18.091794285714286,0,-0.0036861781391335224,0.061352939538251716,0.10460566360395362,0.013430193646720547,0.028046958851585705,17.00192857142857,16.381533333333334,,,79.99620781190754,0.43105722265236324,0.328718893055946,0.10233832959641725,8.982241413823665,0.0818680857142857,3400204708.25,0.05720283390186309,1,1,0.06027289425347693,1,1,0.042429808449225836,1,1,-0.057806350039359855,0,-1,-0.0012332721070585917,0,0,-0.006140120703227558,0,0,1.0
2020-06-24,3.8383715,3.8813097,3.785214,3.8204,182413850.0,TRALT,18.19238095238095,18.277959523809525,18.482427142857144,18.02482857142857,0,0.0024665442141169613,0.05708198444979362,0.10733022231239664,0.013392439153378706,0.025282321084042096,17.090095238095238,16.463676190476193,,,80.26192703461183,0.46289292216049915,0.3555536988768566,0.10733922328364254,7.2362881041935445,0.08521637142857144,3582618558.25,0.015940739189613806,1,0,0.06931211391477365,1,1,0.009187519631452368,1,0,-0.06933828918437857,0,-1,-0.040493142079363276,0,-1,0.01963145220395779,1,0,1.0
2020-06-25,3.8169024,3.8602152,3.7781827,3.7782,126500758.0,TRALT,17.99142857142857,18.175725714285715,18.381977142857142,17.99134619047619,0,-0.011045963773426815,0.0420321032599702,0.07754613124946541,0.013593980500338958,0.024749704321615273,17.154833333333336,16.539790476190475,,,75.00000000000007,0.46652989939533995,0.3777489389805533,0.08878096041478667,4.6766775641380764,0.08822980000000001,3456117800.25,0.006193425440686129,1,0,0.1079349955005029,1,1,0.0155100312318035,1,0,-0.05335874225821802,0,-1,-0.04653009369541061,0,-1,0.13397914350749018,1,1,1.0
2020-06-26,3.7836673,3.818027,3.74537,3.7571,75711112.0,TRALT,17.89095238095238,18.017463333333332,18.181080952380952,17.83509523809524,0,-0.0055846699486528095,0.010081729218195612,0.08164675399453003,0.013426668036336709,0.023806318302329713,17.222357142857142,16.602742857142857,,,78.19905213270152,0.45604760825193935,0.3934086728348305,0.06263893541710885,5.323503027584642,0.08940165000000001,3380406688.25,0.031806446461366544,1,1,0.09044209629767619,1,1,0.0006121742833569144,1,0,-0.04990551223017747,0,-1,-0.06550264831918218,0,-1,0.18152298315189896,1,1,1.0
2020-06-29,3.8220587,3.8461525,3.7828705,3.8274,113504442.0,TRALT,18.225714285714286,18.200279523809524,18.315011904761906,18.013669047619047,0,0.018711240052167843,0.0006012914695041616,0.10115656827205233,0.013790937567584717,0.022300638095392764,17.30607142857143,16.672609523809523,,,79.00649464630517,0.469342516616301,0.4085954415911246,0.0607470750251764,6.731734523145572,0.08923343571428576,3493911130.25,0.009797773945759536,1,0,0.08512306004075887,1,1,0.006113810942153908,1,0,-0.05450175053561157,0,-1,-0.09123687098291267,0,-1,0.1659612269425721,1,1,1.0
2020-07-01,3.990155,4.1016254,3.897716,3.9258,285522017.0,TRALT,18.694285714285716,19.000738095238095,19.531549523809524,18.56055238095238,0,0.02570935883367298,0.030123327210705764,0.10194801549430177,0.013848182082802965,0.0224445602674088,17.39254761904762,16.746714285714287,,,80.1460823373175,0.511789040074234,0.4292341612877465,0.08255487878648748,9.332442142200703,0.10145273571428574,3779433147.25,-0.014926893881501924,0,0,0.03224820418768126,1,1,-0.025650822762239622,0,-1,-0.06984563655815368,0,-1,-0.09730500789647978,0,-1,0.137322329206786,1,1,1.0
2020-07-02,3.9164665,3.9609983,3.8742778,3.9563,145986017.0,TRALT,18.83952380952381,18.649840476190477,18.861896666666667,18.448941904761906,0,0.007769117122624625,0.035572191393571595,0.13211812510730847,0.012643762467123877,0.022385328761899394,17.50247619047619,16.79537142857143,,,79.59392595120298,0.5507984544824964,0.4535470199266965,0.09725143455579993,9.468470711933819,0.09977860714285715,3925419164.25,0.014811819123928816,1,0,0.0035639360008088428,1,0,-0.001187978666936318,0,0,-0.05272603189849112,0,-1,-0.10722139372646178,0,-1,0.15107549983570512,1,1,1.0
2020-07-03,3.9198883,3.9656854,3.8742778,3.8813,100410814.0,TRALT,18.482380952380954,18.666134761904765,18.88421619047619,18.448941904761906,0,-0.018957106387281097,0.02728812662114244,0.10992593439903908,0.013811225009473354,0.02190391319566061,17.594,16.85206666666667,,,75.37566650508973,0.5465944520447295,0.4721565063503031,0.07443794569442636,7.04672072370236,0.10262679285714284,3825008350.25,0.0422796485713548,1,1,0.03261793728905271,1,1,0.0024218689614303734,1,0,-0.03380310720634838,0,-1,-0.09360265890294495,0,-1,0.16788189524128505,1,1,1.0
2020-07-06,3.943842,3.9938107,3.907091,3.9446,155811584.0,TRALT,18.783809523809524,18.7802,19.01814619047619,18.605195238095238,0,0.016308968644526134,0.04990551223017747,0.12954584502605804,0.01392663663596271,0.021912047014890256,17.701714285714285,16.906304761904764,,,77.02743442870069,0.561117305382151,0.4899486661566727,0.07116863922547828,6.049037530917323,0.09660057857142856,3980819934.25,0.01604725447447164,1,0,0.024362419510216782,1,1,-0.0350605891598641,0,-1,-0.02971150433504033,0,-1,-0.11053085230441617,0,-1,0.25728844496273395,1,1,1.0
2020-07-07,3.9492323,3.9984987,3.8953722,3.9399,210460480.0,TRALT,18.761428571428574,18.805868095238097,19.04047,18.54939142857143,0,-0.0011915023069510866,0.029393321837278608,0.14276184122748514,0.013326244437796238,0.021869964623328856,17.81890476190476,16.96635238095238,,,76.31896291829979,0.5643157349536452,0.5048220799160672,0.059493655037577975,3.001228726046401,0.10045106428571425,3770359454.25,0.02797025305210754,1,1,0.02319855833904394,1,1,-0.038655803446788095,0,-1,-0.04581334551638372,0,-1,-0.05116881139115215,0,-1,0.24211274397827331,1,1,1.0
2020-07-08,4.0188894,4.0735,3.9539669,4.029,200433224.0,TRALT,19.185714285714287,19.13756857142857,19.39761904761905,18.828413809523813,0,0.022614787177339446,0.026287635641143225,0.15216334467671366,0.013698566949909022,0.02097126752908396,17.94559523809524,17.035333333333334,,,78.45288712110832,0.5942368323677378,0.5227050304064014,0.07153180196133646,5.720283390186309,0.10714789999999996,3970792678.25,0.002903946388682188,1,0,-0.013973690742119627,0,0,-0.08726731198808646,0,-1,-0.07679324894514783,0,-1,-0.08493422685529917,0,-1,0.2623479771655499,1,1,0.0
2020-07-09,3.9790921,4.0688124,3.857872,3.8813,167437901.0,TRALT,18.482380952380954,18.94805761904762,19.375297142857143,18.370819047619047,0,-0.03665922065028537,-0.018957106387281097,0.0894571380452478,0.016544239770219203,0.021662977917489154,18.02147619047619,17.094038095238094,,,64.76707895041042,0.554800995120079,0.5291242233491369,0.025676771770942075,1.5940739189613806,0.11886552857142853,3803354777.25,0.05253394481230522,1,1,-0.006647257362224046,0,0,-0.051323010331590035,0,-1,-0.02957771880555482,0,-1,-0.04890114137015955,0,-1,0.43719887666503476,1,1,0.0
2020-07-10,3.8169024,3.8836532,3.7055256,3.8016,170400648.0,TRALT,18.102857142857143,18.175725714285715,18.493586666666666,17.64536,0,-0.020534357045319918,-0.020534357045319918,0.0532498476201031,0.017306544789038675,0.02190483324289704,18.067238095238096,17.140238095238097,,,54.81786133960051,0.4873060495638022,0.52076058859207,-0.03345453902826778,0.6193425440686129,0.12254597142857136,3632954129.25,0.10111531986531985,1,1,0.0092592592592593,1,0,-0.007391624579124678,0,0,-0.0036826599326599263,0,0,-0.043139730639730645,0,-1,0.4809027777777779,1,1,1.0
2020-07-13,3.8711843,3.8906846,3.8391216,3.8766,92146698.0,TRALT,18.46,18.43421095238095,18.527069523809526,18.28153142857143,0,0.01972853535353547,-0.017238756781422615,0.08673469387755106,0.01735359102374854,0.021516918222413372,18.14090476190476,17.189790476190478,,,53.13833028641075,0.457362077409293,0.5080808863555146,-0.050718808946221605,3.1806446461366544,0.12020451428571421,3725100827.25,0.05682814837744399,1,1,-0.030232678120002077,0,-1,-0.04774802662126609,0,-1,-0.03748129804467837,0,-1,-0.05682814837744421,0,-1,0.43894134034979104,1,1,0.0
2020-07-14,3.8716998,3.907091,3.8367774,3.8649,108481939.0,TRALT,18.404285714285717,18.436665714285716,18.605195238095238,18.270368571428573,0,-0.003018108651911433,-0.01903601614254169,0.07777467930842175,0.01742828089055459,0.021527380649701906,18.207309523809524,17.22929523809524,,,53.29421831071998,0.4242451524744624,0.49131373957930424,-0.06706858710484187,0.9797773945759536,0.12070675714285706,3616618888.25,0.07459442676395245,1,1,-0.0036482185826283153,0,0,-0.05640508163212499,0,-1,-0.024864808921317483,0,-1,-0.06913503583533853,0,-1,0.3850811146472095,1,1,0.0
2020-07-16,3.8762,3.907091,3.857872,3.8672,123928247.0,TRALT,18.415238095238095,18.45809523809524,18.605195238095238,18.370819047619047,0,0.0005950994851093849,-0.04015884834946648,0.07700448380538605,0.017434601915467213,0.02145825767342492,18.273142857142858,17.273485714285716,,,52.885326757090034,0.394337835379563,0.47191855873935606,-0.07758072335979305,-1.4926893881501924,0.11735842142857132,3740547135.25,0.04788994621431519,1,1,-0.010886429458005886,0,0,-0.08060095159288372,0,-1,-0.03938249896565982,0,-1,-0.09756412908564338,0,-1,0.33941870086884585,1,1,0.0
2020-07-17,3.9713573,4.0313115,3.857872,4.0149,303845000.0,TRALT,19.11857142857143,18.91122523809524,19.19672142857143,18.370819047619047,0,0.038193007860984673,0.03442145672841557,0.11089897899892076,0.01905231644536795,0.018430125320111866,18.368571428571432,17.332419047619048,,,62.91325695581017,0.4225186609941396,0.46203857919031277,-0.039519918196173176,1.4811819123928816,0.12388749285714276,4044392135.25,-0.011083713168447362,0,0,-0.01576627064185898,0,0,-0.10099877954619041,0,-1,-0.07355102244140588,0,-1,-0.11265535878851263,0,-1,0.35552566689083176,1,1,0.0
2020-07-20,4.057843,4.0875626,4.021937,4.0454,152370693.0,TRALT,19.263809523809524,19.323061904761907,19.46458380952381,19.152080952380956,0,0.007596702283992229,0.0641308922558923,0.11572618456616479,0.01905067269589616,0.017279607253116166,18.46847619047619,17.396933333333333,,,65.56863592180582,0.4513685728650785,0.45990457792526596,-0.00853600506018748,4.22796485713548,0.12388789285714277,4196762828.25,-0.009269787907252636,0,0,-0.03824096504671981,0,-1,-0.11123745488703218,0,-1,-0.07358975626637665,0,-1,-0.10196766697977955,0,-1,0.3696297028723985,1,1,0.0
2020-07-21,4.0728908,4.139126,3.8930285,4.0079,204074722.0,TRALT,19.085238095238097,19.394718095238094,19.71012380952381,18.538230952380953,0,-0.009269787907252636,0.03386988598256213,0.07750833422948733,0.018706200124556743,0.01707826503525808,18.53711904761905,17.456761904761905,,,60.105251371626956,0.45458296452618185,0.45884025524544914,-0.0042572907192672815,1.604725447447164,0.1351053928571428,3992688106.25,0.008183836922079024,1,0,-0.05030065620399715,0,-1,-0.09708326056039318,0,-1,-0.06784101399735532,0,-1,-0.08420868784151303,0,-1,0.3473639561865316,1,1,0.0
2020-07-22,4.0857344,4.1414695,4.0359993,4.0501,217286867.0,TRALT,19.286190476190473,19.455878095238095,19.721283333333336,19.219044285714286,0,0.010529204820479254,0.04791844549664903,0.05882199158191925,0.017886049514808457,0.016846609655681428,18.590690476190474,17.504085714285715,,,57.42621579639142,0.4679513192708171,0.46066246805052274,0.007288851220294379,2.797025305210754,0.12505854285714282,4209974973.25,-0.0046418606947975505,0,0,-0.06481321448853095,0,-1,-0.11691069356312167,0,-1,-0.06367744006320819,0,-1,-0.10071356262808318,0,-1,0.3113256462803391,1,1,0.0
2020-07-23,4.071156,4.1110005,4.02428,4.0407,119443754.0,TRALT,19.241428571428575,19.386457142857143,19.57619285714286,19.163238095238096,0,-0.002320930347398553,0.04486450144807641,0.06027289425347693,0.017861721889540896,0.016851478672541654,18.645380952380954,17.553638095238096,,,55.172836479529344,0.46952157267354266,0.4624342889751268,0.0070872836984158805,0.2903946388682188,0.12505854285714285,4090531219.25,-0.01682876729279592,0,0,-0.08991016408048125,0,-1,-0.1084713044769473,0,-1,-0.08295592347860536,0,-1,-0.08642066968594564,0,-1,0.32714628653451117,1,1,0.0
2020-07-24,4.06375,4.1063128,4.00553,4.0852,163720706.0,TRALT,19.453333333333337,19.351190476190474,19.55387047619048,19.073952380952385,0,0.011012943301903055,0.017509776084086992,0.06931211391477365,0.017948243297740977,0.01675372724598921,18.708428571428573,17.61837142857143,,,62.98229975805435,0.48230523856638996,0.46640847889337944,0.01589675967301052,5.253394481230522,0.1257282,4254251925.25,-0.05622735728972883,0,-1,-0.09867325957113504,0,-1,-0.11360520904729265,0,-1,-0.09982375403897015,0,-1,-0.09637227063546472,0,-1,0.39300401449133426,1,1,0.0
2020-07-27,4.182064,4.2235017,4.143813,4.186,209922940.0,TRALT,19.933333333333334,19.914590476190476,20.11191285714286,19.732442857142857,0,0.024674434544208257,0.034755524793592674,0.1079349955005029,0.01819912444153345,0.016899233523530646,18.805523809523812,17.69961904761905,,,64.6694214876034,0.5251151735130222,0.47814981781730803,0.04696535569571414,10.111531986531986,0.12757041428571428,4464174865.25,-0.08342092689918768,0,-1,-0.09854276158623987,0,-1,-0.13662207357859524,0,-1,-0.12037744863831823,0,-1,-0.12317247969421874,0,-1,0.3549928332537029,1,1,0.0
2020-07-28,4.1120787,4.200064,4.0547495,4.0969,177700426.0,TRALT,19.509047619047617,19.58132714285714,20.000304761904765,19.308330952380953,0,-0.021285236502627924,0.022206142867835954,0.09044209629767619,0.019013544975393745,0.01717713045499775,18.88642857142857,17.761666666666667,,,58.65299823633155,0.5188253484881535,0.48628492395147715,0.03254042453667638,5.682814837744399,0.1305838428571429,4286474439.25,-0.08237936000390522,0,-1,-0.09895286680172799,0,-1,-0.10925333788962366,0,-1,-0.09094681344431155,0,-1,-0.1063975200761551,0,-1,0.2986404354511949,1,1,0.0
2020-07-29,4.1294227,4.2024083,4.038343,4.1532,213319241.0,TRALT,19.77714285714286,19.66391761904762,20.011468095238097,19.230204761904762,0,0.013742097683614674,0.02545616157625763,0.08512306004075887,0.01884997319654689,0.016930198929334922,18.964000000000002,17.82706666666667,,,57.1020128087832,0.5293713980348045,0.4949022187681426,0.034469179266661876,7.459442676395245,0.13275993571428574,4499793680.25,-0.07281132620629882,0,-1,-0.12190600019262254,0,-1,-0.10666474044110574,0,-1,-0.12867186747568138,0,-1,-0.12359144755850915,0,-1,0.3250505634209764,1,1,0.0
2020-07-30,4.0725155,4.150845,4.038343,4.0524,108274153.0,TRALT,19.297142857142855,19.39293095238095,19.765928571428574,19.230204761904762,0,-0.024270442068766496,0.0028955379018484884,0.03224820418768126,0.01916728348246297,0.017164573732587837,18.994142857142858,17.8822,,,60.338368580060404,0.49331065169061716,0.4945839053526375,-0.0012732536620203572,4.788994621431519,0.12589683571428575,4391519527.25,-0.05609021814233539,0,-1,-0.12261869509426504,0,-1,-0.07171059125456503,0,-1,-0.14862797354654023,0,-1,-0.09774454644161479,0,-1,0.3348879676241243,1,1,0.0
2020-08-04,4.011718,4.1320944,3.8344338,3.9704,215541376.0,TRALT,18.90666666666667,19.10341904761905,19.67664,18.25920857142857,0,-0.020234922515052545,-0.028101439342015033,0.0035639360008088428,0.019720319714708265,0.017414853123344072,18.997500000000002,17.92595238095238,,,60.17112557242716,0.42828705857168003,0.48132453599644603,-0.053037477424766,-1.1083713168447362,0.1344349071428572,4175978151.25,-0.004735039290751697,0,0,-0.09092282893411252,0,-1,-0.06079991940358653,0,-1,-0.12575559137618386,0,-1,-0.06493048559339121,0,-1,0.46516723755792855,1,1,0.0
2020-08-05,4.0122805,4.0805316,3.963342,4.0079,261407659.0,TRALT,19.085238095238097,19.10609761904762,19.431102857142857,18.873057142857142,0,0.00944489220229694,-0.042546583850931574,0.03261793728905271,0.01927341546473716,0.01737483103425849,19.027642857142858,17.972380952380952,,,58.28600277672603,0.3867068980531734,0.4624010084077915,-0.07569411035461815,-0.9269787907252636,0.13644240714285716,4437385810.25,-0.0292422465630382,0,-1,-0.10292172958407153,0,-1,-0.05613912522767539,0,-1,-0.09124479153671516,0,-1,-0.06549564609895453,0,-1,0.41869807130916437,1,1,0.0
2020-08-06,4.0666556,4.155533,4.003186,4.0407,463070609.0,TRALT,19.241428571428575,19.365026666666665,19.788252380952382,19.06279047619048,0,0.008183836922079024,-0.01371768898435377,0.024362419510216782,0.019035270965850153,0.01738740874032503,19.05052380952381,18.022828571428573,,,60.80649127120733,0.3621825721230678,0.4423573211508468,-0.08017474902777899,0.8183836922079024,0.1423019357142857,4900456419.25,-0.0580097507857551,0,-1,-0.10441260177691991,0,-1,-0.10904051278243876,0,-1,-0.10092310738238441,0,-1,-0.06380082658945252,0,-1,0.4373499641151284,1,1,0.0
2020-08-07,3.9219036,4.0758433,3.6844313,4.0313,380541541.0,TRALT,19.196666666666665,18.675731428571428,19.40877761904762,17.544910952380953,0,-0.0023263295963572572,-0.029350861985938725,0.02319855833904394,0.01904501773630327,0.016205732967804854,19.072285714285716,18.075504761904764,,,60.0,0.3352701696939917,0.4209398908594758,-0.0856697211654841,-0.46418606947975505,0.16674429285714285,4519914878.25,-0.060451963386500496,0,-1,-0.1127923994741149,0,-1,-0.10989010989010983,0,-1,-0.0749882172004066,0,-1,-0.06161784039887874,0,-1,0.4127948800635033,1,1,0.0
2020-08-10,3.9991086,4.059437,3.970373,3.9727,117363870.0,TRALT,18.91761904761905,19.043374285714286,19.330652380952383,18.906538095238094,0,-0.014536253813906108,-0.01966735761524019,-0.013973690742119627,0.018666702763124054,0.016283639276133202,19.058880952380953,18.12527619047619,,,47.115121684440815,0.2881040025142063,0.3943727131904219,-0.10626871067621557,-1.682876729279592,0.16071747142857143,4402551008.25,-0.07433231807083351,0,-1,-0.09321116620937908,0,-1,-0.09615626651899212,0,-1,-0.04188587107005315,0,-1,-0.046592997205930464,0,-1,0.503259747778589,1,1,0.0
2020-08-11,3.91056,4.0125613,3.8484964,3.8555,214224574.0,TRALT,18.35952380952381,18.621714285714287,19.107434761904763,18.326173333333333,0,-0.02950134669116722,-0.028939149707838063,-0.006647257362224046,0.017994205886012533,0.016174730746899024,19.052738095238094,18.163885714285712,,,38.393839383938385,0.20334679837983316,0.35616753022830416,-0.152820731848471,-5.6227357289728825,0.1672462071428571,4188326434.25,-0.04497471145117371,0,-1,-0.06079626507586555,0,-1,-0.0778109194656984,0,-1,-0.04922837504863187,0,-1,0.010348852288937671,1,0,0.671741667747374,1,1,0.0
2020-08-12,3.860028,3.9117785,3.8274026,3.8368,163220968.0,TRALT,18.27047619047619,18.381085714285714,18.62751666666667,18.225726666666667,0,-0.004850213980028495,-0.04269068589535674,0.0092592592592593,0.01739213997863416,0.015906394927871433,19.061119047619048,18.195361904761906,,,39.296884774177386,0.12752072526357594,0.31043816923535855,-0.1829174439717826,-8.342092689918768,0.1556946642857142,4025105466.25,-0.016498123436196943,0,0,-0.05804316096747286,0,-1,-0.06781693077564632,0,-1,-0.06109257714762317,0,-1,0.11665971643035844,1,1,0.6713407005838199,1,1,0.0
2020-08-14,3.7509477,3.8016205,3.6961503,3.7594,110087646.0,TRALT,17.901904761904763,17.861655714285718,18.102954761904762,17.600715714285716,0,-0.020173060884070004,-0.06961665058034505,-0.030232678120002077,0.017371489533936357,0.01563009953154817,19.033214285714287,18.222590476190476,,,32.58238466147398,0.037257896180889816,0.25580211462446484,-0.21854421844357502,-8.237936000390523,0.15620039285714277,3915017820.25,-0.01806139277544294,0,0,-0.02928658828536468,0,-1,-0.05048677980528815,0,-1,-0.06607437357025048,0,-1,0.1808001276799489,1,1,0.7045007181997125,1,1,0.0
2020-08-17,3.8039644,3.862559,3.7266195,3.8508,127092879.0,TRALT,18.337142857142858,18.114116190476192,18.393138095238097,17.745807142857142,0,0.02431239027504395,-0.04477463845409657,-0.0036482185826283153,0.01828755406107166,0.015893976005911498,19.029857142857146,18.258304761904764,,,39.63993453355153,0.0008344120903025498,0.2048085741176324,-0.20397416202732985,-7.281132620629882,0.15971603571428564,4042110699.25,-0.05295003635608175,0,-1,-0.036511893632491965,0,-1,-0.06024722135660121,0,-1,-0.09675911498909318,0,-1,0.1588760776981406,1,1,0.8101173782071256,1,1,0.0
2020-08-18,3.8919501,3.9328728,3.7992768,3.8251,132842382.0,TRALT,18.214761904761904,18.533095714285714,18.727965714285716,18.091794285714286,0,-0.006673937883037384,-0.03715357313665779,-0.010886429458005886,0.018346735886202822,0.015932242380046202,19.01983333333333,18.283304761904763,,,35.512977609446324,-0.037474597710094315,0.15635193975208705,-0.19382653746218137,-5.6090218142335395,0.16205983571428564,3909268317.25,-0.07048181746882431,0,-1,-0.016548586965046574,0,0,-0.04535829128650215,0,-1,-0.07354056103108408,0,-1,0.1672636009516093,1,1,0.7744895558286058,1,1,0.0
2020-08-19,3.8911533,3.9516227,3.808652,3.9516,134410795.0,TRALT,18.81714285714286,18.52930142857143,18.817250952380952,18.136438095238095,0,0.03307103082272378,0.024925431202178716,-0.01576627064185898,0.017807680320121852,0.016399673205219414,19.004761904761907,18.32682857142857,,,37.30777561186923,-0.019008536848559743,0.12127984443195772,-0.14028838128051746,-0.4735039290751697,0.16239333571428569,4043679112.25,-0.08659783378884511,0,-1,-0.05633161251138774,0,-1,-0.05159935216114997,0,-1,-0.10615953031683378,0,-1,0.15244457941087153,1,1,0.6880251037554408,1,1,0.0
2020-08-20,3.887544,3.93756,3.862559,3.8907,69947209.0,TRALT,18.527142857142856,18.512114285714286,18.750285714285713,18.393138095238097,0,-0.01541147889462513,0.014048165137614532,-0.03824096504671981,0.017989570362447596,0.016554495212812038,18.967928571428573,18.364333333333335,,,38.483020554066165,-0.027458106978716756,0.09153225414982283,-0.11899036112853958,-2.92422465630382,0.15837379999999993,3973731903.25,-0.07589893849435825,0,-1,-0.0277070964093864,0,-1,-0.03613745598478402,0,-1,-0.09579253090703466,0,-1,0.165060271930501,1,1,0.8325237103863059,1,1,0.0
2020-08-21,3.8427773,3.909435,3.8016205,3.8063,89317732.0,TRALT,18.125238095238096,18.298939523809523,18.616357142857144,18.102954761904762,0,-0.02169275451718189,0.01247539500984196,-0.05030065620399715,0.01846934993304523,0.016821611369111242,18.91992857142857,18.39424761904762,,,31.214123253547072,-0.06582600638387603,0.06006060204308306,-0.1258866084269591,-5.80097507857551,0.15435588571428568,3884414171.25,-0.04926043664451041,0,-1,-0.054173344192522954,0,-1,0.005543441137062288,1,0,-0.07821243727504401,0,-1,0.30297138953839675,1,1,0.7844888737093767,1,1,0.0
2020-08-24,3.7960424,3.8320897,3.771151,3.7876,93191598.0,TRALT,18.036190476190477,18.07639238095238,18.24804619047619,17.957861904761906,0,-0.004912907548012546,-0.016412174093694887,-0.06481321448853095,0.01822083196095849,0.01678296359689227,18.85742857142857,18.426619047619045,,,34.260580123632934,-0.10223968628192637,0.027600544378081182,-0.12984023066000755,-6.045196338650049,0.15050457857142854,3791222573.25,-0.055708100116168446,0,-1,-0.05261907276375544,0,-1,-0.007445347977611094,0,0,-0.01301615798922795,0,0,0.29205829549054796,1,1,0.7140933572710952,1,1,0.0
2020-08-25,3.739276,3.808652,3.6609936,3.6774,81300207.0,TRALT,17.51142857142857,17.80607619047619,18.136438095238095,17.433302857142856,0,-0.029094941387686202,-0.03861336958510886,-0.08991016408048125,0.01911541492870563,0.01720161699825456,18.77092857142857,18.443809523809524,,,33.14929836668965,-0.1714651465673107,-0.012212593810997194,-0.1592525527563135,-7.433231807083351,0.1397901357142857,3709922366.25,-0.020394844183390437,0,-1,-0.023576439875999333,0,-1,0.01147549899385436,1,0,0.002556153804318395,1,0,0.38304236688965054,1,1,0.7004405286343611,1,1,0.0
2020-08-26,3.6614156,3.7242754,3.6047425,3.6821,139785648.0,TRALT,17.533809523809524,17.435312380952382,17.73464476190476,17.165440476190476,0,0.0012780769021591976,-0.0682002226946048,-0.09867325957113504,0.018820580415574818,0.017200885426962853,18.674952380952384,18.455190476190477,,,30.528328950513995,-0.22196222441786873,-0.0541625199323715,-0.16779970448549722,-4.4974711451173714,0.1399575142857143,3849708014.25,-0.016566633171287926,0,0,-0.03438255343418162,0,-1,0.02292170228945456,1,1,0.0025528910132806004,1,0,0.5149507074767117,1,1,0.6995464544689174,1,1,0.0
2020-08-27,3.7323854,3.8016205,3.6633377,3.7735,168574042.0,TRALT,17.96904761904762,17.77326380952381,18.102954761904762,17.44446523809524,0,0.024822791341897243,-0.030123114092579728,-0.09854276158623987,0.018832922220050237,0.01736203141540084,18.576738095238095,18.47081904761905,,,35.07596067917781,-0.22427612995793922,-0.08818524193748505,-0.13609088802045416,-1.6498123436196943,0.13895292857142857,4018282056.25,-0.0422419504438849,0,-1,-0.05217967404266577,0,-1,0.003736584073141813,1,0,-0.03601431032198221,0,-1,0.49193056843778993,1,1,0.5925533324499803,1,1,0.0
2020-08-28,3.7191665,3.787558,3.6820877,3.6915,142178347.0,TRALT,17.57857142857143,17.710316666666667,18.035990476190477,17.533750952380952,0,-0.021730488936000936,-0.030160523342878887,-0.09895286680172799,0.01885343163911144,0.01756397553212421,18.48021428571429,18.482657142857143,,,32.44471998346768,-0.25468226339674516,-0.12148464622933708,-0.13319761716740808,-1.8061392775442942,0.11852852142857147,3876103709.25,-0.011431667343898111,0,0,-0.03302180685358258,0,-1,0.01078152512528785,1,0,-0.009535419206284756,0,0,0.5110930516050387,1,1,0.6406067994040363,1,1,0.0
2020-09-01,3.6481965,3.7172446,3.4922411,3.6469,163560612.0,TRALT,17.36619047619048,17.372364285714287,17.701164761904764,16.629719523809527,0,-0.012081809562508372,-0.03714753405850657,-0.12190600019262254,0.01837861650894516,0.01764703799567228,18.359666666666666,18.488457142857143,,,32.92094778779621,-0.2925444409145541,-0.1556966051663805,-0.1368478357481736,-5.295003635608175,0.12823848571428573,3712543097.25,0.01735720749129399,1,0,-0.007705174257588654,0,0,0.0334256491814966,1,1,-0.013490910088019947,0,0,0.4678768268940745,1,1,0.7519537141133563,1,1,0.0
2020-09-02,3.5931644,3.65865,3.513335,3.5555,143917881.0,TRALT,16.93095238095238,17.110306666666666,17.42214285714286,16.73016666666667,0,-0.025062381748882756,-0.033148420079403884,-0.12261869509426504,0.018420135218924525,0.017674987525204362,18.241357142857144,18.48510476190476,,,33.836206896551715,-0.3535945483801015,-0.1952761938091247,-0.15831835457097682,-7.048181746882431,0.12689920714285718,3568625216.25,0.05802278160596264,1,1,0.027028547321052088,1,1,0.044831950499226725,1,1,-0.018450288285754457,0,0,0.4568415131486432,1,1,0.7218394037406834,1,1,1.0
2020-09-03,3.5806954,3.6164618,3.5391166,3.6094,137346031.0,TRALT,17.187619047619048,17.050930476190477,17.22124666666667,16.85293619047619,0,0.015159611868935441,-0.019744167730371243,-0.09092282893411252,0.018714701450530856,0.017597002708027318,18.155404761904762,18.484657142857145,,,38.19559800664453,-0.3769214278468773,-0.23160524061667526,-0.14531618723020207,-8.659783378884512,0.12639701428571434,3705971247.25,0.033135701224580316,1,1,0.03831661772039663,1,1,0.03053139025876872,1,1,-0.012966143957444332,0,0,0.5078129328974346,1,1,0.6558707818473986,1,1,1.0
2020-09-04,3.578492,3.5977113,3.5555232,3.5954,79777244.0,TRALT,17.12095238095238,17.040438095238095,17.131958571428573,16.93106285714286,0,-0.0038787610129107364,-0.047197561945143685,-0.10292172958407153,0.01842373408473069,0.017606891251089767,18.057190476190478,18.481761904761903,,,40.886863747499454,-0.39622021077748215,-0.2645282346488367,-0.13169197612864547,-7.589893849435825,0.12019895000000005,3626194003.25,0.052149969405351326,1,1,0.04302720142404182,1,1,0.042359681815653305,1,1,0.010429993881070132,1,0,0.5410524559158927,1,1,0.6649051565889745,1,1,1.0
2020-09-07,3.6133208,3.6398995,3.5836484,3.6188,47704938.0,TRALT,17.232380952380954,17.206289523809524,17.332854761904763,17.064992380952383,0,0.006508316181787821,-0.019693891372070893,-0.10441260177691991,0.018363119009982755,0.017621257277974693,17.956738095238094,18.472161904761904,,,36.054339985573485,-0.3979361209279304,-0.29120981190465545,-0.10672630902327496,-4.926043664451041,0.11450692142857147,3673898941.25,-0.0051674588261302334,0,0,0.057643417707527345,1,1,0.0323864264397038,1,1,0.014258870343760277,1,0,0.49223499502597545,1,1,0.6696971371725433,1,1,1.0
2020-09-08,3.5854297,3.6375554,3.5625544,3.5766,76758858.0,TRALT,17.031428571428574,17.073474761904762,17.32169238095238,16.96454476190476,0,-0.011661324195865963,-0.01927664591845124,-0.1127923994741149,0.018401118861269702,0.017607775046276947,17.84847619047619,18.448495238095237,,,35.35305905929512,-0.4107759997721665,-0.31512304947815767,-0.09565295029400883,-5.570810011616844,0.11032156428571434,3597140083.25,0.0032712632108706785,1,0,0.05110999273052608,1,1,0.06028071352681308,1,1,0.01834144159257378,1,0,0.48492982161829645,1,1,0.7405077447855504,1,1,1.0
2020-09-09,3.5838828,3.6047425,3.5625544,3.6024,70378611.0,TRALT,17.154285714285713,17.066108571428572,17.165440476190476,16.96454476190476,0,0.007213554772689035,0.013190831106735912,-0.09321116620937908,0.018500409864451093,0.0175394661372926,17.760309523809525,18.428628571428572,,,26.645264847511996,-0.40635395613420755,-0.33336923080936764,-0.0729847253248399,-2.0394844183390437,0.10312280714285718,3667518694.25,-0.0032478347768153393,0,0,0.032533866311347914,1,1,0.028619809016211528,1,1,0.024733510992671626,1,1,0.4886186986453478,1,1,0.6786031534532535,1,1,1.0
2020-09-10,3.6537747,3.7078693,3.6047425,3.6211,164464034.0,TRALT,17.243333333333336,17.398927142857143,17.656520476190476,17.165440476190476,0,0.005190983788585513,0.003241535989361166,-0.06079626507586555,0.01766178251226302,0.017388287067570337,17.704500000000003,18.409647619047618,,,30.890275021264586,-0.3911550639452983,-0.34492639743655384,-0.046228666508744465,-1.6566633171287926,0.1042962571428572,3831982728.25,-0.018116042086658957,0,0,0.04015354450305142,1,1,0.015547761729860943,1,0,0.01944160614177992,1,0,0.5715390350998313,1,1,0.6440308193642814,1,1,1.0
2020-09-11,3.609477,3.6305244,3.5977113,3.6141,42517245.0,TRALT,17.21,17.187985714285716,17.28821142857143,17.131958571428573,0,-0.0019331142470521145,0.005201090282026977,-0.05804316096747286,0.01765759877879825,0.017310154199590398,17.651476190476192,18.39401904761905,,,34.69745222929939,-0.3774485617390333,-0.35143083029704975,-0.02601773144198355,-4.22419504438849,0.09893901428571435,3789465483.25,-0.010376027226695395,0,0,0.04800641930217764,1,1,0.018815196037740956,1,0,0.015577875543012043,1,0,0.569408704795108,1,1,0.6290639439971224,1,1,1.0
2020-09-14,3.6368525,3.6680248,3.60943,3.6493,67173519.0,TRALT,17.37761904761905,17.318345238095237,17.466784761904762,17.187761904761906,0,0.00973963089012475,0.008428208245827351,-0.02928658828536468,0.017376556809669673,0.01728235824898979,17.625261904761906,18.383752380952384,,,39.2707525213344,-0.3490371210352947,-0.3509520884446987,0.0019149674094040003,-1.143166734389811,0.0987715928571429,3856639002.25,-0.02183980489408932,0,-1,0.022470062751760445,1,1,0.020551886663195518,1,1,0.003206094319458508,1,0,0.4579234373715506,1,1,0.5863864302742992,1,1,1.0
2020-09-15,3.7071195,3.7406824,3.6680248,3.7102,122957674.0,TRALT,17.66761904761905,17.65295,17.812773333333332,17.466784761904762,0,0.016688131970514775,0.037353911536095685,-0.036511893632491965,0.016860079217947178,0.017397957247242725,17.591785714285713,18.372590476190478,,,52.75537634408604,-0.2996659111274056,-0.3406948529812401,0.04102894185383449,1.735720749129399,0.0947518785714286,3979596676.25,-0.024634790577327315,0,-1,0.015794296803406827,1,0,-0.024634790577327315,0,-1,-0.01894776561910405,0,0,0.483262357824376,1,1,0.5957091261926581,1,1,1.0
2020-09-16,3.7599013,3.8016205,3.7266195,3.7618,92475953.0,TRALT,17.913333333333334,17.904291904761905,18.102954761904762,17.745807142857142,0,0.013907606058972455,0.04424827892516103,-0.016548586965046574,0.017167305005022497,0.017481058094223016,17.57671428571429,18.35697142857143,,,56.2061984114624,-0.23796862802432983,-0.32014960798985803,0.0821809799655282,5.802278160596264,0.09274385000000003,4072072629.25,-0.029294486681907483,0,-1,-0.012467435802009597,0,0,-0.0828592694986443,0,-1,-0.028045084799829922,0,-1,0.4380084002339306,1,1,0.5439151470040937,1,1,0.0
2020-09-17,3.7246506,3.7688076,3.7008379,3.729,65171863.0,TRALT,17.75714285714286,17.73643142857143,17.94670285714286,17.62303761904762,0,-0.008719230155776359,0.02979757532241578,-0.05633161251138774,0.015280905918319017,0.01750911183249791,17.523714285714284,18.33532380952381,,,46.18680377035138,-0.19937804673626758,-0.29599529573913996,0.09661724900287239,3.3135701224580316,0.08772148571428577,4006900766.25,0.005014749262536755,1,0,-0.0025207830517567364,0,0,-0.06916063287744711,0,-1,-0.004397961920086013,0,0,0.5600160901045856,1,1,0.5336015017430946,1,1,0.0
2020-09-18,3.77762,3.8133397,3.733651,3.7829,103026905.0,TRALT,18.013809523809524,17.988666666666667,18.158760476190476,17.77929047619048,0,0.014454277286135575,0.04670595722309834,-0.0277070964093864,0.015440367516645135,0.01759662661665731,17.498047619047618,18.325952380952383,,,58.22830392509903,-0.14639631252592977,-0.26607549909649797,0.1196791865705682,5.214996940535133,0.0862121571428572,4109927671.25,-0.008670596632213257,0,0,-0.009305030532131497,0,0,-0.037193687382695906,0,-1,-0.009913029686219432,0,0,0.5030796478891855,1,1,0.3605963678659232,1,1,0.0
2020-09-21,3.703369,3.8039644,3.6000552,3.6001,112036920.0,TRALT,17.143333333333334,17.635090476190477,18.114116190476192,17.14312,0,-0.04832271537709154,-0.013482037651056378,-0.054173344192522954,0.018194891725358705,0.01839787623584191,17.448952380952385,18.293142857142858,,,46.62629757785466,-0.17265776886606332,-0.24739195305041106,0.07473418418434774,-0.5167458826130233,0.0847054214285715,3997890751.25,0.06313713507958107,1,1,0.03774895141801604,1,1,0.00911085803172118,1,0,0.050776367323129845,1,1,0.6132607427571455,1,1,0.5051804116552319,1,1,1.0
2020-09-22,3.5958831,3.6328683,3.5508356,3.5883,74651421.0,TRALT,17.087142857142858,17.12325285714286,17.29937285714286,16.908740952380953,0,-0.003277686730924101,-0.03285537167807662,-0.05261907276375544,0.018187726798150162,0.018009480947063453,17.401500000000002,18.259657142857144,,,52.671009771987,-0.19574780519485202,-0.23706312347929928,0.04131531828444726,0.32712632108706785,0.08018525714285721,3923239330.25,0.047682746704567736,1,1,0.05682356547668799,1,1,0.039210768330407264,1,1,0.05423180893459301,1,1,0.5872140010589972,1,1,0.5519326700666054,1,1,1.0
2020-09-23,3.5993521,3.623493,3.5625544,3.5907,63406196.0,TRALT,17.09857142857143,17.139771904761904,17.254728571428572,16.96454476190476,0,0.0006688403979600022,-0.04548354511138286,-0.023576439875999333,0.017084789717649727,0.018006855891904608,17.380857142857145,18.217914285714286,,,48.337777777777774,-0.21069586436761156,-0.23178967165696174,0.021093807289350175,-0.3247834776815339,0.07901335714285719,3986645526.25,0.03589829281198642,1,1,0.031971481883755315,1,1,0.06004400256217446,1,1,0.054836104380761475,1,1,0.6631854513047597,1,1,0.5678836995571894,1,1,1.0
2020-09-24,3.5603514,3.5859923,3.5414608,3.5555,82707704.0,TRALT,16.93095238095238,16.954054285714285,17.07615380952381,16.864099047619046,0,-0.00980310245913063,-0.04652721909359092,-0.03438255343418162,0.017184644980077067,0.01803840401300016,17.350714285714286,18.186885714285715,,,46.58214836388553,-0.2333775343059905,-0.23210724418676748,-0.0012702901192230276,-1.8116042086658957,0.07868210000000007,3903937822.25,0.059344677260582346,1,1,0.03428491070172979,1,1,0.03099423428491077,1,1,0.09559836872451122,1,1,0.8127970749542963,1,1,0.5372521445647591,1,1,1.0
2020-09-25,3.568414,3.5906796,3.5484915,3.5766,75500059.0,TRALT,17.031428571428574,16.99244761904762,17.098474285714286,16.89757857142857,0,0.005934467726058434,-0.05453488064712242,-0.05217967404266577,0.016143229889942982,0.018011886220902475,17.303833333333333,18.165457142857143,,,46.370829033367755,-0.2404733057091164,-0.23378045649123727,-0.006692849217879132,-1.0376027226695395,0.0776776000000001,3979437881.25,0.05899457585416301,1,1,0.029497287927081395,1,1,0.007213554772689035,1,0,0.19789744450036317,1,1,0.7929318347033496,1,1,0.5465246323323827,1,1,1.0
2020-09-28,3.5589921,3.5906796,3.5180225,3.5696,83291333.0,TRALT,16.99809523809524,16.94758142857143,17.098474285714286,16.752488095238096,0,-0.001957166023597967,-0.008471986889253103,-0.03302180685358258,0.015499397110355452,0.018001479931432696,17.274809523809523,18.136219047619047,,,49.35920908092271,-0.24595130356198425,-0.23621462590538667,-0.009736677656597581,-2.183980489408932,0.07751017857142865,3896146548.25,0.04529919318691178,1,1,0.04333818915284615,1,1,-0.01641640519946197,0,0,0.24358471537427162,1,1,0.795131107126849,1,1,0.512802554908113,1,1,1.0
2020-09-29,3.6072273,3.6305244,3.5648985,3.6188,116456705.0,TRALT,17.232380952380954,17.177272857142857,17.28821142857143,16.975707142857143,0,0.013783056925145809,0.008499846724075555,-0.007705174257588654,0.015653700909523758,0.017922512416949074,17.26811904761905,18.112780952380955,,,51.43960674157307,-0.22875085967392295,-0.23472187265909394,0.005971012985170998,-2.4634790577327315,0.07918430714285722,4012603253.25,0.041450204487675446,1,1,0.0,0,0,-0.03885265833978113,0,-1,0.2331712169780038,1,1,0.9261633690726205,1,1,0.5414502044876754,1,1,0.0
2020-09-30,3.6422431,3.6680248,3.60943,3.6516,123020700.0,TRALT,17.38857142857143,17.344014761904763,17.466784761904762,17.187761904761906,0,0.009063778047971871,0.01696048124321181,0.027028547321052088,0.014635651441968343,0.017632082270702513,17.291000000000004,18.09224761904762,,,52.612643481240376,-0.200208241892593,-0.22781914650579377,0.02761090461320076,-2.9294486681907483,0.07583612857142863,4135623953.25,0.017334866907656732,1,0,-0.05518129039325248,0,-1,-0.029521305728995584,0,-1,0.22272428524482413,1,1,0.8588016212071417,1,1,0.550717493701391,1,1,0.0
2020-10-01,3.7518857,3.8227148,3.6398995,3.7477,347718691.0,TRALT,17.846190476190475,17.86612238095238,18.20340380952381,17.332854761904763,0,0.026317230802935576,0.05405709464210373,0.03831661772039663,0.01537994829496306,0.017949117376062262,17.323928571428574,18.0668,,,59.92865636147442,-0.13905899348584327,-0.21006711590180369,0.07100812241596041,0.5014749262536755,0.08655057142857148,4483342644.25,-0.007497932064999935,0,0,-0.07380526723056802,0,-1,-0.057528617552098704,0,-1,0.21514528911065467,1,1,0.7798649838567655,1,1,0.564746377778371,1,1,0.0
2020-10-02,3.7891986,3.8508403,3.7359946,3.7501,193704013.0,TRALT,17.85761904761905,18.043802857142857,18.337334761904764,17.79045047619048,0,0.0006403927742351101,0.0485097578706033,0.04302720142404182,0.015322186451764327,0.01778966231297554,17.360761904761908,18.038676190476192,,,57.87500000000001,-0.08865363939524684,-0.18578442060049233,0.09713078120524549,-0.8670596632213257,0.09056849285714293,4677046657.25,-0.0006399829337886409,0,0,-0.028772566064905192,0,-1,-0.06189168288845637,0,-1,0.20874110023732673,1,1,0.9012293005519851,1,1,0.5762246340097594,1,1,0.0
2020-10-05,3.8112302,3.841465,3.7781827,3.8274,166360101.0,TRALT,18.225714285714286,18.14871523809524,18.292690476190476,17.99134619047619,0,0.02061278365910235,0.07222097714029574,0.057643417707527345,0.01584551391829407,0.017866755511791663,17.410428571428575,18.021485714285717,,,58.92748324192565,-0.01878824452584027,-0.15238518538556192,0.13359694085972165,6.3137135079581075,0.09056725000000007,4843406758.25,-0.023880441030464494,0,-1,-0.050817787532006164,0,-1,-0.08329414223755027,0,-1,0.2957882635731828,1,1,0.7746511992475311,1,1,0.4451847206981241,1,1,0.0
2020-10-07,3.7625263,3.7781827,3.7383385,3.7594,69834025.0,TRALT,17.901904761904763,17.916791904761908,17.99134619047619,17.801611904761906,0,-0.017766630088310587,0.03885265833978124,0.05110999273052608,0.016196278881378035,0.01800765009029952,17.45395238095238,17.9938,,,49.8216409036861,0.010332752341749796,-0.11984159784009958,0.13017435018184936,4.768274670456774,0.09039875000000008,4773572733.25,0.008724796510081179,1,0,-0.008086396765441206,0,0,-0.005612597754960813,0,0,0.30175027929988807,1,1,0.7269511092195562,1,1,0.4414002234399106,1,1,0.0
2020-10-08,3.7427917,3.7781827,3.7078693,3.7196,87142815.0,TRALT,17.71238095238095,17.82281761904762,17.99134619047619,17.656520476190476,0,-0.010586795765281876,0.018621973929236146,0.032533866311347914,0.01641823134410032,0.017790339704709335,17.481857142857145,17.96321904761905,,,49.30862018240652,0.017911887562696904,-0.09229090075954029,0.11020278832223719,3.589829281198642,0.09056615714285719,4686429918.25,-0.003790730186041369,0,0,0.023308957952468123,1,1,-0.008818152489514897,0,0,0.367351328099796,1,1,0.681148510592537,1,1,0.41020539842993897,1,1,0.0
2020-10-09,3.7614012,3.787558,3.731307,3.7665,111143206.0,TRALT,17.935714285714287,17.911434285714286,18.035990476190477,17.768128571428573,0,0.012608882675556599,0.005016410064839771,0.04015354450305142,0.016583445673627507,0.017253666509382492,17.51647619047619,17.932866666666666,,,48.78121284185496,0.04146159687563866,-0.0655404012325045,0.10700199810814316,5.934467726058235,0.08939603571428578,4797573124.25,-0.023655913978494758,0,-1,-0.026762246117084887,0,-1,-0.01991238550378338,0,0,0.4810035842293907,1,1,0.6614628965883447,1,1,0.4013540422142572,1,1,0.0
2020-10-12,3.7817922,3.7992768,3.7664638,3.7876,94800166.0,TRALT,18.036190476190477,18.008534285714287,18.091794285714286,17.935541904761905,0,0.005602017788397751,0.009999733340444239,0.04800641930217764,0.016572523680079117,0.01706441878676422,17.557785714285718,17.89492380952381,,,68.34279006065341,0.06745492168159828,-0.038941336649683946,0.10639625833128222,5.899457585416301,0.07717487857142864,4892373290.25,-0.02785405005808428,0,-1,-0.04889639877494989,0,-1,-0.03960291477452749,0,-1,0.48637659731756266,1,1,0.586624775583483,1,1,0.45295173724786153,1,1,0.0
2020-10-13,3.7533386,3.7899015,3.7289634,3.7313,67014337.0,TRALT,17.76809523809524,17.873040952380954,18.047150000000002,17.756968571428573,0,-0.014864294012039259,-0.025108428698333074,0.022470062751760445,0.016914874845727536,0.016973526422639076,17.577309523809525,17.860104761904765,,,62.868970482361355,0.06566483042303517,-0.018020103235140125,0.0836849336581753,4.529919318691178,0.07566812142857149,4825358953.25,-0.001876021761852531,0,0,-0.05904108487658444,0,-1,-0.020100233162704706,0,-1,0.4949749417093239,1,1,0.6231072280438454,1,1,0.43845308605579825,1,1,0.0
2020-10-14,3.7556825,3.7805266,3.7219322,3.7688,104425825.0,TRALT,17.94666666666667,17.88420238095238,18.00250761904762,17.723486666666666,0,0.010050116581352464,0.0025003989998404474,0.015794296803406827,0.016659182827617164,0.017024363672097902,17.591261904761904,17.823495238095237,,,65.07533434907734,0.07775903436093756,0.001135724284075412,0.07662331007686216,4.145020448767545,0.07550067857142863,4929784778.25,-0.03980046699214612,0,-1,-0.07710677138611766,0,-1,-0.04539906601570798,0,-1,0.420399066015708,1,1,0.6952876247081297,1,1,0.4179049034175333,1,1,0.0
2020-10-15,3.732901,3.7734952,3.693807,3.7149,63704233.0,TRALT,17.69,17.77571904761905,17.969024761904762,17.589557142857142,0,-0.014301634472511204,-0.0012635767286803823,-0.012467435802009597,0.016695600508356598,0.017119792203501284,17.580095238095236,17.79135238095238,,,63.07843780767967,0.06587357361681256,0.014083294150622842,0.05179027946618972,1.7334866907656732,0.07767560714285719,4866080545.25,-0.07128051899109,0,-1,-0.04605776736924283,0,-1,-0.06056690624242922,0,-1,0.3943309375757087,1,1,0.647958222294005,1,1,0.40692885407413404,1,1,0.0
2020-10-16,3.7257292,3.7430258,3.7008379,3.7196,65726869.0,TRALT,17.71238095238095,17.74156761904762,17.82393238095238,17.62303761904762,0,0.0012651753748416095,-0.012451878401699368,-0.0025207830517567364,0.01658559577312804,0.016350787502887952,17.577857142857145,17.767466666666667,,,62.05733558178742,0.05759628207141532,0.02278589173478134,0.03481039033663398,-0.7497932064999935,0.0776755928571429,4931807414.25,-0.06680825895257536,0,-1,-0.050408646090977505,0,-1,-0.0422088396601783,0,-1,0.4631411979782776,1,1,0.6068125604903756,1,1,0.3736692117431981,1,1,0.0
2020-10-19,3.7681515,3.810996,3.7383385,3.7477,157592920.0,TRALT,17.846190476190475,17.943578571428574,18.1476,17.801611904761906,0,0.007554575760834625,-0.010534375330024326,-0.009305030532131497,0.016339178662379984,0.016350406869400223,17.56947619047619,17.742685714285713,,,64.50089561960587,0.06112912071357002,0.030454537530539075,0.030674583183030943,-0.06399829337886409,0.07901408571428574,5089400334.25,-0.028150599034074242,0,-1,-0.06129092510072831,0,-1,-0.030632121034234294,0,-1,0.4784267684179633,1,1,0.59724631107079,1,1,0.3145662673106173,1,1,0.0
2020-10-20,3.7402601,3.7570887,3.7219322,3.736,90992507.0,TRALT,17.79047619047619,17.810762380952383,17.890898571428572,17.723486666666666,0,-0.0031219147743948295,0.0012596146115295692,0.03774895141801604,0.011866699614883888,0.016317834018598053,17.60183333333333,17.71366666666667,,,60.1630246271245,0.058755941635901365,0.03611481835161153,0.022641123284289834,-2.3880441030464494,0.07683770000000004,4998407827.25,-0.027596359743040755,0,-1,-0.06086723768736624,0,-1,-0.017558886509635996,0,0,0.4454229122055675,1,1,0.6173179871520342,1,1,0.3525695931477517,1,1,0.0
2020-10-21,3.7959485,3.8250587,3.7500575,3.7922,258823966.0,TRALT,18.058095238095238,18.07594523809524,18.21456523809524,17.85741666666667,0,0.015042826552462474,0.006208872850774538,0.05682356547668799,0.012148040185421791,0.01638234360850445,17.650380952380953,17.69089523809524,,,61.716666666666605,0.07757555793342519,0.04440696626797427,0.03316859166545092,0.8724796510081179,0.0790136928571429,5257231793.25,-0.0166657876694265,0,0,-0.014213385369969744,0,0,-0.039554875797690014,0,-1,0.40050630241021046,1,1,0.6415537155213333,1,1,0.3634301988291757,1,1,0.0
2020-10-22,3.7373538,3.8016205,3.7031817,3.7055,171170232.0,TRALT,17.645238095238096,17.79692285714286,18.102954761904762,17.634198571428573,0,-0.02286271821106478,-0.002530350749683774,0.031971481883755315,0.01343995760862793,0.016624055227932255,17.677714285714288,17.66544761904762,,,46.427362004740964,0.05850174668011121,0.047225922350401656,0.011275824329709555,-0.3790730186041369,0.07298680000000002,5086061561.25,0.027202806638780164,1,1,-0.005046552422075301,0,0,-0.0037781675887194055,0,0,0.4472001079476453,1,1,0.6318985292133315,1,1,0.35358251248144645,1,1,0.0
2020-10-23,3.7059004,3.7289634,3.6703687,3.6774,63442618.0,TRALT,17.51142857142857,17.647144761904762,17.756968571428573,17.477946190476192,0,-0.007583322088786981,-0.011345305946875994,0.03428491070172979,0.013349165578716264,0.016563737399138048,17.706738095238094,17.648485714285716,,,44.10189842609115,0.032216926885102026,0.04422412325734173,-0.012007196372239702,-2.365591397849476,0.06896887142857144,5022618943.25,-0.003181595692608785,0,0,0.0038342307064773706,1,0,0.0038342307064773706,1,0,0.547479197258933,1,1,0.6188611519007996,1,1,0.3817642899874911,1,1,0.0
2020-10-26,3.7314947,3.9258413,3.5859923,3.6821,377513483.0,TRALT,17.533809523809524,17.769022380952382,18.694482380952383,17.07615380952381,0,0.0012780769021591976,-0.017504069162419644,0.029497287927081395,0.013313297003026242,0.016205860599516453,17.731857142857145,17.633752380952384,,,36.63785175648337,0.013041637755463853,0.03798762615696615,-0.0249459884015023,-2.785405005808428,0.0867177285714286,5400132426.25,-0.02164525678281426,0,-1,-0.012085494690529885,0,0,-0.003177534559083095,0,0,0.5404253007794466,1,1,0.5989788435946879,1,1,0.43858124439857704,1,1,0.0
2020-10-27,3.7232914,3.7828705,3.6703687,3.7243,156781524.0,TRALT,17.734761904761903,17.729959047619047,18.013669047619047,17.477946190476192,0,0.011460851144727169,-0.0031316916488224322,0.04333818915284615,0.013465079438299091,0.016096603538313905,17.76869047619048,17.630409523809522,17.0145,0.042332240427982004,46.61131492566127,0.013900029792484503,0.03317010688406982,-0.01927007709158532,-0.1876021761852531,0.08839203571428575,5556913950.25,-0.05727250758531777,0,-1,-0.018258464677926023,0,0,-0.01699648256048103,0,0,0.4285637569476146,1,1,0.5544397604919049,1,1,0.45750879359879737,1,1,0.0
2020-10-28,3.68565,3.733651,3.6164618,3.6188,52631143.0,TRALT,17.232380952380954,17.550714285714285,17.77929047619048,17.22124666666667,0,-0.028327470934135124,-0.04572543642212956,0.0,0.014787554881303013,0.016337648687310337,17.76869047619048,17.608314285714286,17.015280952380955,0.012759119323834556,41.36394790952713,-0.02566181914100696,0.021403721679054466,-0.047065540820061424,-3.980046699214612,0.09174030714285718,5504282807.25,-0.03885265833978113,0,-1,-0.005830662097933037,0,0,0.005830662097932926,1,0,0.5207251022438377,1,1,0.6360119376588924,1,1,0.489637448878081,1,1,0.0
2020-10-30,3.5028346,3.5836484,3.450053,3.4501,176688294.0,TRALT,16.42904761904762,16.680164761904763,17.064992380952383,16.42882380952381,0,-0.04661766331380579,-0.06892457158278231,-0.05518129039325248,0.017921450828735416,0.017087734275723816,17.720714285714287,17.5726,17.012269047619046,-0.034282400950686354,27.573008222285182,-0.12044869809679071,-0.00696676227611457,-0.11348193582067614,-7.128051899109,0.09893952142857142,5327594513.25,0.02715863308309907,1,1,0.011535897510217108,1,0,0.059766383583084615,1,1,0.5679255673748589,1,1,0.6834004811454739,1,1,0.5950842004579577,1,1,1.0
2020-11-02,3.4728343,3.5109913,3.4313023,3.4711,152496299.0,TRALT,16.52904761904762,16.53730619047619,16.719006190476193,16.339534761904762,0,0.006086780093330635,-0.056099418067112494,-0.07380526723056802,0.016729966908483215,0.016963006066664333,17.654857142857143,17.526838095238098,17.00579523809524,-0.028034420759085688,27.562739259889412,-0.1853620796365405,-0.04264582574819976,-0.14271625388834075,-6.680825895257536,0.10228780714285714,5480090812.25,0.01757367981331548,1,0,0.026360519719973663,1,1,0.06957448647402842,1,1,0.6759240586557576,1,1,0.647546887153928,1,1,0.6543170752787302,1,1,1.0
2020-11-03,3.5549135,3.6422431,3.4805222,3.6422,278171334.0,TRALT,17.343809523809522,16.928159523809526,17.344014761904763,16.57391523809524,0,0.049292731410791824,-0.010836207598924563,-0.028772566064905192,0.020504370354987225,0.01816026639117967,17.629166666666666,17.50317142857143,17.00317142857143,0.020033797616466842,44.567735641994844,-0.16911250206261386,-0.06793916101108258,-0.10117334105153128,-2.815059903407424,0.11015959285714286,5758262146.25,-0.03410026906814545,0,-1,-0.0025534017901267525,0,0,0.028334523090439934,1,1,0.5611443632969086,1,1,0.41315688320246036,1,1,0.6628136840371206,1,1,0.0
2020-11-04,3.6272428,3.6680248,3.5719295,3.6329,128579789.0,TRALT,17.29952380952381,17.272584761904763,17.466784761904762,17.009188095238095,0,-0.0025534017901267525,-0.02454152458180059,-0.050817787532006164,0.019847613296650204,0.018116768806789866,17.582857142857144,17.486657142857144,17.001107142857144,0.01755277842549452,41.419371132718716,-0.15798690707378427,-0.08594871022362291,-0.07203819685016136,-2.7596359743040755,0.11283822857142857,5629682357.25,-0.034215089873104065,0,-1,0.010322332021250435,1,0,0.041289328085001076,1,1,0.5986952572325139,1,1,0.4915907401800217,1,1,0.6580417848000224,1,1,1.0
2020-11-05,3.6901033,3.7430258,3.6305244,3.729,188111136.0,TRALT,17.75714285714286,17.571920476190478,17.82393238095238,17.28821142857143,0,0.02645269619312418,0.030452083563612398,-0.008086396765441206,0.02049996783593032,0.018474901935746222,17.57561904761905,17.48107619047619,17.00144285714286,0.04444916859997594,50.84522239539625,-0.11096462905795335,-0.090951893990489,-0.020012735067464343,-1.6665787669426502,0.11518202857142855,5817793493.25,0.0024939662107803517,1,0,-0.023277017967283653,0,-1,0.014454277286135575,1,0,0.5273263609546794,1,1,0.49337624027889504,1,1,0.600241351568785,1,1,0.0
2020-11-06,3.7843707,3.8250587,3.7242754,3.8063,222128871.0,TRALT,18.125238095238096,18.020812857142857,18.21456523809524,17.73464476190476,0,0.020729418074550754,0.103243384249732,0.023308957952468123,0.020858211226658836,0.018601701876272237,17.596261904761906,17.49335238095238,17.005459523809524,0.06584818068931098,54.78107422521234,-0.04349553607432455,-0.08146062240725611,0.037965086332931566,2.7202806638780164,0.11936741428571428,6039922364.25,-0.03139531828810138,0,-1,-0.030160523342878887,0,-1,-0.004912907548012546,0,0,0.5689777474187532,1,1,0.47907416651341195,1,1,0.5505083677061713,1,1,0.0
2020-11-09,3.726057,3.8555279,3.6445873,3.6657,347538629.0,TRALT,17.455714285714286,17.74312857142857,18.359656666666666,17.35517761904762,0,-0.03693875942516356,0.05606291953559395,-0.026762246117084887,0.02234149163968602,0.01882143143844897,17.572261904761906,17.491790476190477,17.005907142857144,0.026450052859783524,45.97723704866563,-0.043548766706440034,-0.07387825126709291,0.030329484560652875,-0.3181595692608785,0.12790631428571425,5692383735.25,0.007038219166871196,1,0,0.007038219166871196,1,0,0.06266197452055522,1,1,0.7582999154322503,1,1,0.4910385465259024,1,1,0.6432059361104292,1,1,0.0
2020-11-10,3.648712,3.7125566,3.602399,3.6024,195885264.0,TRALT,17.154285714285713,17.37481904761905,17.678840952380952,17.154280952380955,0,-0.017268188886160996,-0.010927461424413809,-0.04889639877494989,0.02256362899618636,0.01893614656202744,17.528166666666667,17.475495238095238,17.00601904761905,0.008718481747638895,43.761673515128855,-0.0671397734215553,-0.07253055569798539,0.005390782276430084,-2.164525678281426,0.13326353571428567,5496498471.25,0.009771263602043057,1,0,0.018876304685765177,1,0,0.18931823228958478,1,1,0.7800910504108376,1,1,0.5354485898290031,1,1,0.7046135909393738,1,1,1.0
2020-11-11,3.5580075,3.635212,3.501616,3.511,309085848.0,TRALT,16.719047619047622,16.94289285714286,17.310533333333336,16.674361904761906,0,-0.025371974239395745,-0.0335544606237439,-0.05904108487658444,0.022990818337481244,0.019037579508223254,17.475714285714286,17.458304761904763,17.003061904761907,-0.01670371414896421,37.28752260397833,-0.11957747832080656,-0.08193994022254963,-0.03763753809825693,-5.727250758531777,0.13644477142857142,5187412623.25,0.041384221019652445,1,1,0.042722870976929395,1,1,0.26434064369125587,1,1,0.8250925662204498,1,1,0.538051837083452,1,1,0.735630874394759,1,1,1.0
2020-11-12,3.5182102,3.5813048,3.4711468,3.4782,233099936.0,TRALT,16.562857142857144,16.753381904761905,17.053832380952382,16.529270476190476,0,-0.009342067786955344,-0.06725663716814168,-0.07710677138611766,0.022829301765167228,0.01877432385886433,17.40652380952381,17.442238095238096,17.00116428571429,-0.025781007435205172,39.19779488641765,-0.17175808307107587,-0.09990356879225487,-0.071854514278821,-3.885265833978113,0.13728185714285712,4954312687.25,0.03435685124489685,1,1,0.046489563567362335,1,1,0.2830199528491748,1,1,1.0040250704387326,1,1,0.6037605658099017,1,1,0.7277614858260018,1,1,1.0
2020-11-13,3.522476,3.5648985,3.4828663,3.5438,159165441.0,TRALT,16.875238095238096,16.77369523809524,16.975707142857143,16.58507761904762,0,0.01886033005577592,-0.06896461130231457,-0.04605776736924283,0.02322395019700855,0.018944165400240416,17.365785714285714,17.44112380952381,17.00032619047619,-0.007357982066730662,43.86930983847285,-0.18576368793538833,-0.11707559262088157,-0.06868809531450676,2.715863308309907,0.1392892714285714,5113478128.25,-0.015209661944805108,0,0,0.031745583836559454,1,1,0.25991873130537857,1,1,0.9153451097691743,1,1,0.5978892714035782,1,1,0.6203792539082342,1,1,1.0
2020-11-16,3.5497572,3.5906796,3.5250537,3.5321,199483540.0,TRALT,16.819523809523808,16.903605714285717,17.098474285714286,16.78597,0,-0.0033015407190023494,-0.03644597211992262,-0.050408646090977505,0.023211587820024356,0.018406656513336585,17.321142857142856,17.433761904761905,16.996811904761906,-0.010430667599988452,43.16067846069669,-0.19906421951927555,-0.1334733180005604,-0.06559090151871516,1.757367981331548,0.11970190714285711,4913994588.25,0.008635089606749746,1,0,0.05110274341043586,1,1,0.28931796947991306,1,1,0.8885082528807227,1,1,0.6602587695705109,1,1,0.6655530704113704,1,1,1.0
2020-11-17,3.5264604,3.5602105,3.4922411,3.518,141921071.0,TRALT,16.752380952380953,16.79266857142857,16.953383333333335,16.629719523809527,0,-0.003991959457546379,-0.023428825227625905,-0.06129092510072831,0.023096194146313535,0.018321331818343993,17.26645238095238,17.426390476190477,16.992961904761906,-0.014157682087990509,40.34627983153956,-0.21257245116454726,-0.14929314463335777,-0.06327930653118949,-3.410026906814545,0.11652102142857139,4772073517.25,0.03266060261512216,1,1,0.06463899943149531,1,1,0.28848777714610563,1,1,1.0266628766344512,1,1,0.6802160318362704,1,1,0.6442581011938602,1,1,1.0
2020-11-18,3.5214913,3.5484915,3.50396,3.5086,108886264.0,TRALT,16.707619047619048,16.76900619047619,16.89757857142857,16.68552380952381,0,-0.0026719727117681114,-0.0006835659356310142,-0.06086723768736624,0.023096189707942753,0.018129765782755724,17.212309523809527,17.415895238095242,16.986990476190478,-0.016446199164178443,44.33360756890167,-0.22430409569766852,-0.16429533484621994,-0.06000876085144857,-3.4215089873104065,0.11133118571428567,4663187253.25,0.046115259647722784,1,1,0.07817933078720851,1,1,0.4135267628113777,1,1,0.935900359117597,1,1,0.5764977483896712,1,1,0.5978737958159952,1,1,1.0
2020-11-20,3.7157443,3.8133397,3.5484915,3.7383,971201298.0,TRALT,17.801428571428573,17.694020476190477,18.158760476190476,16.89757857142857,0,0.06546770791768819,0.07478005865102633,-0.014213385369969744,0.02749012400774857,0.020059239263252954,17.19947619047619,17.43129523809524,16.9866,0.04796890321951275,63.94426166053804,-0.1436839224701778,-0.16017305237101154,0.016489129900833732,0.24939662107803517,0.12104495,5634388551.25,-0.025706872107642664,0,-1,0.011930556670143977,1,0,0.30909771821416143,1,1,0.7366984993178716,1,1,0.4495358852954552,1,1,0.502206885482706,1,1,0.0
2020-11-23,3.7404947,3.810996,3.6680248,3.6868,457461000.0,TRALT,17.556190476190476,17.811879523809527,18.1476,17.466784761904762,0,-0.013776315437498465,0.0403521643433602,-0.005046552422075301,0.02717189988386242,0.019778440148754836,17.19502380952381,17.439333333333334,16.98492619047619,0.033633604250491445,60.13723094275776,-0.09844569836540984,-0.1478275815698912,0.049381883204481364,-3.139531828810138,0.12556510714285712,5176927551.25,0.0012748182705870637,1,0,0.02734078333514156,1,1,0.379516111533037,1,1,0.6961050233264618,1,1,0.4227514375610286,1,1,0.5295378105674298,1,1,0.0
2020-11-24,3.73126,3.7805266,3.6680248,3.6915,486110630.0,TRALT,17.57857142857143,17.767904761904763,18.00250761904762,17.466784761904762,0,0.0012748182705870637,0.04512896010871725,0.0038342307064773706,0.027112297602146635,0.019778437238555983,17.19838095238095,17.446038095238094,16.98297380952381,0.03507027836983512,52.74651810584961,-0.0600953818727028,-0.13028114163045354,0.07018575975775074,0.7038219166871196,0.12137644285714282,5663038181.25,0.0,0,0,0.05523499932276854,1,1,0.5110930516050387,1,1,0.6952187457673034,1,1,0.4298252742787483,1,1,0.5123662467831505,1,1,0.0
2020-11-25,3.698166,3.7359946,3.6375554,3.6376,254278315.0,TRALT,17.32190476190476,17.610314285714285,17.79045047619048,17.32169238095238,0,-0.01460111065962355,0.0339965889710061,-0.012085494690529885,0.027321156291349184,0.019601797338687707,17.187785714285717,17.44827619047619,16.98169047619048,0.02003418247384059,50.24944273431695,-0.04983882376353321,-0.11419267805706948,0.06435385429353627,0.9771263602043057,0.12154386428571426,5408759866.25,0.00901693424235761,1,0,0.1778095447547834,1,1,0.5476687926105126,1,1,0.6520508027270728,1,1,0.5128656256872663,1,1,0.5566857268528702,1,1,1.0
2020-11-26,3.6741185,3.7430258,3.6281805,3.6563,229348179.0,TRALT,17.41095238095238,17.49580238095238,17.82393238095238,17.27705,0,0.00514075214427101,0.04209656273157392,-0.018258464677926023,0.027214835726493462,0.01941277669871582,17.17159523809524,17.448942857142857,16.98152380952381,0.0252879880654604,45.79622990632587,-0.034131581289432944,-0.09818045870354218,0.06404887741410924,4.1384221019652445,0.12171128571428569,5638108045.25,0.0012854525066323674,1,0,0.21409621748762397,1,1,0.5256406749993163,1,1,0.6564012799824961,1,1,0.4679594125208546,1,1,0.6064053824904958,1,1,1.0
2020-11-27,3.6553216,3.693807,3.5859923,3.5977,277503683.0,TRALT,17.131904761904764,17.406293333333334,17.589557142857142,17.07615380952381,0,-0.01602713125290578,-0.03761067865072354,-0.005830662097933037,0.02668850485054822,0.019461102077570427,17.16657142857143,17.43822857142857,16.97772857142857,0.009081084659089855,37.6713947990544,-0.04369658222332973,-0.08728368340749969,0.04358710118416996,3.4356851244896847,0.12221352857142853,5360604362.25,0.011729716207576901,1,0,0.24040359118325583,1,1,0.4879506351279985,1,1,0.7759123884704116,1,1,0.4853378547405285,1,1,0.6312644189343191,1,1,1.0
2020-11-30,3.5246322,3.5906796,3.4805222,3.4899,155414253.0,TRALT,16.61857142857143,16.783962857142857,17.098474285714286,16.57391523809524,0,-0.02996358784779174,-0.05340674839969628,0.011535897510217108,0.025383985314560667,0.019577845252035778,17.17604761904762,17.412333333333333,16.973152380952385,-0.020890695165081685,39.190850959173645,-0.09164222969131686,-0.08815539266426312,-0.0034868370270537408,-1.5209661944805108,0.11551618571428571,5205190109.25,0.04768044929654147,1,1,0.27937763259692283,1,1,0.4842259090518355,1,1,0.7542049915470357,1,1,0.4976360354164877,1,1,0.6856929997994214,1,1,1.0
2020-12-01,3.553367,3.5930238,3.513335,3.5626,149812052.0,TRALT,16.964761904761907,16.920795238095238,17.109637142857142,16.73016666666667,0,0.020831542451073215,-0.034918054991195824,0.026360519719973663,0.02575473602413342,0.019666378834754552,17.197833333333335,17.396485714285713,16.970530952380955,-0.0003399450279567562,47.580841235108245,-0.10054579322862978,-0.09063347277713646,-0.009912320451493317,0.8635089606749746,0.11501377142857143,5355002161.25,0.04210408128894616,1,1,0.27827990793240875,1,1,0.5276202773255485,1,1,0.6776230842643012,1,1,0.43420535563913965,1,1,0.689440296412732,1,1,1.0
2020-12-02,3.5999143,3.6375554,3.5602105,3.6329,175207744.0,TRALT,17.29952380952381,17.14244904761905,17.32169238095238,16.953383333333335,0,0.01973277943075269,-0.001292060699362274,-0.0025534017901267525,0.02363544278647818,0.01982362154758162,17.19561904761905,17.3822,16.97019761904762,0.01940614940786234,57.60449157829064,-0.07967104526997915,-0.088440987275705,0.008769942005725853,3.266060261512216,0.1109958357142857,5530209905.25,0.030966996063750862,1,1,0.2477359685100058,1,1,0.5251452008037658,1,1,0.6477194527787717,1,1,0.35610669162377184,1,1,0.6257810564562747,1,1,1.0
2020-12-03,3.680681,3.7242754,3.6328683,3.6704,287898915.0,TRALT,17.47809523809524,17.52705238095238,17.73464476190476,17.29937285714286,0,0.010322332021250435,0.0038563575198973243,0.010322332021250435,0.023733539552529423,0.01984975039685559,17.20454761904762,17.388895238095238,16.971259523809525,0.029864354709481455,61.92011907715205,-0.0481632393733733,-0.08038543769523866,0.03222219832186536,4.611525964772278,0.10965648571428568,5818108820.25,0.030650610287707103,1,1,0.35121512641673935,1,1,0.47125653879686147,1,1,0.6462238448125546,1,1,0.3767436791630341,1,1,0.573425239755885,1,1,1.0
2020-12-04,3.6471653,3.6844313,3.6305244,3.6422,118239432.0,TRALT,17.343809523809522,17.367453809523813,17.544910952380953,17.28821142857143,0,-0.00768308631211867,0.012369013536425832,-0.023277017967283653,0.023006254126927722,0.019815294207456167,17.183880952380953,17.39402857142857,16.971259523809525,0.02195181798247403,56.399583766909416,-0.03364101835040856,-0.07103655382627265,0.03739553547586409,-2.5706872107642664,0.10731422857142855,5699869388.25,0.0386304980506289,1,1,0.34363846027126477,1,1,0.4581846136950196,1,1,0.7091592993245843,1,1,0.4195815715776181,1,1,0.6010378342759872,1,1,1.0
2020-12-07,3.6607122,3.7383385,3.5977113,3.6915,209123864.0,TRALT,17.57857142857143,17.431962857142857,17.801611904761906,17.131958571428573,0,0.013535775080995238,0.0577666981861944,-0.030160523342878887,0.022704072783452618,0.01986836211760506,17.156547619047622,17.40362857142857,16.97533333333333,0.03553615610325367,59.88343253968254,-0.0031523910340247596,-0.057459721267823075,0.054307330233798315,0.12748182705870637,0.11267146428571426,5908993252.25,0.02603277800352166,1,1,0.3777597182717054,1,1,0.4526886089665447,1,1,0.6380874983069211,1,1,0.35871596911824444,1,1,0.6076120818095625,1,1,1.0
2020-12-08,3.7028537,3.731307,3.6727126,3.6915,181796687.0,TRALT,17.57857142857143,17.632636666666667,17.768128571428573,17.48910761904762,0,0.0,0.03618144052096772,0.007038219166871196,0.02109692576511949,0.01985933594555018,17.162690476190477,17.416580952380954,16.97840238095238,0.03534897066006404,60.94913542849926,0.020770634823929157,-0.041813650049472635,0.06258428487340179,0.0,0.1120018214285714,5908993252.25,0.05523499932276854,1,1,0.5110930516050387,1,1,0.5415684681023973,1,1,0.6126777732629012,1,1,0.3764865230935932,1,1,0.5682513883245295,1,1,1.0
2020-12-09,3.6940877,3.7406824,3.6516182,3.6704,246147364.0,TRALT,17.47809523809524,17.59089380952381,17.812773333333332,17.388658095238096,0,-0.0057158336719490555,0.010322332021250435,0.018876304685765177,0.020738258804587347,0.019873236925857175,17.178880952380954,17.425514285714286,16.98147142857143,0.0292450399020332,60.06218905472636,0.03126184917808317,-0.027198550203961475,0.05846039938204464,0.901693424235761,0.11518272857142854,5662845888.25,0.16728421970357443,1,1,0.5338382737576286,1,1,0.545335658238884,1,1,0.6040758500435919,1,1,0.44316695727986044,1,1,0.5402136006974716,1,1,1.0
2020-12-10,3.6812904,3.7031817,3.65865,3.661,144412780.0,TRALT,17.433333333333334,17.529954285714286,17.634198571428573,17.42214285714286,0,-0.0025610287707061863,-0.0025610287707061863,0.042722870976929395,0.01981016722806772,0.019839212902342782,17.21459523809524,17.43421904761905,16.981583333333337,0.026602348622772443,43.378447832790805,0.03555445093690324,-0.014647949975788534,0.05020240091269177,0.12854525066323674,0.09659644285714279,5518433108.25,0.21253755804425012,1,1,0.5236820540835838,1,1,0.45326413548210875,1,1,0.5813165801693527,1,1,0.4827096421742696,1,1,0.5467358645178915,1,1,1.0
2020-12-11,3.633665,3.665681,3.6000552,3.6399,96231345.0,TRALT,17.332857142857144,17.30316666666667,17.45562380952381,17.14312,0,-0.005763452608576913,-0.0006314864642247286,0.046489563567362335,0.019715637713497387,0.01973530418236152,17.253095238095238,17.436228571428572,16.981359523809523,0.020699026986313207,45.76179287908912,0.030497226853128723,-0.005618914610005083,0.036116141463133807,1.1729716207576901,0.0910717714285714,5422201763.25,0.22602269293112442,1,1,0.4706997444984753,1,1,0.5119096678480177,1,1,0.6265282013242122,1,1,0.481002225335861,1,1,0.5634220720349459,1,1,1.0
2020-12-14,3.6583686,3.6867754,3.6398995,3.6563,113365064.0,TRALT,17.41095238095238,17.42080285714286,17.556073333333334,17.332854761904763,0,0.0045056182862166505,-0.009535419206284756,0.031745583836559454,0.01934479567866089,0.019659152053508936,17.279880952380953,17.43667619047619,16.979126190476194,0.02543276877925571,46.88495575221238,0.03241728707027036,0.0019883257260500066,0.030428961344220355,4.768044929654147,0.08638420714285713,5535566827.25,0.22115253124743606,1,1,0.41667806252222195,1,1,0.4795011350272136,1,1,0.5884637475043075,1,1,0.5051281349998633,1,1,0.5666657549982224,1,1,1.0
2020-12-15,3.6923063,3.7172446,3.6516182,3.7126,179420452.0,TRALT,17.67904761904762,17.58241095238095,17.701164761904764,17.388658095238096,0,0.015398080026256089,0.005715833671948944,0.05110274341043586,0.019539338120120268,0.019730197274876845,17.322857142857146,17.433333333333334,16.978233333333336,0.041277220777639734,56.60909411350017,0.05493869470018353,0.012578399520876712,0.04236029517930682,4.210408128894616,0.08404043571428568,5714987279.25,0.22663362603027526,1,1,0.4658999084199753,1,1,0.5669072886925608,1,1,0.5403760168076281,1,1,0.5467058126380435,1,1,0.5378710337768682,1,1,1.0
2020-12-16,3.7908397,3.853184,3.7266195,3.7454,377592836.0,TRALT,17.835238095238097,18.05161761904762,18.34849523809524,17.745807142857142,0,0.008834778861175563,0.02043374019180466,0.06463899943149531,0.019519566853008097,0.019674245727516984,17.377000000000002,17.432885714285714,16.97589047619048,0.050621651939431134,57.661220980223575,0.08441722932342799,0.026946165481386966,0.05747106384204102,3.0966996063750862,0.08587891428571427,6092580115.25,0.21025791637742275,1,1,0.479334650504619,1,1,0.5181289047898754,1,1,0.3742190420248839,1,1,0.6169968494686815,1,1,0.5006140866129116,1,1,1.0
2020-12-17,3.8014803,3.841465,3.7617762,3.7829,267616101.0,TRALT,18.013809523809524,18.102287142857143,18.292690476190476,17.91322,0,0.0100122817322581,0.0332969134116361,0.07817933078720851,0.01952090116285894,0.018659825063620787,17.442309523809524,17.42864761904762,16.97862619047619,0.060969793534532135,66.5239114917915,0.12079594187071407,0.04571612075925239,0.07507982111146169,3.0650610287707103,0.08503964999999998,6360196216.25,0.31103121943482526,1,1,0.42750270956144765,1,1,0.5353036030558567,1,1,0.4324460070316425,1,1,0.5922969150651618,1,1,0.44608633587988056,1,1,1.0
2020-12-21,3.7857766,3.8438087,3.74537,3.7829,293492564.0,TRALT,18.013809523809524,18.027507619047622,18.30385095238095,17.83509523809524,0,0.0,0.03928679359323062,0.011930556670143977,0.013092564126270996,0.018651897622923665,17.452928571428572,17.430885714285715,16.97684047619048,0.06108139197475326,82.36853733981432,0.14792119025538852,0.06615713465847962,0.0817640555969089,3.8630498050628903,0.08370114285714281,6360196216.25,0.29366359142456844,1,1,0.4039493510269898,1,1,0.505564513997198,1,1,0.4720981257765209,1,1,0.5774405879087474,1,1,0.4522720664040818,1,1,1.0
2020-12-22,3.8462932,3.9399042,3.7524014,3.7876,563154288.0,TRALT,18.036190476190477,18.315681904761906,18.761448571428573,17.868578095238096,0,0.0012424330540061757,0.035910620025709106,0.02734078333514156,0.012643069627074564,0.01865184562188496,17.476928571428573,17.437361904761907,16.972766666666665,0.06265471212847706,79.25117004680178,0.16927282903439433,0.08678027353366258,0.08249255550073176,2.603277800352166,0.08972821428571422,6923350504.25,0.34280283028830927,1,1,0.4158306051325378,1,1,0.5767240468898511,1,1,0.48637659731756266,1,1,0.5581634808321894,1,1,0.44922906325905587,1,1,1.0
2020-12-23,3.8641527,3.9047475,3.7969334,3.8954,373174283.0,TRALT,18.54952380952381,18.400727142857143,18.594035714285717,18.080635238095237,0,0.028461294751293664,0.04923773097020945,0.05523499932276854,0.014013221287516905,0.018926260386428296,17.52547619047619,17.449638095238097,16.97354761904762,0.09284895685022487,81.094527363184,0.22502195348289078,0.11442860952350822,0.11059334395938256,5.523499932276854,0.09257125714285709,7296524787.25,0.4319967140730092,1,1,0.46087693176567246,1,1,0.6546182677003647,1,1,0.4031164963803462,1,1,0.546311033526724,1,1,0.42598962879293545,1,1,1.0
2020-12-24,4.1023283,4.284441,3.8906846,4.2844,1151812076.0,TRALT,20.40190476190476,19.53489666666667,20.4021,18.527069523809526,0,0.09986137495507519,0.14390986276499151,0.1778095447547834,0.02533717038042262,0.022775646343699024,17.67947619047619,17.49695238095238,16.984261904761905,0.2012241024253545,89.6845915201654,0.4139039707936334,0.17432368177753327,0.23958028901610012,16.728421970357445,0.11416763571428569,8448336863.25,0.31402296704322685,1,1,0.32387265428064627,1,1,0.4967323312482499,1,1,0.2910325833255534,1,1,0.43326953599103746,1,1,0.23415180655401024,1,1,1.0
2020-12-25,4.4654746,4.6875715,4.2938156,4.4391,2342407918.0,TRALT,21.138571428571428,21.264164761904762,22.321769047619046,20.446740952380953,0,0.036107739706843445,0.17346480213592752,0.21409621748762397,0.026056533850455105,0.023154756989497798,17.865857142857145,17.564361904761906,17.00094761904762,0.2433760695132121,94.26730363292968,0.6159370350214068,0.26264635242630796,0.3532906825950989,21.253755804425012,0.13911510714285713,10790744781.25,0.2566060687977294,1,1,0.19853123380865512,1,1,0.4435133247730396,1,1,0.21648532360163109,1,1,0.372755738775878,1,1,0.176364578405533,1,1,1.0
2020-12-28,4.4888186,4.584445,4.3758483,4.4626,1540946497.0,TRALT,21.250476190476192,21.37532666666667,21.830690476190476,20.83737285714286,0,0.005293865873713166,0.1796769674059584,0.24040359118325583,0.025360049099420502,0.02311923876343008,18.071785714285717,17.630438095238095,17.025726190476192,0.24813919551714814,94.09813565137824,0.7761326984284871,0.36534362162674383,0.41078907680174326,22.602269293112442,0.14397007142857138,12331691278.25,0.19956975754044737,1,1,0.23318244969300395,1,1,0.5619593958678795,1,1,0.24998879576928235,1,1,0.34663648993860074,1,1,0.15860709003719808,1,1,1.0
2020-12-29,4.480756,4.6875715,4.366473,4.4649,1040475021.0,TRALT,21.261428571428574,21.336933333333334,22.321769047619046,20.792728571428572,0,0.0005153946130058706,0.1788203611785828,0.27937763259692283,0.02361700603527819,0.023112315700165195,18.30392857142857,17.701866666666668,17.050390476190476,0.24697605026222025,94.113620807666,0.8936709984566953,0.47100909699273413,0.42266190146396115,22.115253124743607,0.1627203642857142,13372166299.25,0.16011556809782967,1,1,0.21156128916661077,1,1,0.5202132186611119,1,1,0.26824788909046116,1,1,0.28609823288315517,1,1,0.12860310421286036,1,1,1.0
2020-12-30,4.57432,4.715697,4.4320993,4.554,1751969141.0,TRALT,21.685714285714287,21.782476190476192,22.4557,21.10523476190476,0,0.0199556541019954,0.16907121219900412,0.27827990793240875,0.023601836600676034,0.023020810539053686,18.539976190476192,17.781333333333336,17.076004761904763,0.26995246183659005,96.77112005081516,1.0094212791231563,0.5786915334188185,0.43072974570433775,22.663362603027526,0.1766156142857142,15124135440.25,0.1950592885375495,1,1,0.27740447957839276,1,1,0.46473429951690814,1,1,0.28770311813790084,1,1,0.2918093983311376,1,1,0.11578831796223099,1,1,1.0
2020-12-31,4.567429,4.6336646,4.5235066,4.5329,543039339.0,TRALT,21.585238095238093,21.749661904761904,22.065069523809527,21.54050761904762,0,-0.004633289415898245,0.058001120343571966,0.2477359685100058,0.023842076954354738,0.023042001863447317,18.754261904761904,17.856114285714288,17.102009523809524,0.2621463030521056,95.58715884136772,1.0805902498737332,0.6790712767098015,0.4015189731639317,21.025791637742273,0.18130320714285708,14581096101.25,0.2223300756689981,1,1,0.25438461029363113,1,1,0.5729003507688237,1,1,0.3040217079573784,1,1,0.2761146286042051,1,1,0.0837653599241106,1,1,1.0
2021-01-05,5.0815153,5.306331,4.8422623,4.9595,1837424014.0,TRALT,23.616666666666667,24.197691904761907,25.26824285714286,23.058391904761905,0,0.09411193717046484,0.1172309702417158,0.35121512641673935,0.03016805069087585,0.025764418783207947,19.06119047619048,17.972638095238096,17.137892857142855,0.37803794571066773,98.45058011455423,1.2860862782410045,0.8004742770160422,0.4856120012249623,31.103121943482527,0.23186072142857136,16418520115.25,0.08883960076620645,1,1,0.17106563161609034,1,1,0.3695533823974193,1,1,0.11529388043149513,1,1,0.1304163726182075,1,1,0.0018751890311523578,1,0,1.0
2021-01-06,4.954669,5.109453,4.856324,4.8938,688116946.0,TRALT,23.303809523809523,23.593661904761905,24.330728571428573,23.125352380952382,0,-0.013247303155560108,0.09662528570788309,0.34363846027126477,0.030418434106447463,0.025704324361738713,19.359190476190474,18.07755238095238,17.170704761904762,0.35718421852501825,93.84877046275949,1.4074739212268632,0.9218742058582065,0.48559971536865676,29.366359142456844,0.24659308571428568,15730403169.25,0.08525072540765866,1,1,0.16379909272957627,1,1,0.3266377865871104,1,1,0.1072785974089665,1,1,0.14751317994196755,1,1,0.03641342106338641,1,1,1.0
2021-01-07,5.0123267,5.1328907,4.856324,5.086,1123306055.0,TRALT,24.219047619047622,23.868222380952382,24.442336666666666,23.125352380952382,0,0.03927418366095892,0.13910725884118347,0.3777597182717054,0.030880998412781666,0.026005300039098515,19.691214285714285,18.209028571428572,17.214064285714286,0.4069337268100406,94.38914027149316,1.559549057417378,1.0494091761700408,0.5101398812473372,34.28028302883093,0.26166025,16853709224.25,0.05438458513566635,1,1,0.1742036964215492,1,1,0.2294927251278016,1,1,0.03134093590247722,1,1,0.10874950845458109,1,1,-0.022119543845851464,0,-1,1.0
2021-01-08,5.4036922,5.592273,5.025077,5.5782,2597122150.0,TRALT,26.562857142857144,25.73186761904762,26.629871428571427,23.928938095238095,0,0.0967754620526935,0.22490118577075102,0.5110930516050387,0.03539752181406939,0.028539073822087417,20.140428571428572,18.39005714285714,17.27377380952381,0.5377564529768153,95.67384370015945,1.8478941653643552,1.2091061740089037,0.6387879913554515,43.19967140730092,0.2921325357142857,19450831374.25,0.020167796063246257,1,1,0.15546233552041877,1,1,0.12184934208167508,1,1,-0.053780789501989945,0,-1,0.0008425657021977617,1,0,-0.1142841776917286,0,-1,0.0
2021-01-11,5.720666,6.0235295,5.493834,5.6298,3596926099.0,TRALT,26.80857142857143,27.241266666666665,28.68347380952381,26.161114285714284,0,0.009250295794342334,0.24198636634384174,0.5338382737576286,0.034948994227551856,0.028540030935681603,20.606952380952382,18.57555238095238,17.33571666666667,0.5464357167373,95.70403365503584,2.0723480913585455,1.3817545574788321,0.6905935338797133,31.402296704322687,0.32310614285714284,23047757473.25,0.007495825784219701,1,0,0.13904579203524126,1,1,0.06744466943763539,1,1,-0.022487477352659102,0,-1,0.005826139472094871,1,0,-0.13572418203133318,0,-1,0.0
2021-01-12,5.667837,5.7750883,5.5407095,5.5782,1395480177.0,TRALT,26.562857142857144,26.9897,27.500420476190477,26.384330952380953,0,-0.00916551209634442,0.12475047887891932,0.5236820540835838,0.03522507946027536,0.028475393758950085,21.06342857142857,18.75211428571429,17.40212380952381,0.526414674070981,93.32078567636694,2.2049846648142903,1.5464005789459239,0.6585840858683665,25.660606879772942,0.3328161500000001,21652277296.25,-0.046215625112043246,0,-1,0.14873973683266994,1,1,0.08570865153633789,1,1,-0.037807895019898896,0,-1,0.05293822379979196,1,1,-0.11932164497508158,0,-1,0.0
2021-01-13,5.500772,5.71415,5.339144,5.3532,1371134061.0,TRALT,25.491428571428575,26.194152380952385,27.210238095238097,25.42449523809524,0,-0.04033559212649229,0.09387388123748441,0.4706997444984753,0.037430200709771586,0.02912280886407758,21.471357142857144,18.91729523809524,17.4615,0.45986476370464,84.1476182167161,2.198304092281738,1.6767812816130867,0.5215228106686514,19.956975754044738,0.3462092357142858,20281143235.25,0.0280206231786595,1,1,0.30209967869685395,1,1,0.19352910408727464,1,1,-0.0017559590525294544,0,0,0.0963162220727789,1,1,-0.08757378764103718,0,-1,1.0
2021-01-14,5.3233,5.456333,5.1797667,5.1798,1342787622.0,TRALT,24.665714285714287,25.349047619047617,25.982538095238095,24.665555714285716,0,-0.03239184039453047,0.018442784113251953,0.41667806252222195,0.039111394867999104,0.02943140093953323,21.834095238095237,19.082028571428573,17.523554761904762,0.40757481120989136,77.23494486853264,2.10214918112624,1.7618548615157175,0.3402943196105226,16.011556809782967,0.3575962928571429,18938355613.25,0.04434534151897762,1,1,0.3103980848681416,1,1,0.18189891501602373,1,1,0.009035097880227161,1,0,0.13573883161512046,1,1,-0.033495501756824586,0,-1,1.0
2021-01-15,5.346597,5.5313344,5.100078,5.4423,2060992555.0,TRALT,25.915714285714287,25.459985714285715,26.339687619047623,24.286085714285715,0,0.050677632341016965,-0.024362697644401354,0.4658999084199753,0.03976534804365532,0.029983702882007218,22.24592857142857,19.269761904761904,17.594259523809523,0.4729641932724542,75.94443199641496,2.102573120464509,1.829998513305476,0.27257460715903314,19.505928853754952,0.36027486428571426,20999348168.25,0.06890469103136554,1,1,0.2256582694816529,1,1,0.09819377836576448,1,1,-0.061150616467302576,0,-1,0.10592947834555244,1,1,-0.09819377836576448,0,-1,1.0
2021-01-18,5.5582414,5.653211,5.470396,5.5407,1645962701.0,TRALT,26.384285714285717,26.467816190476192,26.92005238095238,26.049504761904764,0,0.01808059092663039,-0.015826494724501705,0.479334650504619,0.0396820040288654,0.030019012794975774,22.673380952380953,19.45057142857143,17.668814285714287,0.4932686080479165,75.32180948878263,2.116323236806867,1.8872634580057543,0.2290597788011126,22.233007566899808,0.34654197142857146,22645310869.25,0.026224123305719438,1,1,0.28680491634631,1,1,0.08036890645586281,1,1,-0.11083437110834382,0,-1,0.06598444239897483,1,1,-0.1032180049452236,0,-1,1.0
2021-01-19,5.544179,5.653211,5.3907075,5.4001,1130525300.0,TRALT,25.714761904761907,26.40085238095238,26.92005238095238,25.670035714285717,0,-0.0253758550363673,-0.03192786203434794,0.42750270956144765,0.0409428423275901,0.030282111120329476,23.05842857142857,19.618876190476193,17.739407142857143,0.44958406431953835,70.44889412380577,2.049569169514143,1.9197246003074322,0.12984456920671095,8.883960076620646,0.35039245714285716,21514785569.25,0.07551712005333222,1,1,0.2578100405548045,1,1,0.11892372363474757,1,1,-0.06423955111942381,0,-1,0.06944315846002858,1,1,-0.04948056517471899,0,-1,1.0
2021-01-21,5.359066,5.4235206,5.306331,5.311,764905633.0,TRALT,25.29047619047619,25.519361904761908,25.82628857142857,25.26824285714286,0,-0.016499694450102798,-0.007883135320929657,0.4039493510269898,0.0415023673193424,0.03040653557583486,23.422261904761903,19.76954285714286,17.80826904761905,0.42015353220741614,67.78193434492033,1.9400659068829285,1.9237928616225315,0.016273045260396968,8.525072540765866,0.33582753571428575,20749879936.25,0.07237808322349837,1,1,0.2224251553379779,1,1,0.17211447938241387,1,1,-0.02647335718320465,0,-1,0.09796648465449076,1,1,-0.049425720203351564,0,-1,1.0
2021-01-22,5.3971295,5.503209,5.306331,5.3626,1138972798.0,TRALT,25.536190476190477,25.70061666666667,26.205757142857145,25.26824285714286,0,0.009715684428544424,0.03529093787404913,0.4158306051325378,0.04136642230226472,0.03017107393097098,23.797261904761903,19.917761904761907,17.875514285714285,0.42855696725875103,67.26597198496752,1.8517648788170717,1.9093872650614396,-0.057622386244367885,5.438458513566635,0.32963327142857146,21888852734.25,0.11363890650057806,1,1,0.16607615708797963,1,1,0.12762465968000591,1,1,-0.06468877037258047,0,-1,0.10664602991086403,1,1,-0.06992876589713959,0,-1,1.0
2021-01-25,5.6186643,5.7891507,5.437583,5.6907,2535876041.0,TRALT,27.09857142857143,26.755544285714286,27.56738428571429,25.893252380952383,0,0.06118300824227063,0.04564246733917643,0.46087693176567246,0.042422181567711666,0.030919454174545943,24.224714285714285,20.110619047619046,17.944545238095237,0.510128625106794,71.85683002340859,1.8861148059774386,1.9047327732446395,-0.018617967267200886,2.0167796063246257,0.35223275000000015,24424728775.25,0.13261988859015594,1,1,0.09967139367740363,1,1,0.04612789287785324,1,1,-0.10708700159910034,0,-1,0.017308942660832605,1,0,-0.12931625283357062,0,-1,0.0
2021-01-26,5.6939936,5.812589,5.6063356,5.672,1515642581.0,TRALT,27.00952380952381,27.11425523809524,27.67899523809524,26.696836190476194,0,-0.0032860632259651412,0.02369736675871259,0.32387265428064627,0.03826286583547823,0.03094127813732569,24.55509523809524,20.30772380952381,18.00995,0.49970009964068796,65.89904940420402,1.8844294424784565,1.900672107091403,-0.016242664612946545,0.7495825784219701,0.31172006428571436,22909086194.25,0.13057122708039515,1,1,0.05950282087447101,1,1,0.038011283497884296,1,1,-0.06611424541607891,0,-1,-0.0033145275035260102,0,0,-0.15042313117066286,0,-1,0.0
2021-01-27,5.497115,5.71415,5.296956,5.3204,1268166886.0,TRALT,25.335238095238097,26.176738095238097,27.210238095238097,25.2236,0,-0.06198871650211557,-0.014758985944704817,0.19853123380865512,0.04153520662775137,0.03221603278526752,24.764928571428573,20.480047619047618,18.06301904761905,0.4026026340584312,58.442175255283786,1.728072768027932,1.8661522392787089,-0.1380794712507769,-4.621562511204324,0.3234389928571429,21640919308.25,0.2044019246673181,1,1,0.1383166679197052,1,1,0.08811367566348394,1,1,0.020261634463574207,1,1,0.06431847229531606,1,1,-0.07841515675513122,0,-1,1.0
2021-01-28,5.322503,5.503209,5.1657043,5.5032,1667896512.0,TRALT,26.205714285714286,25.345252380952385,26.205757142857145,24.598591904761903,0,0.03435831892338914,0.036189041611749184,0.23318244969300395,0.041872810051750226,0.03208494600714909,25.01269047619048,20.67290476190476,18.124961904761907,0.4458355511814538,58.28698553948831,1.6553176591599197,1.823985323254951,-0.1686676640950313,2.80206231786595,0.32779170714285716,23308815820.25,0.26660851868004065,1,1,0.16099723797063525,1,1,0.07581043756359951,1,1,-0.02044265154819014,0,-1,0.034071085913650156,1,1,-0.11669574065997967,0,-1,1.0
2021-01-29,5.4526772,5.5453973,5.371957,5.4095,1505564692.0,TRALT,25.759523809523813,25.965129523809527,26.406653809523814,25.58074761904762,0,-0.017026457333914724,0.008745757654869069,0.21156128916661077,0.04229328424328232,0.031460264640782866,25.23759523809524,20.850590476190476,18.184785714285717,0.41654260953361066,46.01878510407326,1.5438582320696739,1.7679599050178956,-0.2241016729482217,4.434534151897762,0.29966630000000005,21803251128.25,0.254755522691561,1,1,0.13171272760883612,1,1,0.07364821147980383,1,1,0.01732137905536546,1,0,0.05891487198447165,1,1,-0.08753119511969687,0,-1,1.0
2021-02-01,5.699993,5.8594646,5.428208,5.8173,2172356860.0,TRALT,27.701428571428576,27.14282380952381,27.90221238095238,25.84860952380952,0,0.07538589518439776,0.022246823765090573,0.27740447957839276,0.04469546447304131,0.03263891449539261,25.538380952380955,21.068228571428573,18.25482142857143,0.5174855957819364,53.7880318396703,1.5938484256743344,1.7331376091491835,-0.1392891834748491,6.890469103136554,0.2939712357142857,23975607988.25,0.14664878895707623,1,1,0.02740102796830146,1,1,-0.016932253794715857,0,0,-0.012892579031509532,0,0,-0.01853093359462299,0,0,-0.14745672390971765,0,-1,1.0
2021-02-02,5.783057,5.925091,5.6578994,5.686,1508519091.0,TRALT,27.076190476190476,27.53836666666667,28.21471904761905,26.942378095238094,0,-0.022570608357829425,0.0024682651622003338,0.25438461029363113,0.04524958657019069,0.03245902143837403,25.812928571428575,21.274704761904765,18.324297619047616,0.4776113682003016,52.10991936115243,1.564974473742481,1.699504982067843,-0.13453050832536184,2.622412330571944,0.29631500714285713,22467088897.25,0.2539219134716848,1,1,0.05276116778051354,1,1,-0.09479423144565591,0,-1,0.06512486809708062,1,1,-0.011537108688005615,0,0,-0.14344002813928936,0,-1,1.0
2021-02-03,5.7921515,5.854777,5.71415,5.8079,1439898518.0,TRALT,27.656666666666666,27.58167380952381,27.87989047619048,27.210238095238097,0,0.02143862117481543,0.09162844898879774,0.17106563161609034,0.0410621815652775,0.03247514990949618,26.014928571428573,21.493685714285718,18.39567142857143,0.5034333905155224,59.27391393024678,1.570823757665849,1.6737687371874443,-0.10294497952159531,7.551712005333222,0.28158436428571426,23906987415.25,0.16949327639938727,1,1,0.04035882160505522,1,1,-0.06699495514729925,0,-1,0.037121851271544104,1,1,-0.05811050465744938,0,-1,-0.146886137846726,0,-1,1.0
2021-02-04,5.7826824,5.854777,5.6907125,5.6954,706006111.0,TRALT,27.12095238095238,27.536582857142857,27.87989047619048,27.098630952380955,0,-0.01937016821914972,0.03492513446721901,0.16379909272957627,0.04125688613920354,0.03258096377814175,26.205785714285717,21.680076190476193,18.464814285714287,0.4687909643334516,60.783903622521535,1.5147703617919568,1.641969062108347,-0.12719870031639013,7.237808322349837,0.27354852142857145,23200981304.25,0.1399199353864522,1,1,0.09300488113214178,1,1,-0.02222846507707965,0,-1,0.047740281630789694,1,1,-0.03539698704217431,0,-1,-0.125100958668399,0,-1,1.0
2021-02-05,5.95031,6.140719,5.7329006,5.972,3002525243.0,TRALT,28.43809523809524,28.334809523809525,29.241519047619047,27.299526666666665,0,0.04856550900726897,0.10398373232276548,0.1742036964215492,0.04167297423797208,0.03296711382556895,26.4167380952381,21.897714285714287,18.53680238095238,0.534142440193299,61.013847881232586,1.5586627683090803,1.6253078033484938,-0.06664503503941344,11.363890650057806,0.2745529928571428,26203506547.25,0.047086403215003125,1,1,0.012558606831881924,1,0,-0.05730073677160086,0,-1,-0.011771600803750837,0,0,-0.08086068318821171,0,-1,-0.16249162759544544,0,-1,1.0
2021-02-09,6.550225,6.8016667,6.3047843,6.4454,5077442300.0,TRALT,30.692380952380955,31.191547619047622,32.38888904761905,30.022782380952382,0,0.07926992632284002,0.10797105186254785,0.15546233552041877,0.03987453476902353,0.03368474182477297,26.62321428571429,22.15999047619048,18.619838095238098,0.6483699157529372,66.27333884951614,1.7551179270525985,1.6512698280893148,0.10384809896328373,13.261988859015595,0.3187498285714286,31280948847.25,-0.029090514165140968,0,-1,-0.0763645390511063,0,-1,-0.15199987588047292,0,-1,-0.06545753560678924,0,-1,-0.13817606354919787,0,-1,-0.2458187234306637,0,-1,1.0
2021-02-10,6.4586773,6.632914,6.323534,6.4126,2594950236.0,TRALT,30.53619047619048,30.75560619047619,31.585304761904766,30.11206666666667,0,-0.005088900611288638,0.12778754836440398,0.13904579203524126,0.03997956416803137,0.03355412905845499,26.809595238095238,22.424276190476192,18.701590476190475,0.6328124880644226,68.94719113739288,1.87657480344269,1.6963308231599898,0.18024398028270006,13.057122708039515,0.32209815,28685998611.25,-0.06286061815800159,0,-1,-0.08187006830302856,0,-1,-0.13743255465801707,0,-1,-0.04240089823160664,0,-1,-0.17543586064934658,0,-1,-0.24196113900757887,0,-1,1.0
2021-02-11,6.437723,6.5297875,6.328222,6.4079,1955922329.0,TRALT,30.513809523809524,30.65582380952381,31.094226190476192,30.13439047619048,0,-0.0007329320400463191,0.10330756383546547,0.14873973683266994,0.039841239337443296,0.03326095965516556,27.007142857142856,22.686333333333334,18.78044285714286,0.6247651749172707,71.19613526570048,1.9485624818667304,1.746777154901338,0.20178532696539242,20.44019246673181,0.32812500000000006,26730076282.25,-0.05486977012749883,0,-1,-0.09655269276986211,0,-1,-0.1572746141481608,0,-1,-0.04901761887669909,0,-1,-0.1850684311552926,0,-1,-0.2436055493999595,0,-1,1.0
2021-02-15,6.9371843,7.2751107,6.7172904,6.9704,4993570362.0,TRALT,33.19238095238095,33.03421095238095,34.64338428571428,31.987097142857145,0,0.0877822687619969,0.22386487340660866,0.30209967869685395,0.041954924400740355,0.03460976773171643,27.39219047619048,23.00754285714286,18.87274285714286,0.7587470567278176,75.94564936741543,2.196432458046626,1.8367082155303958,0.35972424251623036,26.660851868004066,0.37600590714285725,31723646644.25,-0.0833811545965798,0,-1,-0.15063697922644315,0,-1,-0.1997302880752897,0,-1,-0.1378543555606564,0,-1,-0.2582348215310455,0,-1,-0.2911884540342018,0,-1,0.0
2021-02-16,6.9633884,7.106359,6.66104,6.7876,3273080947.0,TRALT,32.32190476190476,33.158992380952384,33.839804761904766,31.719238095238097,0,-0.026225180764375078,0.13657066309444055,0.3103980848681416,0.04161651222694614,0.034950998749820605,27.775,23.321609523809524,18.959407142857145,0.7047951192968533,68.57200907520911,2.2961623164054608,1.928599035705409,0.36756328070005173,25.475552269156097,0.3773465000000001,28450565697.25,-0.09806117036949735,0,-1,-0.1443367316871943,0,-1,-0.1657434144616653,0,-1,-0.15400141434380332,0,-1,-0.25760209794330824,0,-1,-0.27209912192822205,0,-1,0.0
2021-02-17,6.7993693,6.9282312,6.632914,6.6704,2008977109.0,TRALT,31.763809523809524,32.37794904761905,32.991577142857146,31.585304761904766,0,-0.017266780599917486,0.03490861699816916,0.2256582694816529,0.041272288319351084,0.035097249538372316,28.06740476190476,23.61759047619048,19.036192857142858,0.6686009519960785,66.35863153755407,2.3036107355404845,2.0036013756724245,0.30000935986806,14.664878895707623,0.38370820000000005,26441588588.25,-0.10399676181338446,0,-1,-0.14266011033821058,0,-1,-0.12086231710242257,0,-1,-0.11805888702326683,0,-1,-0.23823159030942676,0,-1,-0.26914427920364603,0,-1,0.0
2021-02-18,6.8922772,7.134484,6.665727,7.1298,2871847688.0,TRALT,33.95142857142857,32.820367619047616,33.973733333333335,31.741557142857147,0,0.06887143199808099,0.11184231045129889,0.28680491634631,0.04324522875339372,0.03581451170047953,28.445761904761902,23.950628571428574,19.127711904761906,0.7749864040442942,78.63518389567639,2.457705338541345,2.0944221682462087,0.36328317029513624,25.39219134716848,0.3873912714285714,29313436276.25,-0.1604252573704733,0,-1,-0.2781003674717383,0,-1,-0.17094448652136118,0,-1,-0.18868691968919182,0,-1,-0.3109764649779797,0,-1,-0.3024348509074588,0,-1,0.0
2021-02-19,6.8937774,6.9751067,6.7172904,6.7923,2099659106.0,TRALT,32.34428571428572,32.827511428571434,33.21479380952381,31.987097142857145,0,-0.04733653117899517,0.059988451754865224,0.2578100405548045,0.04454506071028536,0.03659002806493396,28.777238095238097,24.247952380952384,19.20907380952381,0.6838024589321687,69.44871910926045,2.4222215621056478,2.159982047018097,0.26223951508755095,16.949327639938726,0.39274876428571426,27213777170.25,-0.11041915109756639,0,-1,-0.2022142720433432,0,-1,-0.18565139937870823,0,-1,-0.17460948426895162,0,-1,-0.26846576270188305,0,-1,-0.28641255539360755,0,-1,0.0
2021-02-22,6.648336,6.914168,6.3750973,6.4923,2271612163.0,TRALT,30.915714285714287,31.658742857142855,32.92460952380952,30.357606190476194,0,-0.044167660439026646,-0.0685900378744404,0.2224251553379779,0.04590073919981116,0.03659746131820326,29.058500000000002,24.51939047619048,19.284857142857145,0.6031082862942054,65.37893421202135,2.2528571040764795,2.1785570584297735,0.074300045646706,13.99199353864522,0.41886522142857135,24942165007.25,-0.041156446867828045,0,-1,-0.14224542920074545,0,-1,-0.16534972197834352,0,-1,-0.1350214869922831,0,-1,-0.21876684688015036,0,-1,-0.26859510497050343,0,-1,0.0
2021-02-23,6.387707,6.6094766,6.23447,6.2532,1712804298.0,TRALT,29.777142857142856,30.417652380952383,31.473698095238095,29.68795238095238,0,-0.03682824268749141,-0.07873180505627908,0.16607615708797963,0.047136579283425,0.03696915492270697,29.270547619047626,24.763361904761904,19.355059523809526,0.5384681623175924,56.50267028672015,2.003664356571271,2.143578518058073,-0.13991416148680225,4.7086403215003125,0.41351107857142855,23229360709.25,-0.032975116740229016,0,-1,-0.09969295720591054,0,-1,-0.1611654832725644,0,-1,-0.09820571867203987,0,-1,-0.20464722062304097,0,-1,-0.23388025331030504,0,-1,0.0
2021-02-24,6.375332,6.5297875,6.1360307,6.2579,2506173188.0,TRALT,29.799523809523812,30.358723809523813,31.094226190476192,29.219193809523812,0,0.0007516151730315723,-0.06184036939313975,0.09967139367740363,0.04550722334705521,0.036971189217960485,29.405595238095238,25.007780952380955,19.426321428571427,0.5339766676410445,58.86639173979102,1.7873794667605871,2.072338707798576,-0.28495924103798886,-2.909051416514097,0.42255144999999994,25735533897.25,-0.04869045526454574,0,-1,-0.12659198772751246,0,-1,-0.15655411559788435,0,-1,-0.10786366033333872,0,-1,-0.2104859457645537,0,-1,-0.24568944853704922,0,-1,0.0
2021-02-25,6.15722,6.421973,5.8969655,6.0095,1805498315.0,TRALT,28.616666666666667,29.320095238095238,30.580823809523814,28.0807880952381,0,-0.03969382700266866,-0.15712923223652842,0.05950282087447101,0.046601763668242764,0.0373878950675501,29.48595238095238,25.230552380952382,19.490440476190475,0.46824114630065905,53.007518796992485,1.503197522131014,1.9585104706650638,-0.4553129485340497,-6.286061815800159,0.44799648571428563,23930035582.25,-0.020284549463349677,0,-1,-0.07957400782095014,0,-1,-0.08424993759880184,0,-1,-0.05772526832515179,0,-1,-0.19033197437390792,0,-1,-0.20670604875613607,0,-1,0.0
2021-02-26,5.985935,6.0985312,5.765713,6.0563,1851960698.0,TRALT,28.83952380952381,28.50445238095238,29.040624761904763,27.45577619047619,0,0.007787669523254825,-0.10835799361041187,0.1383166679197052,0.04394507742011268,0.03738473971573638,29.661166666666666,25.45867619047619,19.55472619047619,0.4748109244081171,55.491646124349494,1.281195172097803,1.8230474109516117,-0.5418522388538087,-5.4869770127498825,0.46005032142857133,25781996280.25,-0.04410283506431312,0,-1,-0.10834998266268181,0,-1,-0.11376583062265744,0,-1,-0.03018344533791273,0,-1,-0.18884467414097716,0,-1,-0.22290837640143324,0,-1,0.0
2021-03-01,6.220548,6.412598,6.1360307,6.3892,1416392912.0,TRALT,30.424761904761905,29.621657142857142,30.536180952380953,29.219193809523812,0,0.05496755444743484,-0.015880350569135837,0.16099723797063525,0.04484306490079266,0.03769766543008861,29.872119047619048,25.720514285714284,19.624704761904763,0.5503296622236111,56.241397881634846,1.2191189319813986,1.7022617151575692,-0.48314278317617054,-8.33811545965798,0.4536916785714285,27198389192.25,-0.07337381831841228,0,-1,-0.12693294935203148,0,-1,-0.16361985851123773,0,-1,-0.0814499467851999,0,-1,-0.23552244412446,0,-1,-0.27549614975270775,0,-1,0.0
2021-03-02,6.182345,6.2766585,6.107906,6.122,1754065742.0,TRALT,29.152380952380952,29.439738095238095,29.88885,29.085266666666666,0,-0.04182057221561386,-0.020981257596110803,0.13171272760883612,0.04591367477671234,0.0379425872278672,30.04176190476191,25.95534285714286,19.689438095238096,0.48061010229801715,44.84374999999999,1.0550901330452014,1.5728273987350956,-0.5177372656898942,-9.806117036949736,0.41452219999999995,25444323450.25,-0.05130676249591637,0,-1,-0.0750408363279973,0,-1,-0.14625939235543928,0,-1,-0.039055864096700255,0,-1,-0.18224436458673632,0,-1,-0.2737340738320809,0,-1,0.0
2021-03-03,6.1382813,6.2438455,5.976654,5.9767,1017934154.0,TRALT,28.460476190476193,29.229910952380955,29.73259761904762,28.460257142857145,0,-0.023734073832080926,-0.04493520190479239,0.02740102796830146,0.04344798638864618,0.03816453152169787,30.07971428571429,26.17097142857143,19.750880952380953,0.4409724942950104,43.29074957672771,0.8593590402447226,1.4301337270370211,-0.5707746867922985,-10.399676181338446,0.41150873571428565,24426389296.25,-0.043150902672043134,0,-1,-0.018823096357521663,0,0,-0.1450967925443808,0,-1,0.0070440209480147065,1,0,-0.17882778121705967,0,-1,-0.2553081131728211,0,-1,0.0
2021-03-04,6.0063734,6.0704055,5.9438415,5.986,916282903.0,TRALT,28.504761904761903,28.601778095238096,28.906692857142858,28.304007142857145,0,0.0015560426322216436,-0.003910475081121634,0.05276116778051354,0.04305633048962674,0.03815292763569204,30.15114285714286,26.38436190476191,19.813214285714288,0.4386742854396113,43.515416064676764,0.6997479670791691,1.284056575045451,-0.5843086079662818,-16.04252573704733,0.4061514857142856,25342672199.25,-0.14016037420648164,0,-1,-0.012529234881389906,0,0,-0.17697961911125948,0,-1,-0.01331440026729025,0,0,-0.16992983628466418,0,-1,-0.2705479452054793,0,-1,0.0
2021-03-05,6.0262485,6.0938435,5.9579034,6.0423,861974183.0,TRALT,28.772857142857145,28.69642142857143,29.018302380952385,28.370968571428573,0,0.009405278984296883,-0.0023116424219408183,0.04035882160505522,0.04287522233067963,0.03815259529727503,30.206952380952384,26.599542857142854,19.876609523809524,0.4475736975358451,33.106410863154835,0.5881087353920549,1.1448670071147717,-0.5567582717227169,-11.041915109756639,0.3539178714285713,26204646382.25,-0.10318918292703105,0,-1,-0.08457044502921074,0,-1,-0.16369594359763673,0,-1,-0.0442215712559787,0,-1,-0.15050560217135855,0,-1,-0.2808367674561012,0,-1,0.0
2021-03-08,6.2010946,6.2813463,6.0844684,6.2251,1529001681.0,TRALT,29.643333333333334,29.52902190476191,29.91117285714286,28.97365904761905,0,0.03025338033530267,-0.02568396669379569,0.09300488113214178,0.04295837639220758,0.038185084587076756,30.33307142857143,26.832133333333335,19.940226190476192,0.4866096828676658,39.76118533619717,0.5633797031351016,1.0285695463188378,-0.46518984318373624,-4.1156446867828045,0.339184107142857,27733648063.25,-0.1054280252526063,0,-1,-0.12952402371046245,0,-1,-0.1694269971566722,0,-1,-0.06326002795135821,0,-1,-0.18900901190342323,0,-1,-0.2951759811087372,0,-1,0.0
2021-03-10,6.132,6.220408,6.037593,6.047,813551192.0,TRALT,28.795238095238094,29.2,29.620990476190478,28.750442857142858,0,-0.028609982168961268,-0.012250898399216004,0.012558606831881924,0.04233055279633937,0.038499168881126304,30.350928571428575,27.047314285714286,20.000383333333335,0.43973430985429895,38.89878196452739,0.4699305027081202,0.9168417375966943,-0.4469112348885741,-3.2975116740229016,0.33148337857142846,26920096871.25,-0.06899288903588552,0,-1,-0.132561600793782,0,-1,-0.17054737886555316,0,-1,-0.018604266578468587,0,0,-0.17519431122870854,0,-1,-0.2643459566727302,0,-1,0.0
2021-03-11,6.0517488,6.187595,5.8969655,5.9532,1265525489.0,TRALT,28.34857142857143,28.81785142857143,29.464738095238097,28.0807880952381,0,-0.01551182404498097,-0.003931935683571308,-0.0763645390511063,0.038271573462572074,0.03861234333502091,30.233738095238095,27.24329523809524,20.06104285714286,0.4131155409240226,25.911063794938997,0.3557284548593529,0.8046190810492261,-0.4488906261898732,-4.869045526454574,0.31875998571428565,25654571382.25,-0.08188873211046155,0,-1,-0.11338439830679303,0,-1,-0.1464590472351005,0,-1,-0.02754820936639113,0,-1,-0.1677081233622254,0,-1,-0.2653530874151717,0,-1,0.0
2021-03-12,5.9148717,5.976654,5.873527,5.8876,522849298.0,TRALT,28.036190476190477,28.166055714285715,28.460257142857145,27.969176190476194,0,-0.011019283746556474,-0.016438356164383494,-0.08187006830302856,0.038309264248414944,0.03865198040971014,30.108738095238095,27.395980952380956,20.121869047619047,0.3933193984038925,29.157259365064732,0.23728075216842726,0.6911514152730663,-0.4538706631046391,-2.0284549463349677,0.29666122857142846,25131722084.25,-0.06051701881921323,0,-1,-0.06528976153271282,0,-1,-0.10031252123106182,0,-1,-0.03981248726136277,0,-1,-0.1815340716081255,0,-1,-0.24442896935933145,0,-1,0.0
2021-03-15,5.8488708,5.9438415,5.761026,5.7892,528970680.0,TRALT,27.56761904761905,27.851765714285715,28.304007142857145,27.433457142857144,0,-0.01671309192200554,-0.04188802277278514,-0.09655269276986211,0.03841329550215397,0.03876440486783926,29.961428571428577,27.52456190476191,20.17767380952381,0.3662436665324229,32.1430385533601,0.10439687396706177,0.5738005070118655,-0.4694036330448037,-4.410283506431312,0.2712144285714285,24602751404.25,-0.06721135908242937,0,-1,-0.07287708146203287,0,-1,-0.062357493263317854,0,-1,-0.02186830650176186,0,-1,-0.15304359842465287,0,-1,-0.23604297657707463,0,-1,0.0
2021-03-16,5.9380755,6.028218,5.803214,5.9204,1358366014.0,TRALT,28.192380952380955,28.27655,28.7058,27.63435238095238,0,0.022662889518413554,-0.048947004867391675,-0.15063697922644315,0.03249434395019752,0.038762234404884195,29.711428571428577,27.663400000000003,20.2361,0.39317264455013334,41.05760963026657,0.04893442192173225,0.4688272899938388,-0.4198928680721066,-7.337381831841228,0.2615009571428571,25961117418.25,-0.0578001486386055,0,-1,-0.09739206810350665,0,-1,-0.0894703060604013,0,-1,-0.038798054185528064,0,-1,-0.1789406121208027,0,-1,-0.2422809269643944,0,-1,0.0
2021-03-18,5.8628397,5.953216,5.756338,5.8079,620268191.0,TRALT,27.656666666666666,27.91828428571429,28.34864761904762,27.411133333333336,0,-0.019002094453077545,-0.03954026790143872,-0.1443367316871943,0.03231648751579977,0.03892546580036056,29.47816666666667,27.79130476190476,20.291680952380954,0.3629559193035474,38.57055775678145,-0.03781176611288828,0.36749947877249345,-0.4053112448853817,-5.130676249591637,0.2474381857142856,25340849227.25,-0.025017648375488477,0,-1,-0.10008781142926004,0,-1,-0.05246302450111051,0,-1,-0.01372268806281085,0,0,-0.15012310818023722,0,-1,-0.22922226622359199,0,-1,0.0
2021-03-19,5.692962,5.8454013,5.554773,5.7188,728068117.0,TRALT,27.232380952380954,27.109342857142856,27.835244285714285,26.4513,0,-0.015341173229566518,-0.0393737821675737,-0.14266011033821058,0.03228800006933029,0.03903486313839742,29.25159523809524,27.902238095238094,20.34424761904762,0.33857891735864487,41.966506383684305,-0.13919055427547988,0.2661614721628988,-0.4053520264383787,-4.315090267204313,0.23069681428571417,24612781110.25,0.025424914317689007,1,1,-0.10654333076869282,0,-1,0.004109253689585257,1,0,-0.001626215289920907,0,0,-0.13277260963838566,0,-1,-0.2200811359026369,0,-1,0.0
2021-03-22,5.311675,5.5219593,5.146954,5.147,621384951.0,TRALT,24.509523809523813,25.293690476190477,26.295044285714287,24.50930476190476,0,-0.09998601105126936,-0.12578979550241176,-0.2781003674717383,0.033413349315392485,0.041446942491707835,28.779500000000002,27.96072380952381,20.38297619047619,0.202450691228091,30.523069014265516,-0.4342401398242295,0.12608114976547313,-0.5603212895897026,-14.016037420648164,0.24777022857142844,23991396159.25,0.14843598212550968,1,1,-0.04282106081212367,0,-1,0.17666601904021761,1,1,0.0919759082960947,1,1,-0.05374004274334565,0,-1,-0.14208276666019048,0,-1,1.0
2021-03-23,5.236017,5.5875854,4.654759,5.4188,1320071371.0,TRALT,25.803809523809527,24.93341428571429,26.607549523809524,22.16551904761905,0,0.052807460656693284,-0.06398120638430183,-0.2022142720433432,0.03582657311970506,0.04188060778140403,28.452476190476194,28.004466666666666,20.4284,0.2631341428506162,28.65563962695758,-0.5572078761963368,-0.010576655426888862,-0.5466312207694479,-10.318918292703106,0.28895082857142845,25311467530.25,0.020761054107920618,1,1,-0.06746881228316237,0,-1,0.11159297261386292,1,1,0.009522403484166109,1,0,-0.08562781427622357,0,-1,-0.192902487635639,0,-1,0.0
2021-03-24,5.505928,5.6016483,5.4141455,5.5688,806672256.0,TRALT,26.518095238095242,26.218704761904764,26.674515714285715,25.78164523809524,0,0.027681405477227417,-0.059387879197351445,-0.14224542920074545,0.0358869441876195,0.041956195272424855,28.232595238095236,28.068752380952382,20.47817619047619,0.2949441879706085,37.17068645640075,-0.5902201155055771,-0.1265053474426265,-0.46371476806295053,-10.54280252526063,0.282251457142857,26118139786.25,-0.026935785088349373,0,-1,-0.0715414451946561,0,-1,0.07155940238471481,1,1,-0.013467892544174687,0,0,-0.10521117655509271,0,-1,-0.18896351098980047,0,-1,0.0
2021-03-25,5.701447,5.812589,5.5969605,5.6298,1292839921.0,TRALT,26.80857142857143,27.14974761904762,27.67899523809524,26.652192857142857,0,0.010953885935928609,-0.030665128531827235,-0.09969295720591054,0.03538501947381248,0.04195109166788435,28.084166666666665,28.12054285714286,20.53007380952381,0.30581953466407175,41.627648790848085,-0.586186360561662,-0.21844155006643362,-0.36774481049522834,-6.899288903588552,0.2805798499999998,27410979707.25,-0.0682795125936978,0,-1,-0.10908025151870415,0,-1,0.04829656470922594,1,1,-0.024992006820846235,0,-1,-0.11158478098689117,0,-1,-0.19567302568474898,0,-1,0.0
2021-03-26,5.532834,5.7329006,5.418833,5.4657,683040010.0,TRALT,26.02714285714286,26.346828571428574,27.299526666666665,25.803966666666668,0,-0.029148459980816277,-0.04425753654612852,-0.12659198772751246,0.03577515355651687,0.042121666906094375,27.89554761904762,28.109828571428576,20.578064285714287,0.2648003473879432,38.31574219627219,-0.638682007137664,-0.3024896414806797,-0.3361923656569843,-8.188873211046154,0.2939729642857141,26727939697.25,-0.03430484658872612,0,-1,-0.07032950948643368,0,-1,0.10205463161168749,1,1,0.016301663098962527,1,0,-0.11063541723841419,0,-1,-0.1509413249903947,0,-1,0.0
2021-03-29,5.494443,5.5641475,5.4047704,5.5313,629743864.0,TRALT,26.33952380952381,26.164014285714288,26.495940476190476,25.737001904761907,0,0.01200212232650899,0.0746648533126093,-0.07957400782095014,0.03508298315624064,0.04030994235206217,27.781690476190477,28.10044761904762,20.62627857142857,0.27698865882715284,38.57232310582341,-0.6476133692834836,-0.3715143870412405,-0.27609898224224305,-6.051701881921323,0.2956470357142855,27357683561.25,-0.005080180066168949,0,0,-0.04235893912823385,0,-1,0.11017301538517166,1,1,-0.04405835879449671,0,-1,-0.12118308535064093,0,-1,-0.1364417044817673,0,-1,0.0
2021-03-30,5.41752,5.536022,5.329769,5.4001,612313026.0,TRALT,25.714761904761907,25.797714285714285,26.362009523809526,25.379852380952382,0,-0.0237195595972014,-0.003450948549494348,-0.10834998266268181,0.03525451350102525,0.04026873563235265,27.625452380952385,28.083485714285715,20.67215,0.24393262939568006,31.114366816225612,-0.6970692224068422,-0.4366253541143609,-0.26044386829248134,-6.721135908242937,0.293304657142857,26745370535.25,-0.006073961593303867,0,0,0.005203607340604766,1,0,0.128460584063258,1,1,-0.032980870724616196,0,-1,-0.10244254736023417,0,-1,-0.12499768522805133,0,-1,0.0
2021-03-31,5.5144124,5.6203985,5.400082,5.5782,1186535100.0,TRALT,26.562857142857144,26.259106666666668,26.763802380952384,25.714676190476194,0,0.032980870724616196,0.001687975865536373,-0.12693294935203148,0.033585640426552654,0.040441400517539555,27.432357142857143,28.10491428571429,20.722207142857147,0.28185462869544,39.26838201629887,-0.6602185558901255,-0.4813439944695138,-0.17887456142061164,-5.78001486386055,0.29564819285714267,27931905635.25,-0.04202072353088815,0,-1,-0.03361299343874369,0,-1,0.07731884837402747,1,1,-0.07310601986303822,0,-1,-0.1142841776917286,0,-1,-0.14370226954931686,0,-1,0.0
2021-04-01,5.619836,5.709462,5.517272,5.6626,1118027537.0,TRALT,26.964761904761907,26.761123809523813,27.18791428571429,26.27272380952381,0,0.015130328779893176,0.005826139472094871,-0.0750408363279973,0.03281336500285072,0.0404608820075693,27.32297619047619,28.15089523809524,20.772207142857145,0.29811732182895034,43.318925878241686,-0.5917623141551012,-0.5034276584066313,-0.08833465574846988,-2.5017648375488477,0.28861679999999984,29049933172.25,-0.07699643273407974,0,-1,-0.02814961325186316,0,-1,0.014074806625931524,1,0,-0.1101084307561897,0,-1,-0.12748560731819314,0,-1,-0.18542718892381604,0,-1,0.0
2021-04-02,5.783854,5.9438415,5.6766496,5.8642,1288137988.0,TRALT,27.92476190476191,27.542161904761905,28.304007142857145,27.031664761904764,0,0.03560202027337267,0.07290923394990578,-0.018823096357521663,0.03354919429374848,0.040610600903516945,27.296190476190482,28.191076190476192,20.828626190476193,0.3406914910946164,49.49368184178641,-0.4548035798709087,-0.49370284269948683,0.03889926282857814,2.5424914317689007,0.30133926428571417,30338071160.25,-0.12869615633846065,0,-1,-0.020787149142252992,0,-1,0.0031888407625932924,1,0,-0.13350499641894897,0,-1,-0.1686675079294705,0,-1,-0.19825381126155328,0,-1,0.0
2021-04-05,5.9176373,5.9813414,5.8407145,5.911,931563870.0,TRALT,28.147619047619045,28.17922523809524,28.482578095238097,27.81292619047619,0,0.007980628218682728,0.06864570715744933,-0.012529234881389906,0.0335996362185356,0.04059240504133344,27.27833333333333,28.226342857142857,20.88610476190476,0.3476720225476859,52.69564447592065,-0.3245390036668212,-0.45987007489295373,0.13533107122613253,14.843598212550969,0.2983257928571427,31269635030.25,-0.1665369649805446,0,-1,0.024581289121976102,1,1,-0.021400778210116544,0,-1,-0.16890543055320573,0,-1,-0.15860260531212989,0,-1,-0.20301133479952616,0,-1,0.0
2021-04-08,5.6317897,5.737588,5.512584,5.5313,594894553.0,TRALT,26.33952380952381,26.81804619047619,27.32184761904762,26.250400000000003,0,-0.06423616985281666,0.024295846373215246,-0.08457044502921074,0.03642203694427981,0.039856921519291065,27.156666666666666,28.238838095238098,20.934654761904763,0.2581780836173331,42.24189496351237,-0.3630169301507955,-0.4404994459445221,0.07748251579372661,2.076105410792062,0.3097113642857141,30674740477.25,-0.08643537685535052,0,-1,0.08898450635474497,1,1,0.013559199464863614,1,0,-0.10169399598647699,0,-1,-0.12373221485003527,0,-1,-0.16312620902861907,0,-1,0.0
2021-04-09,5.4493957,5.5875854,5.320394,5.4188,759691823.0,TRALT,25.803809523809527,25.949503333333336,26.607549523809524,25.335209523809525,0,-0.02033879919729531,-0.028575526155390607,-0.12952402371046245,0.035684681672145925,0.039915169072208156,26.96469047619048,28.249104761904764,20.981585714285714,0.22983123750463297,42.24189496351239,-0.4317615514114479,-0.4387518670379073,0.006990315626459409,-2.6935785088349373,0.3147337499999998,29915048654.25,-0.045840407470288724,0,-1,0.10122167269506166,1,1,0.036336458256440496,1,1,-0.06399940946334992,0,-1,-0.12369897394257034,0,-1,-0.13538052705396042,0,-1,0.0
2021-04-12,5.3477693,5.437583,5.245393,5.2454,434320906.0,TRALT,24.97809523809524,25.465568095238098,25.893252380952383,24.978061904761905,0,-0.031999704731675016,-0.07367640306572953,-0.132561600793782,0.03580411472828893,0.039862043390891236,26.773833333333336,28.23794285714286,21.023216666666666,0.18811957437984383,40.86805555555554,-0.5465698837220856,-0.46031547037474296,-0.08625441334734263,-6.8279512593697795,0.3077024428571427,29480727748.25,-0.04379074999046795,0,-1,0.12511915201891188,1,1,0.07505623975292641,1,1,-0.051835894307393215,0,-1,-0.08668547679871885,0,-1,-0.06344606703015976,0,-1,0.0
2021-04-13,5.2970967,5.3672695,5.217267,5.2782,657707729.0,TRALT,25.134285714285713,25.22427,25.55842619047619,24.84412857142857,0,0.006253097952491737,-0.09992837897752482,-0.11338439830679303,0.03584527527926798,0.037849029565715064,26.61311904761905,28.19865714285714,21.064064285714284,0.1932305832987733,53.195323916220154,-0.6178310760787902,-0.49181859151555246,-0.12601248456323771,-3.4304846588726123,0.27757076428571414,30138435477.25,-0.03730438407032699,0,-1,0.14120344056686007,1,1,0.05772801333788036,1,1,-0.06394225304080936,0,-1,-0.1056799666552991,0,-1,-0.068375582584972,0,-1,0.0
2021-04-14,5.441193,5.5313344,5.339144,5.5032,598906856.0,TRALT,26.205714285714286,25.910442857142858,26.339687619047623,25.42449523809524,0,0.04262816869387298,-0.06899001860937226,-0.06528976153271282,0.03737510082029149,0.03823390933111376,26.521595238095237,28.182580952380953,21.109154761904765,0.24143835133594127,52.10347921443525,-0.5811515991379892,-0.5096851930400399,-0.0714664060979493,-0.5080180066168949,0.22902133571428562,30737342333.25,-0.03746910888210497,0,-1,0.11584169210641071,1,1,0.028964965838057966,1,1,-0.11584169210641082,0,-1,-0.1337221979938945,0,-1,-0.10646532926297425,0,-1,0.0
2021-04-15,5.381942,5.517272,5.296956,5.3673,581445682.0,TRALT,25.55857142857143,25.628295238095237,26.27272380952381,25.2236,0,-0.024694723070213698,-0.029649449496501723,-0.07287708146203287,0.03757479469385002,0.038351703903448255,26.42114285714286,28.187047619047622,21.15201428571429,0.20832801469093432,44.94252296571455,-0.5974152385816538,-0.5272312021483627,-0.07018403643329107,-0.6073961593303867,0.23136513571428566,30155896651.25,0.011346487060533317,1,0,0.1353566970357536,1,1,0.09431185139641896,1,1,-0.08471671045031948,0,-1,-0.1231531682596464,0,-1,-0.06288077804482706,0,-1,0.0
2021-04-16,5.3956766,5.4516463,5.329769,5.3438,407592337.0,TRALT,25.446666666666665,25.693698095238094,25.96022047619048,25.379852380952382,0,-0.004378365286084374,-0.01384070273861382,-0.09739206810350665,0.037082674053947384,0.0379887135594072,26.28385714285714,28.17186666666667,21.19386666666667,0.20066182669199883,42.68392509976464,-0.612276130963469,-0.544240187911384,-0.06803594305208505,-4.202072353088814,0.22265715714285714,29748304314.25,0.008776526067592494,1,0,0.12457427298925872,1,1,0.09824469478648168,1,1,-0.08596878625697058,0,-1,-0.13376249111119431,0,-1,-0.06489763838467011,0,-1,0.0
2021-04-19,5.363145,5.461021,5.2032046,5.2266,537582711.0,TRALT,24.88857142857143,25.538785714285716,26.004861904761903,24.777164761904764,0,-0.021931958531381968,-0.003584092728867172,-0.10008781142926004,0.03714895128680552,0.037858162803112355,26.145452380952385,28.15444761904762,21.23281666666667,0.17217474343118688,43.73329139801855,-0.6614621923532411,-0.5676845887997554,-0.09377760355348574,-7.6996432734079745,0.21863921428571428,29210721603.25,0.05292159338767077,1,1,0.0986683503616117,1,1,0.12556920368882252,1,1,-0.04214977231852446,0,-1,-0.1493131289939923,0,-1,-0.06635288715417287,0,-1,0.0
2021-04-20,5.179533,5.2922683,5.07664,5.1095,482197038.0,TRALT,24.33095238095238,24.66444285714286,25.20127761904762,24.17447619047619,0,-0.022404622507940397,-0.03196165359402836,-0.10654333076869282,0.03728987256126419,0.03740080109041176,26.000380952380954,28.087038095238096,21.268421428571433,0.1439942763343416,39.2354022049816,-0.7369426808036934,-0.601536207200543,-0.1354064736031504,-12.869615633846065,0.22265715714285714,28728524565.25,0.1238477346119975,1,1,0.15136510421763405,1,1,0.1779626186515315,1,1,-0.03945591545160965,0,-1,-0.1289167237498775,0,-1,-0.05047460612584376,0,-1,1.0
2021-04-21,4.9999514,5.146954,4.837574,4.9266,542640205.0,TRALT,23.46,23.809292380952378,24.50930476190476,23.036066666666667,0,-0.03579606615128672,-0.10477540340165725,-0.04282106081212367,0.03089252207169514,0.03759664424122283,25.94790476190476,28.014714285714284,21.299392857142863,0.10143984654156779,38.226664677507564,-0.8571592912519144,-0.6526608240108174,-0.204498467241097,-16.653696498054458,0.2300233714285714,28185884360.25,0.22930621523971917,1,1,0.17413632119514477,1,1,0.1988592538464662,1,1,0.008565745138635172,1,0,-0.11368895384240651,0,-1,0.020947509438558054,1,1,1.0
2021-04-22,5.0289674,5.2407055,4.8094487,5.0532,833981780.0,TRALT,24.062857142857144,23.94746380952381,24.955740476190478,22.902136666666667,0,0.025697235415905517,-0.05852104410038561,-0.06746881228316237,0.028904291968659634,0.037619651744053816,25.860857142857146,27.942838095238095,21.331145238095242,0.1280621304796774,36.60304174747371,-0.8934867291671651,-0.7008260050420869,-0.19266072412507818,-8.643537685535051,0.24509053571428568,29019866140.25,0.1920169397609437,1,1,0.10945539460144071,1,1,0.14285996992005057,1,1,0.015772183962637465,1,0,-0.1400696588300484,0,-1,-0.016702287659305037,0,0,1.0
2021-04-27,5.1496725,5.2219553,5.0953903,5.1704,597817934.0,TRALT,24.62095238095238,24.522250000000003,24.86645380952381,24.263763333333333,0,0.023193224095622522,-0.032448819192335,-0.0715414451946561,0.028669305614013037,0.03768092806882667,25.766000000000002,27.892838095238094,21.363176190476192,0.15249493621311427,37.646822608171846,-0.8672457942479568,-0.7341099628832609,-0.13313583136469587,-4.584040747028872,0.24341662857142854,29617684074.25,0.1541273402444685,1,1,0.08612486461395652,1,1,0.12782376605291668,1,1,-0.023576512455516063,0,-1,-0.15140027850843263,0,-1,-0.011778585796070051,0,0,1.0
2021-04-28,5.068812,5.1657043,4.9969516,5.0157,277764173.0,TRALT,23.884285714285713,24.137200000000004,24.598591904761903,23.79500761904762,0,-0.029920315642890327,-0.040351279990816336,-0.10908025151870415,0.029053180194987663,0.037859154038363284,25.61978571428572,27.801761904761907,21.391859523809522,0.11651283459963246,28.191024520639445,-0.8955689463473675,-0.7664017595760823,-0.12916718677128525,-4.379074999046795,0.23571712142857137,29339919901.25,0.1766453336523317,1,1,0.1242897302470245,1,1,0.18318479972885138,1,1,-0.005602408437506257,0,0,-0.11308491337201187,0,-1,0.011224754271587312,1,0,1.0
2021-04-29,5.096093,5.137579,5.0485144,5.0813,340044517.0,TRALT,24.196666666666665,24.267109523809523,24.464661904761904,24.040544761904762,0,0.013078932153039347,-0.005519131030433444,-0.07032950948643368,0.028766012675386466,0.0370329857703357,25.528261904761905,27.67184761904762,21.421880952380953,0.12953044228253474,28.878366681940847,-0.8826342579578572,-0.7896482592524373,-0.0929859987054199,-3.730438407032699,0.23437798571428564,29679964418.25,0.18542498966799847,1,1,0.09871489579438353,1,1,0.1393147422903589,1,1,-0.02489520398323264,0,-1,-0.1392950622872099,0,-1,0.02859504457520723,1,1,1.0
2021-04-30,5.2795186,5.381332,5.0719523,5.297,1371840010.0,TRALT,25.223809523809525,25.140564761904763,25.625390476190475,24.152153809523814,0,0.04244976679196277,0.0751836966670727,-0.04235893912823385,0.030375968711738525,0.0374578753610782,25.47247619047619,27.5656,21.45804285714286,0.17549441445975722,43.4920282206544,-0.7805044108383505,-0.78781948956962,0.007315078731269464,-3.7469108882104973,0.22801824999999992,31051804428.25,0.15927883707759105,1,1,0.06902020011327181,1,1,0.0672456107230508,1,1,-0.09027751557485364,0,-1,-0.16018501038323585,0,-1,0.0061921842552388195,1,0,1.0
2021-05-03,5.337691,5.437583,5.254768,5.4282,851531907.0,TRALT,25.848571428571432,25.417576190476193,25.893252380952383,25.022704761904766,0,0.024768737020955278,0.07421040132985057,0.005203607340604766,0.030462688977092037,0.036709183943945345,25.479166666666668,27.47229523809524,21.497830952380955,0.20238043948841344,50.258412139872455,-0.6417549551843571,-0.7586065826925674,0.11685162750821032,1.1346487060533317,0.22199136428571423,31903336335.25,0.12261891603109665,1,1,0.08203456025938594,1,1,0.043181901919604915,1,1,-0.09671714380457619,0,-1,-0.18523635827714535,0,-1,-0.004310821266718445,0,0,1.0
2021-05-04,5.4452243,5.503209,5.362582,5.3907,741634220.0,TRALT,25.67,25.929639523809524,26.205757142857145,25.536104761904763,0,-0.006908367414612648,0.042607922017638966,-0.03361299343874369,0.02952969647063535,0.03645921525198458,25.43452380952381,27.32184761904762,21.535052380952383,0.19201010268751206,54.31695287895894,-0.5399796841712963,-0.7148812029883133,0.174901518817017,0.8776526067592494,0.2183082928571428,31161702115.25,0.11479028697571736,1,1,0.08868978054798071,1,1,0.055651399632700604,1,1,-0.09826182128480532,0,-1,-0.16782607082568135,0,-1,0.0469512308234552,1,1,1.0
2021-05-05,5.477662,5.55946,5.3672695,5.5032,929116666.0,TRALT,26.205714285714286,26.08410476190476,26.473619047619046,25.55842619047619,0,0.020869274862262754,0.09719480830193206,-0.02814961325186316,0.0297249066729178,0.03648209637920035,25.39657142857143,27.19952380952381,21.572609523809525,0.21476793323456023,56.3826165891297,-0.41135256660639996,-0.6541754757119306,0.24282290910553062,5.292159338767077,0.22132172142857134,32090818781.25,0.04344744875708684,1,1,0.06899622038086939,1,1,0.04088530309638028,1,1,-0.10306730629451955,0,-1,-0.1865460095944178,0,-1,0.013628434365460018,1,0,1.0
2021-05-06,5.6284614,5.756338,5.512584,5.7423,1080442697.0,TRALT,27.344285714285718,26.802197142857143,27.411133333333336,26.250400000000003,0,0.04344744875708684,0.13008482081357164,-0.020787149142252992,0.030280001024010027,0.03559975724072816,25.36754761904762,27.11113333333333,21.615133333333336,0.26505283555745107,56.72876681488153,-0.21506234553298142,-0.5663528496761407,0.3512905041431593,12.38477346119975,0.2213219785714285,33171261478.25,0.024484962471483573,1,1,0.048151437577277356,1,1,-0.005711996935026109,0,0,-0.136321682949341,0,-1,-0.22327290458527072,0,-1,-0.015516430698500616,0,0,1.0
2021-05-07,6.027232,6.150094,5.8875904,6.0563,1812737090.0,TRALT,28.83952380952381,28.701104761904762,29.286161904761908,28.03614476190476,0,0.054681921877993034,0.14334528978667183,0.024581289121976102,0.03268287561859821,0.03614747455274476,25.402142857142856,27.00889523809524,21.66691904761905,0.33103944063948254,67.62328626969509,0.06045539476328443,-0.44099120078825577,0.5014465955515401,22.930621523971915,0.23471326428571418,34983998568.25,-0.044878886448821875,0,-1,-0.0247675973779371,0,-1,-0.07197463798028503,0,-1,-0.1958126248699701,0,-1,-0.2708914683882898,0,-1,-0.06423063586678346,0,-1,0.0
2021-05-10,6.1094522,6.17822,6.000092,6.0235,930461241.0,TRALT,28.683333333333337,29.092629523809524,29.420095238095236,28.57186666666667,0,-0.005415847959975517,0.10966802991783653,0.08898450635474497,0.028857730809034813,0.036065005750731474,25.519333333333332,26.935676190476194,21.716416666666667,0.3208133631622776,67.30309047400847,0.26316828270940107,-0.3001593040887244,0.5633275867981254,19.20169397609437,0.23873117142857123,34053537327.25,-0.0692620569436374,0,-1,-0.04123848260977847,0,-1,-0.0918236905453641,0,-1,-0.17742176475471083,0,-1,-0.27392711878475984,0,-1,-0.0645803934589525,0,-1,0.0
2021-05-11,6.0461707,6.1594696,5.8829026,5.9673,1239733421.0,TRALT,28.415714285714287,28.79128904761905,29.330807619047622,28.013821904761908,0,-0.009330123682244618,0.10696199009405083,0.10122167269506166,0.02845794770551458,0.035990947260907444,25.649928571428575,26.885676190476193,21.764688095238093,0.30558793957315555,69.4603541590037,0.39764132464960866,-0.16059917834105777,0.5582405029906664,15.41273402444685,0.24007049999999985,32813803906.25,-0.058921120104569846,0,-1,-0.022790876946022554,0,-1,-0.07934911936721789,0,-1,-0.16496572989459224,0,-1,-0.24312503142124586,0,-1,-0.06441774336802242,0,-1,0.0
2021-05-12,5.9335756,5.990717,5.8922772,5.9017,228187229.0,TRALT,28.103333333333335,28.255121904761907,28.52722380952381,28.058462857142857,0,-0.01099324652690492,0.07241241459514458,0.12511915201891188,0.0273793777743178,0.03548620682382321,25.806190476190476,26.852200000000003,21.80927619047619,0.2885954163671729,71.39230935407217,0.473546893220238,-0.033769964028798616,0.5073168572490366,17.66453336523317,0.23169989285714276,32585616677.25,-0.044495653794669354,0,-1,0.005557720656759857,1,0,-0.06991205923716903,0,-1,-0.1525153769252927,0,-1,-0.23272955250182148,0,-1,-0.023840588305064747,0,-1,0.0
2021-05-17,6.030279,6.107906,5.9813414,6.0235,669534445.0,TRALT,28.683333333333337,28.715614285714288,29.085266666666666,28.482578095238097,0,0.020638121219309857,0.04896992494296715,0.14120344056686007,0.0275673573474551,0.03405657994602081,25.98364285714286,26.82987619047619,21.860280952380954,0.31212098306583,80.6311086288746,0.5738883285024095,0.087761694477443,0.4861266340249665,18.542498966799847,0.22433032142857132,33255151122.25,-0.07314684153731221,0,-1,-0.03889765086743591,0,-1,-0.07781190337843458,0,-1,-0.19299410641653525,0,-1,-0.22956752718519147,0,-1,-0.04668382169834817,0,-1,0.0
2021-05-18,6.1605477,6.2672834,5.9954042,6.1407,1542043782.0,TRALT,29.24142857142857,29.33594142857143,29.84420666666667,28.54954380952381,0,0.019457126255499224,0.013935901457985844,0.11584169210641071,0.02645497666873901,0.034148520620193114,26.13542857142857,26.842371428571433,21.915973809523813,0.3342518487004855,80.52888664308571,0.6904837930472887,0.20830611419141215,0.48217767885587653,15.927883707759104,0.21294620714285703,34797194904.25,-0.07785757324083564,0,-1,-0.07938834334847811,0,-1,-0.13892552966274185,0,-1,-0.20839643688830256,0,-1,-0.22214079828032618,0,-1,-0.07557770286775123,0,-1,0.0
2021-05-20,6.103688,6.220408,6.037593,6.0938,715479998.0,TRALT,29.01809523809524,29.065180952380953,29.620990476190478,28.750442857142858,0,-0.007637565749833097,0.011670955424586849,0.1353566970357536,0.025682961754704067,0.034162157265030184,26.30840476190476,26.84594285714286,21.968764285714286,0.3208797208937668,76.98737432779984,0.7561489903245509,0.3178746894180399,0.4382743009065109,12.261891603109664,0.21395047142857132,34081714906.25,-0.03615149824411701,0,-1,-0.07076044504250212,0,-1,-0.14306344153073602,0,-1,-0.20461780826413734,0,-1,-0.2246053365715973,0,-1,-0.07691424070366604,0,-1,0.0
2021-05-24,6.021139,6.0704055,5.934466,6.0095,689731340.0,TRALT,28.616666666666667,28.672090476190476,28.906692857142858,28.259361904761903,0,-0.013833732646296282,0.007071875052368615,0.12457427298925872,0.025982482711735887,0.03218491533240486,26.46690476190476,26.809780952380958,22.01982619047619,0.299586400870125,80.29139234333088,0.7669562076748377,0.4076909930693995,0.35926521460543825,11.479028697571735,0.21294229999999992,33391983566.25,-0.023412929528246917,0,-1,-0.053049338547300096,0,-1,-0.13962892087528078,0,-1,-0.1778517347533073,0,-1,-0.2051584990431815,0,-1,-0.059289458357600466,0,-1,0.0
2021-05-25,5.8977623,6.089155,5.7422757,5.7423,781072448.0,TRALT,27.344285714285718,28.084582380952384,28.995976190476192,27.344170000000002,0,-0.044462933688326656,-0.027009166850229582,0.0986683503616117,0.027698460887979077,0.032502553851629944,26.589690476190476,26.77361904761905,22.064471428571427,0.2392903135162996,67.942453854506,0.665182684238836,0.45918933130328676,0.2059933529355492,4.344744875708684,0.22901374999999988,32610911118.25,0.024484962471483573,1,1,-0.00245546209706915,0,0,-0.12245964160702161,0,-1,-0.13959563241209982,0,-1,-0.19673301638716212,0,-1,0.053880849137105225,1,1,0.0
2021-05-26,5.808511,5.8922772,5.671962,5.8829,912151812.0,TRALT,28.013809523809527,27.65957619047619,28.058462857142857,27.009342857142858,0,0.024484962471483573,-0.02334191084917403,0.15136510421763405,0.027230212551250483,0.032622549649319765,26.773833333333336,26.76468571428572,22.108947619047623,0.2670801888224956,66.57988567547685,0.6312744705203421,0.49360635914669787,0.13766811137364426,2.4484962471483573,0.22265199999999993,33523062930.25,0.023100851620799112,1,1,-0.029475258800931603,0,-1,-0.13625932788250705,0,-1,-0.1713100681636609,0,-1,-0.20080232538373943,0,-1,0.03187203590066123,1,1,0.0
2021-05-27,5.822245,5.8969655,5.761026,5.7845,590982383.0,TRALT,27.545238095238098,27.72497619047619,28.0807880952381,27.433457142857144,0,-0.016726444440667065,-0.05800641620662128,0.17413632119514477,0.025940533404637558,0.031336380218223554,26.97809523809524,26.745495238095238,22.150354761904765,0.24355742340577358,60.27334063779482,0.5601352777720052,0.5069121428717593,0.05322313490024588,-4.4878886448821875,0.21930374999999996,32932080547.25,0.021056271069236798,1,1,-0.028368916933183552,0,-1,-0.150730400207451,0,-1,-0.1402022646728326,0,-1,-0.18558215921860133,0,-1,0.044567378338663755,1,1,0.0
2021-05-31,5.6343207,5.6860247,5.582898,5.6063,514196969.0,TRALT,26.69666666666667,26.83009857142857,27.076308095238097,26.585228571428573,0,-0.030806465554499063,-0.07999934359512939,0.10945539460144071,0.027009768094238794,0.031010872982603747,27.109785714285714,26.703971428571432,22.188411904761907,0.20318059630654473,55.74994666097718,0.4303238272965615,0.49159447975671977,-0.06127065246015828,-6.926205694363741,0.2236591071428571,32417883578.25,0.0301089845352549,1,1,-0.02424058648306382,0,-1,-0.11371136043379781,0,-1,-0.1354547562563545,0,-1,-0.17432174517953036,0,-1,0.13044253785919402,1,1,0.0
2021-06-01,5.6232576,5.653211,5.5969605,5.6157,431980189.0,TRALT,26.741428571428575,26.777417142857143,26.92005238095238,26.652192857142857,0,0.0016766851577689756,-0.06552957816790073,0.08612486461395652,0.026696805632700164,0.03053333191816106,27.215809523809526,26.645933333333332,22.225688095238098,0.20317663313011147,53.174916746627545,0.3272864744287567,0.4587328786911272,-0.13144640426237053,-5.892112010456985,0.21394910714285714,32849863767.25,0.03839236426447279,1,1,-0.021707000017807232,0,-1,-0.09681784995637244,0,-1,-0.15442420357212816,0,-1,-0.16569617322862695,0,-1,0.14357960717274776,1,1,0.0
2021-06-02,5.648477,5.7282124,5.5688353,5.6391,712870706.0,TRALT,26.852857142857143,26.897509523809525,27.277201904761906,26.518263333333334,0,0.004166889256904671,-0.017971892795569877,0.1242897302470245,0.025444023573430626,0.03019648159208957,27.364238095238097,26.607085714285713,22.26374523809524,0.20612488400691564,46.68380462724934,0.25171833215992123,0.41732996938488603,-0.1656116372249648,-4.449565379466936,0.20725189999999996,33562734473.25,0.0523842457129684,1,1,-0.026599989360004295,0,-1,-0.1180330194534589,0,-1,-0.15044953982018405,0,-1,-0.12883261513362054,0,-1,0.1479668741465836,1,1,0.0
2021-06-03,5.625086,5.71415,5.5219593,5.5829,475566689.0,TRALT,26.585238095238097,26.786123809523808,27.210238095238097,26.295044285714287,0,-0.00996612934688157,-0.05099525744105804,0.09871489579438353,0.02563624972827715,0.030216024275647874,27.483666666666664,26.57181904761905,22.299404761904768,0.1921949656994899,31.76706208596515,0.16829540969296275,0.36752305744650143,-0.19922764775353868,-7.314684153731221,0.19185166428571426,33087167784.25,0.036952121657203296,1,1,-0.005033226459366991,0,0,-0.11502982321015975,0,-1,-0.1544896021780795,0,-1,-0.11922119328664316,0,-1,0.1628902541689803,1,1,0.0
2021-06-04,5.6509614,5.6907125,5.6063356,5.6626,655287638.0,TRALT,26.964761904761907,26.90934,27.098630952380955,26.696836190476194,0,0.014275734833151255,-0.021073558648111335,0.06902020011327181,0.024205884543723688,0.02985936408158397,27.570714285714292,26.55039047619048,22.33456190476191,0.20731098374545698,36.5846405471712,0.13129307735530205,0.32027706142826157,-0.18898398407295952,-7.785757324083564,0.18682912857142858,33742455422.25,-0.0016600148341751053,0,0,-0.06622399604421991,0,-1,-0.14073040652703706,0,-1,-0.15810758308904038,0,-1,-0.13161798467135244,0,-1,0.15644756825486517,1,1,0.0
2021-06-07,5.763229,5.873527,5.6485243,5.8735,805977562.0,TRALT,27.96904761904762,27.44394761904762,27.969176190476194,26.897734761904765,0,0.037244375375269145,0.04766066746338926,0.08203456025938594,0.024929518498359084,0.030238488161312128,27.6767380952381,26.55841904761905,22.376861904761903,0.2499092919322916,46.87291638885183,0.18092038874482697,0.2924057268915746,-0.11148533814674766,-3.615149824411701,0.1831459642857143,34548432984.25,-0.0359070400953434,0,-1,-0.11092193751596136,0,-1,-0.16359921682131606,0,-1,-0.19872307823274027,0,-1,-0.14364518600493736,0,-1,0.14764620754235147,1,1,0.0
2021-06-08,5.9328256,6.014155,5.8360267,5.8688,1113127827.0,TRALT,27.94666666666667,28.251550476190477,28.638833333333334,27.790603333333333,0,-0.0008002043074826215,0.0450700714069483,0.08868978054798071,0.0248229004648258,0.02936291686326267,27.79057142857143,26.55350476190476,22.417709523809528,0.24663345454560903,48.856765584821744,0.21595503948691075,0.27711558941064185,-0.0611605499237311,-2.3412929528246917,0.188838,33435305157.25,-0.030346919302072006,0,-1,-0.11900218102508187,0,-1,-0.16773446019629223,0,-1,-0.2112527262813524,0,-1,-0.14854825517993464,0,-1,0.14537895310796078,1,1,0.0
2021-06-09,5.8852,5.929778,5.8360267,5.8829,486205151.0,TRALT,28.013809523809527,28.024761904761906,28.237038095238095,27.790603333333333,0,0.002402535441657694,0.04323384937312702,0.06899622038086939,0.024525537202872594,0.028871456001565744,27.88097619047619,26.56064761904762,22.46129285714286,0.24720378751042937,44.71905048076922,0.24629893919097157,0.2709522593667078,-0.024653320175736237,2.4484962471483573,0.18080552142857145,33921510308.25,-0.02629655442043899,0,-1,-0.14343266076254912,0,-1,-0.14900814224277148,0,-1,-0.24421628788522665,0,-1,-0.17051114246375088,0,-1,0.13943803226299956,1,1,0.0
2021-06-10,6.042749,6.1594696,5.934466,6.0188,2131161770.0,TRALT,28.66095238095238,28.774995238095237,29.330807619047622,28.259361904761903,0,0.023100851620799112,0.07807770155295635,0.048151437577277356,0.02317135938412624,0.028858861896575286,27.946809523809527,26.589219047619054,22.510064285714282,0.27325057881516934,45.48485072968367,0.31888975589140856,0.280539758671648,0.03834999721976057,2.310085162079911,0.18114055000000004,36052672078.25,-0.051388981192264205,0,-1,-0.15576194590283776,0,-1,-0.18457167541702657,0,-1,-0.2605170465873595,0,-1,-0.19392569947497829,0,-1,0.09736160031900054,1,1,0.0
2021-06-11,5.951247,6.0516553,5.878215,5.9063,513856168.0,TRALT,28.125238095238096,28.339271428571433,28.81740619047619,27.991500000000002,0,-0.01869143350834046,0.04303676756260377,-0.0247675973779371,0.020097251019480497,0.028964866208198894,27.911095238095243,26.661533333333338,22.555264285714287,0.24694784060019348,43.376898622394904,0.3293937888516787,0.29031056470765415,0.03908322414402454,2.10562710692368,0.18047092857142863,35538815910.25,-0.04840593942061866,0,-1,-0.1682440783570086,0,-1,-0.1587288149941588,0,-1,-0.26070467128320607,0,-1,-0.1484008600985388,0,-1,0.09762457037400751,1,1,0.0
2021-06-14,5.8365426,5.939153,5.756338,5.7751,384315606.0,TRALT,27.500476190476192,27.79306,28.281680952380952,27.411133333333336,0,-0.022213568562382546,-0.016753213586447546,-0.04123848260977847,0.0206326951268987,0.02908183811242394,27.851952380952383,26.695466666666665,22.59655952380953,0.21702050090853464,41.98577680525164,0.28403111242812784,0.2890546742517489,-0.00502356182362107,3.01089845352549,0.1821481428571429,35154500304.25,-0.052760991151668435,0,-1,-0.13961663001506475,0,-1,-0.11120153763571194,0,-1,-0.24756281276514702,0,-1,-0.13961663001506475,0,-1,-0.09009367803154922,0,-1,0.0
2021-06-15,5.8217297,5.9063406,5.71415,5.8313,807017842.0,TRALT,27.76809523809524,27.72252238095238,28.12543142857143,27.210238095238097,0,0.009731433221935593,-0.006389721919302094,-0.022790876946022554,0.02071155052121722,0.028835653612055433,27.81957142857143,26.72046666666667,22.63941666666667,0.22653757589875623,53.556017260668035,0.26660226019777156,0.28456419144095346,-0.017961931243181906,3.839236426447279,0.17109895000000006,35961518146.25,-0.057877317236293635,0,-1,-0.1302111021556086,0,-1,-0.13424107831872822,0,-1,-0.24757772709344394,0,-1,-0.1237802891293538,0,-1,-0.1157546344725876,0,-1,0.0
2021-06-16,5.8870273,5.939153,5.803214,5.9345,818667222.0,TRALT,28.25952380952381,28.033463333333334,28.281680952380952,27.63435238095238,0,0.017697597448253388,0.008771184279861899,0.005557720656759857,0.020971122022141398,0.02869466207041628,27.827380952380953,26.749485714285715,22.686126190476195,0.2456742756454986,52.125205930807226,0.2891112533483735,0.28547360382243747,0.0036376495259360375,5.23842457129684,0.16507207857142867,36780185368.25,-0.07505265818518836,0,-1,-0.16193445109107762,0,-1,-0.15955851377538133,0,-1,-0.2504002022074311,0,-1,-0.14533659111972363,0,-1,-0.08373072710422103,0,-1,0.0
2021-06-17,5.8628397,5.929778,5.7844634,5.7892,577555253.0,TRALT,27.56761904761905,27.91828428571429,28.237038095238095,27.54506380952381,0,-0.024483949785154446,-0.038147138964577554,-0.03889765086743591,0.02111577363698269,0.028800564830383294,27.771595238095237,26.780295238095235,22.732166666666668,0.21271410032563476,50.18637481164249,0.24825710739306928,0.27803030453656385,-0.02977319714349458,3.6952121657203296,0.1660790142857144,36202630115.25,-0.040489186761556106,0,-1,-0.1465660194845576,0,-1,-0.14413044980308165,0,-1,-0.24454156014647976,0,-1,-0.09718095764527046,0,-1,-0.0453603261245078,0,-1,0.0
2021-06-18,5.726432,5.8313394,5.639149,5.6532,588702479.0,TRALT,26.92,27.26872380952381,27.768282857142857,26.853090476190477,0,-0.02349201962274583,-0.04285254728002297,-0.07938834334847811,0.02102721735372304,0.02892580383071492,27.65552380952381,26.79190476190476,22.775414285714287,0.181976304022069,51.924181504882256,0.161757814228924,0.2547758064750359,-0.0930179922461119,-0.16600148341751053,0.16540675714285724,35613927636.25,-0.06467133658812696,0,-1,-0.1393016344725111,0,-1,-0.1475978207033184,0,-1,-0.2131005448241704,0,-1,-0.057206537890044706,0,-1,-0.008296186230807301,0,0,0.0
2021-06-21,5.6169295,5.6766496,5.554773,5.6626,496433352.0,TRALT,26.964761904761907,26.747283333333336,27.031664761904764,26.4513,0,0.001662775065449651,-0.019480182161347837,-0.07076044504250212,0.02104343106890648,0.02884582255584895,27.552857142857142,26.816904761904762,22.82072857142857,0.18159075510506018,51.924181504882256,0.09571506909011518,0.22296365899805176,-0.12724858990793658,-3.59070400953434,0.17009433571428584,36110360988.25,-0.07780878041888883,0,-1,-0.13244799208843994,0,-1,-0.13410800692261515,0,-1,-0.218963020520609,0,-1,-0.045526789813866486,0,-1,-0.016564828877194127,0,0,0.0
2021-06-22,5.698353,5.7329006,5.6578994,5.6907,474345313.0,TRALT,27.09857142857143,27.135014285714288,27.299526666666665,26.942378095238094,0,0.004962384770246686,-0.02411126163977162,-0.053049338547300096,0.020974969480642466,0.02870074285703492,27.476952380952383,26.827619047619045,22.864535714285715,0.18517916861265182,52.1088769004414,0.05355567158906993,0.1890820615162554,-0.13552638992718546,-3.0346919302072006,0.1640674857142858,36584706301.25,-0.09142987681656034,0,-1,-0.14168731439014526,0,-1,-0.14579928655525676,0,-1,-0.2116962763807616,0,-1,-0.008241516860843068,0,0,-0.04695380181699971,0,-1,0.0
2021-06-23,5.7512755,5.803214,5.6907125,5.7282,830394226.0,TRALT,27.27714285714286,27.387026190476192,27.63435238095238,27.098630952380955,0,0.006589698982550463,-0.0347628275339118,-0.00245546209706915,0.018569447698151272,0.028607338652593996,27.473595238095243,26.83386666666667,22.909847619047618,0.19062960656552774,56.03054702415541,0.034159497802338734,0.1580975487734721,-0.12393805097113336,-2.629655442043899,0.15837629285714291,37415100527.25,-0.12029957054572116,0,-1,-0.1260256275968018,0,-1,-0.13829824377640443,0,-1,-0.21849795747355194,0,-1,-0.026186236514088246,0,-1,-0.026186236514088246,0,-1,0.0
2021-06-24,5.752588,5.7985263,5.704775,5.7095,489680196.0,TRALT,27.18809523809524,27.393276190476193,27.61203,27.16559523809524,0,-0.0032645508187563177,-0.013767014440682734,-0.029475258800931603,0.017661389720507608,0.028538704477172987,27.43230952380953,26.819133333333333,22.95170238095238,0.18457858971971697,52.05036285739266,0.011470269551928425,0.12877209292916336,-0.11730182337723494,-5.13889811922642,0.15737192142857154,36925420331.25,-0.11002714773622924,0,-1,-0.14039758297574223,0,-1,-0.13136001401173492,0,-1,-0.21881075400648042,0,-1,-0.00986075838514755,0,0,-0.012330326648568257,0,0,0.0
2021-06-25,5.696946,5.751651,5.6203985,5.6204,381970821.0,TRALT,26.763809523809524,27.128314285714286,27.388814285714286,26.763802380952384,0,-0.015605569664594143,-0.0058020236326329355,-0.028368916933183552,0.01761172611088142,0.025417454100189328,27.393238095238097,26.791457142857144,22.992885714285716,0.1640039382782168,37.6162051081319,-0.04028306049670505,0.09496106224398969,-0.13524412274069475,-4.840593942061866,0.15067547857142863,36543449510.25,-0.12593409721727988,0,-1,-0.11593480891039787,0,-1,-0.13344245961141543,0,-1,-0.21434417479182966,0,-1,0.008344601807700469,1,0,0.04003273788342465,1,1,0.0
2021-06-28,5.570429,5.6813364,5.4141455,5.4704,455031334.0,TRALT,26.04952380952381,26.525852380952383,27.05398285714286,25.78164523809524,0,-0.026688491922283175,-0.033942005439197676,-0.02424058648306382,0.017269236608524006,0.024776589691783864,27.36088095238095,26.785657142857143,23.032507142857142,0.13098950313805968,32.9335161069225,-0.13735153206761197,0.048498543381669354,-0.18585007544928134,-5.2760991151668435,0.15703709285714293,36088418176.25,-0.09169347762503655,0,-1,-0.06169567124890307,0,-1,-0.09425270546943543,0,-1,-0.2005155016086575,0,-1,0.029997806376133473,1,1,0.07026908452763969,1,1,0.0
2021-06-29,5.4208016,5.493834,5.339144,5.4938,542803982.0,TRALT,26.160952380952384,25.81334095238095,26.161114285714284,25.42449523809524,0,0.004277566539924171,-0.03460031279104492,-0.021707000017807232,0.01730088954478941,0.024523708686174005,27.331857142857142,26.792800000000003,23.073130952380957,0.13382758650935456,33.46366340841479,-0.202948180368832,-0.0017908013684309124,-0.2011573790004011,-5.7877317236293635,0.16138985714285717,36631222158.25,-0.07677745822563631,0,-1,-0.08105500746295835,0,-1,-0.0929957406530999,0,-1,-0.17789144126105805,0,-1,0.016218282427463704,1,0,0.061432887982816764,1,1,0.0
2021-06-30,5.50485,5.554773,5.4422708,5.4891,474876551.0,TRALT,26.138571428571428,26.21357142857143,26.4513,25.91557523809524,0,-0.0008555098474645195,-0.04174086100345664,-0.026599989360004295,0.017259036842144637,0.024482230508993813,27.29614285714286,26.816009523809527,23.116266666666665,0.13074363630970232,24.66277623648716,-0.25381414113244105,-0.052195469321232944,-0.2016186718112081,-7.505265818518836,0.14967075714285713,36156345607.25,-0.09393160991783711,0,-1,-0.09136288280410276,0,-1,-0.08881237361316052,0,-1,-0.1750560201125867,0,-1,0.049534532072653015,1,1,0.07174217995664156,1,1,0.0
2021-07-01,5.5236473,5.5782104,5.461021,5.5548,426070091.0,TRALT,26.451428571428572,26.303082380952382,26.562906666666667,26.004861904761903,0,0.011969175274635147,-0.02709519222348722,-0.005033226459366991,0.017369653611906982,0.02423027985316668,27.289452380952383,26.842352380952384,23.160854761904762,0.14207480006032358,32.3985978968453,-0.26581665579187685,-0.09491970661536173,-0.17089694917651513,-4.04891867615561,0.1456528357142857,36582415698.25,-0.11055303521278903,0,-1,-0.1080146899978397,0,-1,-0.12490098653416859,0,-1,-0.16456038021170882,0,-1,0.033754590624325065,1,1,0.054007344998920015,1,1,0.0
2021-07-02,5.400504,5.5641475,5.282893,5.2876,695555503.0,TRALT,25.179047619047623,25.716685714285713,26.495940476190476,25.156633333333332,0,-0.04810254194570451,-0.059212867411571946,-0.06622399604421991,0.020045070495223173,0.024979992919801488,27.200166666666668,26.82181904761905,23.19690476190476,0.08544859227934776,28.51476421330986,-0.3736915605635147,-0.15067407740499233,-0.22301748315852238,-6.4671336588126955,0.15268422857142858,35886860195.25,-0.07979045313563815,0,-1,-0.08866026174445873,0,-1,-0.08067932521370758,0,-1,-0.0966411982752099,0,-1,0.07356834858915184,1,1,0.13474922460095295,1,1,0.0
2021-07-05,5.2055955,5.329769,5.0953903,5.222,806968901.0,TRALT,24.86666666666667,24.78855,25.379852380952382,24.263763333333333,0,-0.01240638474922462,-0.04540801403919259,-0.11092193751596136,0.017707067575720742,0.02484364709803708,27.04504761904762,26.807980952380955,23.23334523809524,0.07030074282601828,23.3674272226594,-0.4788696210666856,-0.21631318613733103,-0.2625564349293546,-7.780878041888883,0.15569766428571427,35079891294.25,-0.05924932975871322,0,-1,-0.061049406357717495,0,-1,-0.07183071620068959,0,-1,-0.0951551129835313,0,-1,0.07719264649559543,1,1,0.15888548448870154,1,1,0.0
2021-07-07,5.168282,5.2219553,5.1188283,5.1704,403948911.0,TRALT,24.62095238095238,24.610866666666666,24.86645380952381,24.375372857142857,0,-0.009881271543470072,-0.05886635844042387,-0.11900218102508187,0.01769095138237792,0.024485430999453748,26.87876190476191,26.79146666666667,23.26961904761905,0.058072860177382335,15.023345234825683,-0.5754180203661292,-0.28813415298309064,-0.28728386738303857,-9.142987681656034,0.1533571428571429,34675942383.25,-0.055314869255763566,0,-1,-0.05984063128578054,0,-1,-0.04442596317499625,0,-1,-0.07616431997524353,0,-1,0.09337768838000926,1,1,0.21124090979421317,1,1,0.0
2021-07-08,5.1061716,5.1891418,5.0344524,5.0391,323354349.0,TRALT,23.99571428571429,24.315102857142858,24.710199047619046,23.97358285714286,0,-0.025394553612873128,-0.0819806525659943,-0.14343266076254912,0.0180703142327109,0.024592502785681522,26.677857142857146,26.773609523809526,23.30494285714286,0.0296405544869085,15.218399332282374,-0.6943804260429047,-0.3693834075950535,-0.3249970184478512,-12.029957054572115,0.1536894857142857,34352588034.25,-0.006509098847016448,0,0,-0.020460002778273978,0,-1,-0.019527296541049233,0,0,-0.08463812982477048,0,-1,0.2009485820880712,1,1,0.2158321922565536,1,1,0.0
2021-07-09,5.0986247,5.1328907,5.053202,5.0813,320563252.0,TRALT,24.196666666666665,24.27916523809524,24.442336666666666,24.062866666666665,0,0.008374511321465938,-0.08524159285662858,-0.15576194590283776,0.017025261181808513,0.024140618817258985,26.454642857142858,26.770923809523815,23.3399880952381,0.0367043276942951,20.95479939055359,-0.7636410334226085,-0.44823493276056453,-0.31540610066204394,-11.002714773622923,0.14666093571428565,34673151286.25,-0.03412512546002,0,-1,-0.023970243835238936,0,-1,-0.040580166492826586,0,-1,-0.07472497195599548,0,-1,0.19465491114478595,1,1,0.18266978922716626,1,1,0.0
2021-07-12,4.976936,5.090703,4.8750744,4.9126,327425943.0,TRALT,23.393333333333334,23.69969523809524,24.24144285714286,23.21464,0,-0.03320016531202641,-0.07092064452681757,-0.1682440783570086,0.0177839532453978,0.024432845448897674,26.21804761904762,26.76959047619048,23.371350000000003,0.0009406103341627059,17.214547997901732,-0.8732861508843222,-0.5332451763853161,-0.34004097449900605,-12.593409721727989,0.1533575071428571,34345725343.25,0.011439970687619594,1,0,-0.008590155925579102,0,0,0.012396694214876103,1,0,-0.0410373325733826,0,-1,0.22995969547693695,1,1,0.24426983674632563,1,1,0.0
2021-07-13,4.903341,5.015702,4.814136,4.9688,456348906.0,TRALT,23.66095238095238,23.34924285714286,23.88429523809524,22.924457142857147,0,0.011439970687619594,-0.04848716966679445,-0.13961663001506475,0.018059500069517734,0.023125113397372207,26.02607142857143,26.761552380952384,23.40349285714286,0.011000901676560648,19.19959040873796,-0.9278899382492831,-0.6121741287581095,-0.3157158094911736,-9.169347762503655,0.16239784999999993,34802074249.25,0.033026082756399955,1,1,-0.0028175817098695655,0,0,-0.02453308645950736,0,-1,-0.06838673321526334,0,-1,0.2754789888906779,1,1,0.17076557720173913,1,1,0.0
2021-07-14,5.024514,5.086015,4.9500756,5.072,347469918.0,TRALT,24.152380952380952,23.926257142857143,24.219119047619046,23.571788571428574,0,0.02076960231846714,-0.019031409562122903,-0.1302111021556086,0.01876341001485388,0.023167143944926465,25.845285714285716,26.752180952380954,23.43909761904762,0.030431347866979763,23.48901098901098,-0.9208941598229785,-0.6739181349710833,-0.24697602485189518,-7.677745822563631,0.16407109285714278,35149544167.25,-0.004633280757097791,0,0,-0.017567034700315398,0,0,-0.06378154574132477,0,-1,-0.07626182965299677,0,-1,0.2661671924290221,1,1,0.1774447949526814,1,1,0.0
2021-07-16,5.007311,5.090703,4.954763,4.9735,202967977.0,TRALT,23.683333333333334,23.844338095238093,24.24144285714286,23.594109523809525,0,-0.019420347003154537,-0.013018197694032785,-0.16193445109107762,0.01803631759577542,0.022936130380999196,25.61647619047619,26.748161904761904,23.471742857142857,0.009014689598394465,22.06619098223773,-0.9423355205831143,-0.7276016120934896,-0.2147339084896247,-9.393160991783711,0.1670845714285714,34946576190.25,0.0028350256358700143,1,0,0.005649944706946908,1,0,-0.03675480044234436,0,-1,-0.012244897959183598,0,0,0.3015984719010756,1,1,0.19981904091685943,1,1,1.0
2021-07-19,4.930904,4.978201,4.9031997,4.9407,68889171.0,TRALT,23.527142857142856,23.480495238095237,23.70571904761905,23.348570000000002,0,-0.0065949532522369125,-0.027670084427213526,-0.1465660194845576,0.017648508098103657,0.022930767658298108,25.41445238095238,26.73477142857143,23.503161904761907,0.001020328774405943,23.05130441677899,-0.9608550802983196,-0.7742523057344556,-0.18660277456386398,-11.055303521278903,0.1630666285714286,34877687019.25,0.0028538466209242497,1,0,-0.016131317424656344,0,0,-0.04458882344607029,0,-1,-0.004736170987916566,0,0,0.31404456858339924,1,1,0.21915922844941016,1,1,0.0
2021-07-26,4.8935437,4.964138,4.856324,4.8657,205964479.0,TRALT,23.17,23.30258904761905,23.638752380952383,23.125352380952382,0,-0.015180035217681631,-0.0095468794528355,-0.1393016344725111,0.01735352368845134,0.022278485988624506,25.226952380952383,26.693695238095238,23.532961904761905,-0.015423553831889647,24.508894696905827,-0.9929048199008506,-0.8179828085677346,-0.1749220113331159,-7.979045313563815,0.1516825642857143,34671722540.25,-0.009638900877571577,0,0,-0.0009659452905029786,0,0,-0.02022319501818859,0,-1,0.010604846168074555,1,0,0.3458495180549561,1,1,0.23314219947797832,1,1,0.0
2021-07-27,4.9125752,4.964138,4.846949,4.9126,234420160.0,TRALT,23.393333333333334,23.393215238095237,23.638752380952383,23.080709523809528,0,0.009638900877571466,-0.011310578006762162,-0.13244799208843994,0.01765994969685815,0.022121002656701465,25.048380952380953,26.64459047619048,23.563040476190476,-0.007202259955739754,25.975529100529045,-0.9888840956209641,-0.8521630659783807,-0.13672102964258348,-5.924932975871322,0.14900392142857147,34906142700.25,-0.0019134470545129068,0,0,-0.013373773561861424,0,0,-0.04199405610063922,0,-1,0.023857020722224398,1,1,0.3721247404632986,1,1,0.22232626307861425,1,1,0.0
2021-07-28,4.9144034,4.9828887,4.8750744,4.8844,239591956.0,TRALT,23.25904761904762,23.401920952380955,23.72804142857143,23.21464,0,-0.005740341163538609,-0.036987381703469935,-0.14168731439014526,0.017441467619911784,0.022124982390717998,24.856404761904763,26.59637142857143,23.59099761904762,-0.014071045462358045,25.480496310112684,-0.9851768718048639,-0.8787658271436773,-0.10641104466118656,-5.531486925576356,0.1486690714285715,34666550744.25,-0.004790762427319684,0,0,0.01152649250675597,1,0,-0.05228891982638617,0,-1,0.023052985013512384,1,1,0.3762181639505364,1,1,0.2552821226762756,1,1,1.0
2021-07-29,4.971404,5.006327,4.9219503,5.0063,329615537.0,TRALT,23.83952380952381,23.67335238095238,23.83965238095238,23.43785857142857,0,0.024957005978216262,0.0065949532522369125,-0.1260256275968018,0.01866128794325103,0.022210253196774967,24.68452380952381,26.54904761904762,23.620628571428576,0.009267121636213016,28.728767548281965,-0.924739471890387,-0.8879605560930193,-0.036778915797367695,-0.6509098847016448,0.14900747142857146,34996166281.25,-0.014042306693566098,0,0,-0.01310348960310026,0,0,-0.11187903241915187,0,-1,-0.025268162115734127,0,-1,0.3389529193216547,1,1,0.19944869464474757,1,1,0.0
2021-08-03,4.9281383,4.9735136,4.8844495,4.9079,344013475.0,TRALT,23.37095238095238,23.46732523809524,23.683398095238097,23.259283333333332,0,-0.019655234404650224,-0.006638735401866103,-0.14039758297574223,0.018868381761195485,0.02216703681922755,24.493666666666666,26.46958095238095,23.64869761904762,-0.011744631462137334,33.05667112896022,-0.9042288084600649,-0.8912142065664284,-0.013014601893636568,-3.412512546002,0.1376214714285715,34652152806.25,0.010513661647547856,1,0,-0.006683102752704895,0,0,-0.09313555695918818,0,-1,-0.011471301371258402,0,0,0.34574869088612226,1,1,0.1805049002628416,1,1,0.0
2021-08-04,4.957857,5.015702,4.898513,4.9688,518963550.0,TRALT,23.66095238095238,23.608842857142857,23.88429523809524,23.326252380952383,0,0.0124085657816988,0.021189140308691456,-0.11593480891039787,0.019260191241104015,0.021732798696781807,24.33852380952381,26.366009523809524,23.67693333333333,-0.0006749587100645105,38.653880623767634,-0.8547206954196724,-0.8839155043370772,0.02919480891740478,1.1439970687619594,0.12925077857142866,35171116356.25,-0.01980357430365476,0,0,0.0009459024311704312,1,0,-0.12121639027531794,0,-1,0.012276606021574654,1,0,0.3047214619223957,1,1,0.16887377233939782,1,1,1.0
2021-08-05,5.17161,5.268831,4.9453883,5.1329,1737153209.0,TRALT,24.442380952380955,24.62671428571429,25.089671428571428,23.549468095238097,0,0.033026082756399955,0.04484387086267971,-0.06169567124890307,0.020468977670369887,0.021897509607997728,24.258166666666668,26.281190476190478,23.713428571428572,0.030740066910049046,48.47349995929334,-0.7438556986453477,-0.8559035431987313,0.11204784455338357,3.3026082756399955,0.1449844214285714,36908269565.25,-0.03469773422431777,0,-1,-0.0557189892653277,0,-1,-0.15342204212043886,0,-1,-0.031970231253287684,0,-1,0.023748758012039906,1,1,0.168949326891231,1,1,0.0
2021-08-06,5.0891094,5.161016,5.0344524,5.0485,482264479.0,TRALT,24.04047619047619,24.233854285714287,24.57626666666667,23.97358285714286,0,-0.016442946482495335,0.03359675702235676,-0.08105500746295835,0.020606304368841647,0.021798828876977115,24.152142857142856,26.19368571428571,23.748195238095235,0.01230750166278316,50.3978330793973,-0.6805794491462365,-0.8208387243882324,0.14025927524199588,-0.4633280757097791,0.1429754357142857,36426005086.25,-0.012993958601564826,0,0,-0.059423591165692735,0,-1,-0.1309101713380212,0,-1,0.012082796870357404,1,0,0.02135287709220557,1,1,0.20055462018421322,1,1,0.0
2021-08-09,5.014108,5.05789,4.9875765,4.9876,327952756.0,TRALT,23.75047619047619,23.876704761904765,24.08519047619048,23.750364285714287,0,-0.012062989006635716,-0.0037352935301521173,-0.09136288280410276,0.02066817266628269,0.02150561464242172,24.032738095238095,26.106628571428573,23.781454761904765,-0.0013026356772000147,46.09615865344554,-0.646382051970054,-0.7859473899045968,0.13956533793454273,0.28350256358700143,0.14129849285714288,36098052330.25,0.0028069612639347596,1,0,-0.039477905204908015,0,-1,-0.10808805838479418,0,-1,0.016921966476862726,1,0,0.09022375491218226,1,1,0.19736947630122725,1,1,0.0
2021-08-10,5.0231547,5.0953903,4.9407005,4.9548,440228853.0,TRALT,23.594285714285714,23.919784285714286,24.263763333333333,23.52714523809524,0,-0.00657630924693231,0.009556021923837088,-0.1080146899978397,0.020299593492843132,0.02145471466138323,23.889880952380956,26.00484761904762,23.81477142857143,-0.009258359457575582,51.982710016914105,-0.6246826813204898,-0.7536944481877754,0.12901176686728566,0.28538466209242497,0.13694572142857142,35657823477.25,-0.018931137482844917,0,0,-0.047307661257770195,0,-1,-0.11732057802534912,0,-1,0.05485589731169793,1,1,0.11540324533785418,1,1,0.2024501493501254,1,1,0.0
2021-08-11,4.882434,4.959451,4.814136,4.8188,335986835.0,TRALT,22.94666666666667,23.249685714285715,23.616433333333333,22.924457142857147,0,-0.027448131105190843,-0.03018837546288833,-0.08866026174445873,0.018460341242057424,0.02099265132150962,23.778261904761905,25.878952380952384,23.84434761904762,-0.03764753671280385,43.44405594405597,-0.6522247772732612,-0.7334005140048727,0.08117573673161149,-0.9638900877571577,0.13292779285714282,35321836642.25,0.008757366979330827,1,0,-0.01068730804349638,0,0,-0.07684485764090654,0,-1,0.10604299825682717,1,1,0.1634224288204531,1,1,0.2441686726985972,1,1,0.0
2021-08-12,4.881543,4.936013,4.837574,4.9032,344048684.0,TRALT,23.34857142857143,23.245442857142855,23.50482380952381,23.036066666666667,0,0.017514733958661877,-0.044750530888971185,-0.061049406357717495,0.018988148086758406,0.02086009487000124,23.702357142857142,25.765561904761906,23.8761,-0.022094419583959413,42.499111269107715,-0.6343098027564054,-0.7135823717551792,0.07927256899877388,-0.19134470545129068,0.1315901928571428,35665885326.25,-0.011482297275248854,0,0,-0.04015744819709577,0,-1,-0.09799722630119101,0,-1,0.10230053842388642,1,1,0.1357480828846469,1,1,0.2256281612008484,1,1,0.0
2021-08-13,4.8889966,4.936013,4.856324,4.861,282148894.0,TRALT,23.14761904761905,23.28093619047619,23.50482380952381,23.125352380952382,0,-0.008606624245390715,-0.037139744478557946,-0.05984063128578054,0.018965868047489863,0.02086873524126992,23.628690476190478,25.65618095238095,23.90567619047619,-0.03171034095907077,44.73758069042942,-0.6290756416837731,-0.696681025740898,0.0676053840571249,-0.47907624273196836,0.1275722642857142,35383736432.25,0.01639580333264745,1,0,-0.04772680518411865,0,-1,-0.07714462044846748,0,-1,0.16103682369882732,1,1,0.11571693067270106,1,1,0.2439827196050195,1,1,0.0
2021-08-16,4.9175906,4.9500756,4.8703876,4.936,343349819.0,TRALT,23.504761904761907,23.417098095238096,23.571788571428574,23.192321904761904,0,0.01542892408969343,-0.010345657229930083,-0.020460002778273978,0.018612085072650577,0.02078149433909697,23.604142857142854,25.57939047619048,23.936257142857144,-0.018026846700383237,49.78849788497888,-0.589315821564945,-0.6752079849057074,0.08589216334076244,-1.4042306693566098,0.12857757142857132,35727086251.25,0.0009521880064828903,1,0,-0.09923014586709877,0,-1,-0.0930713128038898,0,-1,0.13010534846029165,1,1,0.13010534846029165,1,1,0.2174837925445705,1,1,0.0
2021-08-17,4.953029,4.9969516,4.898513,4.9595,463210159.0,TRALT,23.616666666666667,23.58585238095238,23.79500761904762,23.326252380952383,0,0.004760940032414895,0.0009485751190765335,-0.023970243835238936,0.018535015264395268,0.019943421121371117,23.575142857142858,25.491447619047616,23.965109523809524,-0.014539589597814095,54.426198565496406,-0.5425222399345415,-0.6486708359114742,0.10614859597693271,1.0513661647547856,0.12790789999999985,36190296410.25,-0.01701784454078037,0,0,-0.10257082367174108,0,-1,-0.10067547131767307,0,-1,0.13987297106563168,1,1,0.1370299425345296,1,1,0.21738078435326136,1,1,0.0
2021-08-18,4.9498415,5.006327,4.8703876,4.8704,448843900.0,TRALT,23.192380952380955,23.57067380952381,23.83965238095238,23.192321904761904,0,-0.01796552071781421,0.010708060097949668,-0.008590155925579102,0.017423910752331573,0.018587996747313283,23.56509523809524,25.40439047619048,23.991783333333338,-0.03331983995711241,48.084951896896,-0.533524166122298,-0.625641501953639,0.09211733583134096,-1.9803574303654758,0.12924721428571415,35741452510.25,0.021168692509855314,1,1,-0.1034617279894875,0,-1,-0.09335988830486197,0,-1,0.16362105781865943,1,1,0.20018889618922442,1,1,0.21944809461235204,1,1,0.0
2021-08-19,4.9099035,4.968826,4.8328867,4.9548,494247958.0,TRALT,23.594285714285714,23.38049285714286,23.66107619047619,23.013746190476194,0,0.017329172141918425,0.010523739598629511,-0.0028175817098695655,0.017680407419247198,0.018778282638543944,23.561761904761905,25.342342857142857,24.018626190476194,-0.0176671418600427,53.03972366148531,-0.48833356698785124,-0.5981799149604815,0.10984634797263026,-3.4697734224317767,0.13125614285714265,36235700468.25,-0.021776862840074296,0,-1,-0.12299184629046589,0,-1,-0.11732057802534912,0,-1,0.13718010817792847,1,1,0.1816420440784694,1,1,0.1778477436021635,1,1,0.0
2021-08-20,4.973889,5.001639,4.9313254,4.9829,504314481.0,TRALT,23.72809523809524,23.685185714285716,23.817328571428572,23.482501904761907,0,0.005671268265116769,0.02507714462044852,-0.017567034700315398,0.017058630117299863,0.01879345899443318,23.540547619047622,25.282076190476197,24.047757142857144,-0.013292794952266651,48.90058259725615,-0.4366885080232059,-0.5658816335730265,0.12919312554982054,-1.2993958601564826,0.12756947142857125,36740014949.25,-0.047040879808946556,0,-1,-0.11946858255232895,0,-1,-0.09360011238435462,0,-1,0.12041180838467569,1,1,0.17026229705593132,1,1,0.16462301069658247,1,1,0.0
2021-08-23,5.0240927,5.0672646,4.9875765,5.0016,376679027.0,TRALT,23.81714285714286,23.92425095238095,24.12983142857143,23.750364285714287,0,0.0037528346946558155,0.01329011345218789,0.005649944706946908,0.016501493570065466,0.018781254821209212,23.547238095238097,25.221361904761906,24.078280952380954,-0.010845379524997756,54.75876079228036,-0.3841458340041086,-0.5295344736592429,0.14538863965513427,0.28069612639347596,0.12489190714285689,37116693976.25,-0.04216650671785027,0,-1,-0.11058461292386446,0,-1,-0.09464971209213047,0,-1,0.15183141394753674,1,1,0.1762036148432502,1,1,0.09279030710172753,1,1,0.0
2021-08-26,4.9061065,4.9453883,4.846949,4.861,315607698.0,TRALT,23.14761904761905,23.362411904761906,23.549468095238097,23.080709523809528,0,-0.028111004478566848,-0.019860873071882224,-0.016131317424656344,0.017644069866840802,0.018814232445693697,23.528261904761905,25.152609523809524,24.104340476190476,-0.03969083615942315,44.93516256342794,-0.39201149775168176,-0.5020298784777307,0.11001838072604897,-1.8931137482844917,0.127567764285714,36801086278.25,-0.028924089693478705,0,-1,-0.10028800658300763,0,-1,-0.04531989302612638,0,-1,0.18130014400329153,1,1,0.20444353013783179,1,1,0.10415552355482416,1,1,0.0
2021-08-27,4.869965,4.9125752,4.8328867,4.861,319593638.0,TRALT,23.14761904761905,23.190309523809525,23.393215238095237,23.013746190476194,0,0.0,-0.0019300262812089741,-0.0009659452905029786,0.0173101524910404,0.018579942723118744,23.527142857142856,25.076266666666665,24.129897619047625,-0.04070794608979966,34.89612265303852,-0.3937066873231174,-0.4803652402468081,0.08665855292369068,0.8757366979330827,0.11015674999999973,36801086278.25,-0.019275869162723724,0,0,-0.0848590824933142,0,-1,-0.017362682575601585,0,0,0.1677844065007199,1,1,0.2343344990742644,1,1,0.1378934375642873,1,1,0.0
2021-08-31,4.865465,4.9031997,4.837574,4.8469,369407218.0,TRALT,23.08047619047619,23.168880952380956,23.348570000000002,23.036066666666667,0,-0.0029006377288623986,-0.021776862840074296,-0.013373773561861424,0.017172784594630598,0.01857306275056745,23.5115,24.97849523809524,24.15645952380952,-0.04454226134723094,37.85249457700648,-0.39590426676144475,-0.46347304554973545,0.0675687787882907,-1.1482297275248854,0.10580404285714261,36431679060.25,-0.029008232065856565,0,-1,-0.0875198580536013,0,-1,-0.025129464193608175,0,-1,0.1605562318182756,1,1,0.24857125172790862,1,1,0.13346675194454205,1,1,0.0
2021-09-01,4.9005284,4.959451,4.837574,4.9407,627541328.0,TRALT,23.527142857142856,23.335849523809525,23.616433333333333,23.036066666666667,0,0.019352575873238465,-0.008468963856388956,0.01152649250675597,0.01768142589904783,0.01875750848227705,23.52490476190476,24.89010476190476,24.184361904761907,-0.02717537267293557,47.2817897299177,-0.35748275853303113,-0.4422749881463946,0.08479222961336347,1.6395803332647452,0.10948714999999971,37059220388.25,-0.06308822636468514,0,-1,-0.09203149351306494,0,-1,-0.0332139170562874,0,-1,0.14421033456797638,1,1,0.2675531807233793,1,1,0.22106179286335959,1,1,0.0
2021-09-02,4.9627323,5.006327,4.9313254,4.9407,955659690.0,TRALT,23.527142857142856,23.632058571428573,23.83965238095238,23.482501904761907,0,0.0,-0.01217610364683308,-0.01310348960310026,0.016736421948711163,0.01795625928025196,23.509285714285713,24.80037142857143,24.213547619047617,-0.0283479634089141,49.150500060248206,-0.32330655968133826,-0.4184813024533834,0.09517474277204513,0.09521880064828903,0.10379513571428538,37059220388.25,-0.1000870322019145,0,-1,-0.09393405792701426,0,-1,-0.06640759406561825,0,-1,0.22486692169125844,1,1,0.24004695690894007,1,1,0.2476369745177811,1,1,0.0
2021-09-03,4.8986526,4.954763,4.8657,4.8751,352338761.0,TRALT,23.214761904761904,23.326917142857145,23.594109523809525,23.17,0,-0.013277470803732205,0.0029006377288622875,-0.006683102752704895,0.016410346416865267,0.017659307790665484,23.50147619047619,24.691447619047622,24.241059523809525,-0.042337160141024066,53.70638578011846,-0.31776520852385914,-0.3983380836674786,0.08057287514361944,-1.701784454078037,0.0997771357142854,36706881627.25,-0.08703411212077694,0,-1,-0.08510594654468617,0,-1,-0.03558901355869626,0,-1,0.24518471415970966,1,1,0.2326926627146111,1,1,0.39037147955939355,1,1,0.0
2021-09-06,4.959826,5.001639,4.893825,4.9735,425383606.0,TRALT,23.683333333333334,23.618219047619046,23.817328571428572,23.30392857142857,0,0.02018420134971599,0.023143386134540256,0.0009459024311704312,0.016812151886914196,0.01781430051632943,23.50259523809524,24.602609523809523,24.270245238095235,-0.024182364001854806,54.54427925016161,-0.272423520767731,-0.3731551710875291,0.10073165031979808,2.1168692509855314,0.1004432785714283,37132265233.25,-0.12204684829596857,0,-1,-0.11215441841761331,0,-1,-0.05277973258268809,0,-1,0.21489896451191326,1,1,0.22903387956167687,1,1,0.3289434000201066,1,1,0.0
2021-09-07,4.9152474,4.992264,4.837574,4.8469,339736884.0,TRALT,23.08047619047619,23.40594,23.772685714285714,23.036066666666667,0,-0.025454911028450766,0.0,-0.0557189892653277,0.0158575449839904,0.017682358143759035,23.4345,24.514209523809527,24.29669523809524,-0.05005697423870703,49.17822590045458,-0.2818860329728423,-0.35490134346459173,0.07301531049174942,-2.1776862840074296,0.10580049285714255,36792528349.25,-0.10346819616662206,0,-1,-0.09767067610225089,0,-1,-0.04495657017887733,0,-1,0.3075574078276837,1,1,0.2002104437888137,1,1,0.38589613980069726,1,1,0.0
2021-09-08,4.8287144,4.879762,4.7344475,4.7485,328964677.0,TRALT,22.611904761904764,22.993878095238095,23.23696190476191,22.544988095238097,0,-0.02030163609729918,-0.03890137025117879,-0.059423591165692735,0.01605524794813835,0.01782630665552494,23.36307142857143,24.411085714285715,24.31946428571429,-0.07021369812050415,39.362305684783834,-0.323466223071172,-0.3486143193859078,0.0251480963147358,-4.704087980894656,0.10981755714285686,36463563672.25,-0.07600294829946308,0,-1,-0.048857533958092114,0,-1,-0.013330525429082973,0,0,0.35242708223649566,1,1,0.2576603137833,1,1,0.37809834684637256,1,1,0.0
2021-09-09,4.7721353,4.804761,4.7250724,4.7907,278247093.0,TRALT,22.812857142857144,22.724453809523812,22.879814285714286,22.500344761904763,0,0.00888701695272176,-0.030360070435363262,-0.039477905204908015,0.016111724538501442,0.017867200521290143,23.316190476190478,24.302152380952386,24.34530238095238,-0.0629462396529612,40.62222222222221,-0.33632668095746965,-0.3461567917002202,0.00983011074275053,-4.216650671785027,0.10847827142857115,36741810765.25,-0.07143006241259109,0,-1,-0.05479366272152297,0,-1,0.025445133279061505,1,1,0.35126390715344313,1,1,0.24560085165007206,1,1,0.33658964243221234,1,1,0.0
2021-09-10,4.765807,4.828199,4.7110095,4.7204,253516557.0,TRALT,22.47809523809524,22.694319047619047,22.99142380952381,22.433378571428573,0,-0.014674264721230679,-0.03173268240651461,-0.047307661257770195,0.01633593825400037,0.01791058059606983,23.260380952380952,24.20036190476191,24.370135714285716,-0.07763766678908424,41.488878801634115,-0.36927440895813746,-0.35078031515180363,-0.018494093806333822,-2.8924089693478705,0.10713899285714255,36488294208.25,-0.07348953478518772,0,-1,-0.016884162359122157,0,0,0.04171256673163293,1,1,0.37537073129395804,1,1,0.27605711380391496,1,1,0.34359376324040336,1,1,0.0
2021-09-13,4.8218236,4.8657,4.762573,4.7673,607303669.0,TRALT,22.701428571428572,22.961064761904762,23.17,22.678919047619047,0,0.009935598678078028,-0.04145973660400115,-0.01068730804349638,0.015419178171403442,0.01784978774591231,23.24811904761905,24.115990476190476,24.395973809523813,-0.06946003678007384,38.88823041365415,-0.3730641361120348,-0.3552370793438499,-0.017827056768184912,-1.9275869162723724,0.10780761428571406,37095597877.25,-0.06687223375915086,0,-1,0.0019507897552075715,1,0,0.031464350890441084,1,1,0.3736286787070249,1,1,0.2585950118515721,1,1,0.3352841230885406,1,1,0.0
2021-09-14,4.7293377,4.7813234,4.6969466,4.7063,328212679.0,TRALT,22.41095238095238,22.520655714285716,22.768206666666668,22.366412380952383,0,-0.012795502695446048,-0.029008232065856565,-0.04015744819709577,0.01504835396594105,0.017104963750350803,23.201238095238097,24.024914285714285,24.419354761904764,-0.082246332900064,34.22313483915124,-0.3949537422550726,-0.3631804119260945,-0.03177333032897811,-2.9008232065856565,0.10881212857142833,36767385198.25,-0.06025965195588889,0,-1,0.00399464547521422,1,0,0.06873764953360384,1,1,0.43227163589231465,1,1,0.2759067632747596,1,1,0.3874593629815355,1,1,0.0
2021-09-15,4.6931973,4.7531977,4.6289773,4.629,413091036.0,TRALT,22.04285714285714,22.34855857142857,22.634274761904763,22.042749047619047,0,-0.01642479229968352,-0.025165841844793313,-0.04772680518411865,0.01532958443798737,0.017181295020091674,23.146,23.9238,24.44340714285714,-0.0982084856652845,30.07912745936693,-0.4369665439273902,-0.37793763832635363,-0.059028905601036574,-6.3088226364685145,0.11165897142857124,36354294162.25,-0.030892201339382086,0,-1,0.03188593648736249,1,1,0.07949881183841012,1,1,0.45214949233095725,1,1,0.32454093756750946,1,1,0.4420177144091597,1,1,0.0
2021-09-16,4.545163,4.652415,4.4461617,4.4462,587843378.0,TRALT,21.172380952380955,21.643633333333334,22.154357142857144,21.172198571428574,0,-0.039490170663210034,-0.07191015926691291,-0.09923014586709877,0.01682667517507428,0.017766165401370892,23.029380952380954,23.801704761904762,24.46712380952381,-0.1346599985675626,28.780437896459986,-0.5343425770257113,-0.40921862606622517,-0.12512395095948614,-10.00870322019145,0.11534484999999986,35766450784.25,0.006837299266789554,1,0,0.037425217039269265,1,1,0.09752147901578878,1,1,0.5076244883271106,1,1,0.35054653411902303,1,1,0.511852818136836,1,1,1.0
2021-09-17,4.448693,4.48835,4.399286,4.4508,388771907.0,TRALT,21.194285714285716,21.18425238095238,21.37309523809524,20.948980952380953,0,0.0010345913364220305,-0.05711380391492249,-0.10257082367174108,0.016732385469943968,0.017409954825850643,22.908261904761908,23.68182857142857,24.49045,-0.13458978033128355,29.1140529531568,-0.6027975783379667,-0.4479344165205735,-0.15486316181739318,-8.703411212077693,0.11601452857142844,36155222691.25,0.002111979868787639,1,0,0.05634942032892942,1,1,0.09005122674575361,1,1,0.4839579401455918,1,1,0.30174350678529693,1,1,0.5397681315718523,1,1,1.0
2021-09-20,4.406646,4.4625683,4.354754,4.3665,265184717.0,TRALT,20.792857142857144,20.984028571428574,21.25032523809524,20.73692380952381,0,-0.018940415206255,-0.0840727455792587,-0.1034617279894875,0.016772711211450367,0.01741333499058249,22.788285714285713,23.562409523809524,24.507695238095238,-0.15157843522811876,27.17164037255273,-0.681583718074485,-0.49466427683135583,-0.1869194412431292,-12.204684829596857,0.11902799999999988,35890037974.25,0.011267605633802802,1,0,0.07889614107408693,1,1,0.15190656131913416,1,1,0.4846902553532577,1,1,0.330104202450475,1,1,0.5469598076262452,1,1,1.0
2021-09-21,4.383676,4.434443,4.3406916,4.3454,302189974.0,TRALT,20.69238095238095,20.87464761904762,21.11639523809524,20.669960000000003,0,-0.004832245505553834,-0.07668444425557241,-0.12299184629046589,0.0159080259725463,0.017263880298418903,22.643190476190476,23.455266666666667,24.52465952380952,-0.15626225382285297,19.612046962736073,-0.7435586094949365,-0.544443143364072,-0.1991154661308645,-10.346819616662206,0.11701902857142844,35587848000.25,0.006466608367469151,1,0,0.06526441754499013,1,1,0.14346205182491834,1,1,0.2092787775578775,1,1,0.3807934827633821,1,1,0.5641828140102179,1,1,1.0
2021-09-22,4.3592544,4.392255,4.3149104,4.3876,187085078.0,TRALT,20.893333333333334,20.758354285714287,20.915499999999998,20.547192380952378,0,0.0097114189717864,-0.05214949233095689,-0.11946858255232895,0.016094200018835905,0.017263599241216454,22.50145238095238,23.349914285714284,24.540340476190476,-0.14861273609449466,22.932367622589823,-0.7676104443552738,-0.5890766035623124,-0.17853384079296142,-7.600294829946308,0.11718638571428563,35774933078.25,0.029378247789224154,1,1,0.06782751390281705,1,1,0.16453186252165186,1,1,0.1751982860789496,1,1,0.38139301668338055,1,1,0.5320448536785487,1,1,1.0
2021-09-23,4.436834,4.4836626,4.3758483,4.4485,391890326.0,TRALT,21.183333333333334,21.127780952380952,21.350774285714284,20.83737285714286,0,0.013880025526483708,0.0005172956682109042,-0.11058461292386446,0.01657647654253518,0.017186958429709798,22.369761904761905,23.250809523809526,24.55563095238095,-0.13733296552580077,29.026548672566378,-0.754572874011032,-0.6221758576520563,-0.13239701635897572,-7.143006241259108,0.1185257642857142,36166823404.25,0.017916151511745637,1,0,0.10432730133752965,1,1,0.14015960436102048,1,1,0.22234461054287968,1,1,0.34247499157019234,1,1,0.4952680678880521,1,1,1.0
2021-09-24,4.391223,4.443818,4.350067,4.3735,164353934.0,TRALT,20.826190476190476,20.910585714285716,21.161038095238098,20.714604761904763,0,-0.01685961560076432,-0.017367664240136693,-0.10028800658300763,0.01595554842178089,0.017065555621238106,22.253690476190478,23.13830476190476,24.572483333333334,-0.15245886247324858,19.806763285024132,-0.7642491607896318,-0.6505905182795715,-0.1136586425100603,-7.348953478518771,0.11651819285714275,36002469470.25,0.06109523265119465,1,1,0.12433977363667559,1,1,0.19506116382759808,1,1,0.2636561106665143,1,1,0.36227277923859624,1,1,0.49731336458214237,1,1,1.0
2021-09-27,4.420661,4.467256,4.366473,4.4485,235377567.0,TRALT,21.183333333333334,21.050766666666668,21.272647619047618,20.792728571428572,0,0.017148736709729162,0.018779342723004522,-0.0848590824933142,0.016690621821006033,0.01710621298722717,22.15547619047619,23.058390476190475,24.592628571428573,-0.1386307782510129,28.853503184713375,-0.7346308765188496,-0.6673985899274272,-0.06723228659142244,-6.687223375915085,0.11266769285714277,36237847037.25,0.07375519838147704,1,1,0.10538383724851075,1,1,0.1981117230527143,1,1,0.26026750590086545,1,1,0.3477351916376308,1,1,0.4920984601551086,1,1,1.0
2021-09-28,4.4025674,4.443818,4.364129,4.4227,298568920.0,TRALT,21.06047619047619,20.964606666666665,21.161038095238098,20.781566666666667,0,-0.005799707766662943,0.01778892622083128,-0.0875198580536013,0.016690501341910566,0.017092638426257533,22.05447619047619,22.982266666666668,24.614335714285712,-0.14438169549084867,31.262939958592113,-0.7128543760044899,-0.6764897471428397,-0.03636462886165015,-6.025965195588889,0.10831458571428561,35939278117.25,0.06837452235060026,1,1,0.1372690890180206,1,1,0.22205892328215793,1,1,0.25914034413367415,1,1,0.3587853573608881,1,1,0.5188233432066385,1,1,1.0
2021-09-29,4.527913,4.5914764,4.4578805,4.486,502117450.0,TRALT,21.36190476190476,21.561490476190475,21.864173333333337,21.228002380952383,0,0.014312524023786244,0.022426839274318322,-0.09203149351306494,0.016346939679724122,0.017217584129877037,21.946214285714287,22.91708571428571,24.63833095238095,-0.1329808499126265,32.89163391353169,-0.6636237345644176,-0.6739165446271553,0.010292810062737745,-3.0892201339382086,0.11467799999999993,36441395567.25,0.06477931341952758,1,1,0.11390994204190807,1,1,0.25809184128399476,1,1,0.20898350423539913,1,1,0.34797146678555513,1,1,0.5130628622380742,1,1,1.0
2021-09-30,4.455443,4.490694,4.4227242,4.4766,281625979.0,TRALT,21.31714285714286,21.216395238095238,21.384257142857145,21.06059142857143,0,-0.0020954079358000977,0.006316735978419752,-0.09393405792701426,0.016322009135777638,0.017165098668677804,21.835714285714285,22.863514285714288,24.660540476190477,-0.13557681845114622,35.30617164898746,-0.6210608057867937,-0.6633453968590831,0.042284591072289435,0.6837299266789554,0.11116230714285713,36159769588.25,0.03038019925836566,1,1,0.09006835544833147,1,1,0.24607961399276235,1,1,0.24607961399276235,1,1,0.3424250547290353,1,1,0.6199124335433139,1,1,1.0
2021-10-01,4.4765844,4.5211625,4.443818,4.4602,180621626.0,TRALT,21.23904761904762,21.317068571428575,21.52934523809524,21.161038095238098,0,-0.0036634946164499915,0.019823939636446797,-0.08510594654468617,0.0162000846449806,0.017164904052809713,21.73692857142857,22.804361904761905,24.682638095238097,-0.13951468489321772,30.784632711800782,-0.5868659853585179,-0.6480495145589701,0.061183529200452225,0.2111979868787639,0.10630834285714277,35979147962.25,0.05412313349177156,1,1,0.08775391238061081,1,1,0.2674767947625667,1,1,0.2643155015470158,1,1,0.3536612707950315,1,1,0.6405766557553474,1,1,1.0
2021-10-05,4.425818,4.4508495,4.4063177,4.4157,169964686.0,TRALT,21.02714285714286,21.07532380952381,21.19452142857143,20.982465238095237,0,-0.009977131070355583,-0.007373271889400845,-0.11215441841761331,0.01517089061342053,0.017115498052624217,21.604119047619047,22.757038095238094,24.704011904761906,-0.1488369201647891,31.433682596473304,-0.5702913237463321,-0.6324978763964425,0.062206552650110436,1.1267605633802802,0.1041301642857143,35809183276.25,0.06687501415404129,1,1,0.13907194782254217,1,1,0.28344316869352526,1,1,0.3237765246733244,1,1,0.34501890979912564,1,1,0.6464886654437574,1,1,1.0
2021-10-06,4.385176,4.441474,4.345379,4.3735,223421508.0,TRALT,20.826190476190476,20.881790476190478,21.149876190476192,20.692280952380955,0,-0.009556808660008742,-0.011124426255454845,-0.09767067610225089,0.014489121258639397,0.016869467894639896,21.491404761904764,22.700342857142854,24.724604761904764,-0.15767347236712537,32.909698996655536,-0.5668368206931405,-0.6193656652557822,0.05252884456264173,0.6466608367469151,0.10212120714285712,35585761768.25,0.058420029724476796,1,1,0.1361152395106895,1,1,0.28832742654624455,1,1,0.33869898250828867,1,1,0.33440036583971655,1,1,0.6270035440722534,1,1,1.0
2021-10-07,4.486803,4.5375695,4.40163,4.5165,356519365.0,TRALT,21.507142857142856,21.365728571428573,21.60747380952381,20.96014285714286,0,0.032696924659883386,0.0067989300044584144,-0.048857533958092114,0.016283492556298754,0.01748175195430961,21.436166666666665,22.647438095238098,24.743133333333336,-0.13078337462745815,54.966793839197344,-0.5033496346844011,-0.596162459141506,0.09281282445710493,2.9378247789224154,0.09910807857142855,35942281133.25,0.0373519318056017,1,1,0.1312963577991808,1,1,0.2361120336543785,1,1,0.29111037307649745,1,1,0.2848887412819663,1,1,0.5837927598804387,1,1,1.0
2021-10-08,4.5312414,4.5727267,4.493037,4.5282,223344720.0,TRALT,21.562857142857144,21.57734,21.774889047619048,21.39541428571429,0,0.0025905014945202254,0.011526605012732949,-0.05479366272152297,0.016114278774648053,0.017494934595594442,21.37366666666667,22.605028571428576,24.763166666666667,-0.12923668313057124,55.41410184667038,-0.4434283392680456,-0.5656156351668139,0.12218729589876831,1.7916151511745637,0.09843848571428568,36165625853.25,0.08489024336380901,1,1,0.12009186873371314,1,1,0.2722494589461595,1,1,0.29916964798374646,1,1,0.20703590830793694,1,1,0.6169780486727616,1,1,1.0
2021-10-11,4.6181955,4.664134,4.535226,4.6407,254344269.0,TRALT,22.09857142857143,21.991407142857142,22.210161904761904,21.596314285714286,0,0.024844308996952336,0.04046903726290285,-0.016884162359122157,0.016967703522753484,0.017759251718405648,21.354690476190477,22.576457142857144,24.785766666666667,-0.10841686982025589,68.45222072678328,-0.348693098252177,-0.5222311277838866,0.1735380295317096,6.109523265119465,0.10044703571428563,36419970122.25,0.05960307712198598,1,1,0.12625250501002006,1,1,0.2373779817699917,1,1,0.26162001422199244,1,1,0.15657120692998894,1,1,0.6030340250393258,1,1,1.0
2021-10-12,4.7126975,4.7766356,4.607883,4.7766,415600620.0,TRALT,22.74571428571429,22.44141666666667,22.745883809523807,21.942300000000003,0,0.0292843752020171,0.08173109586249061,0.0019507897552075715,0.01811938098622003,0.01721793265016737,21.356904761904765,22.567971428571433,24.812885714285713,-0.08331039978075894,75.13406388435536,-0.21887268892917788,-0.46155944001294485,0.24268675108376697,7.375519838147704,0.10580426428571421,36835570742.25,0.029456098480090454,1,1,0.11581459615626155,1,1,0.18841854038437367,1,1,0.256144537955868,1,1,0.1579994138089853,1,1,0.6742034082820414,1,1,1.0
2021-10-13,4.715181,4.8094487,4.6383524,4.7251,413887986.0,TRALT,22.500476190476192,22.45324285714286,22.902136666666667,22.08739238095238,0,-0.010781727588661472,0.08039327769520987,0.00399464547521422,0.01804850886222617,0.017201834613080568,21.36138095238095,22.550114285714287,24.838333333333335,-0.0941229474410713,69.46142313458654,-0.13423041926287027,-0.39609363586292995,0.2618632166000597,6.837452235060026,0.11250081428571423,36421682756.25,0.06448540771623867,1,1,0.14384880743264672,1,1,0.19047215931937944,1,1,0.2807559628367653,1,1,0.16268438763200788,1,1,0.665657869674716,1,1,1.0
2021-10-14,4.7860107,4.846949,4.7110095,4.7766,523934501.0,TRALT,22.74571428571429,22.790527142857144,23.080709523809528,22.433378571428573,0,0.010899240227720153,0.057588840916639183,0.03188593648736249,0.017743143507948235,0.017239781146016667,21.39652380952381,22.53984761904762,24.866402380952387,-0.08528326947940568,69.12673428937858,-0.04682240643679236,-0.3262393899777024,0.27941698354091005,6.477931341952758,0.11450975714285715,36945617257.25,0.04614160700079539,1,1,0.18155173135703206,1,1,0.1835196583343801,1,1,0.31109994556797704,1,1,0.2630113469832096,1,1,0.665368672277352,1,1,1.0
2021-10-15,4.6717744,4.800073,4.5680385,4.6126,480210924.0,TRALT,21.964761904761904,22.246544761904765,22.857490476190478,21.752564285714286,0,-0.03433404513670835,0.018638752705269157,0.037425217039269265,0.017140053673536045,0.017489478381332062,21.436142857142862,22.502352380952384,24.893133333333335,-0.11763771917977772,62.628076476180375,-0.04010495206000542,-0.269012502394163,0.2289075503341576,3.038019925836566,0.12405272142857145,36465406333.25,0.05792828339764999,1,1,0.2093396349130643,1,1,0.31199323591900474,1,1,0.3282530460044226,1,1,0.3363829510471319,1,1,0.7611759094653774,1,1,1.0
2021-10-18,4.6903377,4.7250724,4.6125703,4.7016,354043528.0,TRALT,22.388571428571428,22.33494142857143,22.500344761904763,21.964620476190476,0,0.019294974634696205,0.013123020234016458,0.05634942032892942,0.01756815170092052,0.017648201878984728,21.495857142857144,22.482704761904767,24.92025238095238,-0.10159130468181077,63.172686582700074,-0.0005767855969764923,-0.21532535903472574,0.21474857343774925,5.412313349177156,0.12488980000000005,36819449861.25,0.03190403266972974,1,1,0.20239918325676376,1,1,0.29113493278883795,1,1,0.2781818955249278,1,1,0.4416794282797345,1,1,0.6989110090182067,1,1,1.0
2021-10-19,4.7554007,4.790698,4.706322,4.711,332811688.0,TRALT,22.433333333333337,22.64476523809524,22.81284761904762,22.411057142857143,0,0.0019993193806366882,-0.013733618054683205,0.07889614107408693,0.01680603716483595,0.01714219941077547,21.577880952380955,22.458152380952384,24.945921428571427,-0.10072139858343077,65.26527586572062,0.033969898884659955,-0.16546630745084862,0.19943620633550857,6.687501415404129,0.1252274428571429,37152261549.25,0.0676714073445126,1,1,0.2029929951178091,1,1,0.28259392910210135,1,1,0.2975164508596897,1,1,0.4029929951178093,1,1,0.7243897261727867,1,1,1.0
2021-10-20,4.6899157,4.762573,4.6289773,4.629,421914246.0,TRALT,22.04285714285714,22.332931904761907,22.678919047619047,22.042749047619047,0,-0.017406070897898807,-0.020338193900658386,0.06526441754499013,0.017376882168366123,0.017204523708736257,21.645404761904764,22.410161904761903,24.968745238095238,-0.11718202365948371,57.42471443406019,0.029500170404823223,-0.12647301187971424,0.15597318228453746,5.84200297244768,0.12271453571428571,36730347303.25,0.07340678332253203,1,1,0.21721754158565587,1,1,0.36910779866061794,1,1,0.2567077122488661,1,1,0.4511341542449774,1,1,0.7468351695830635,1,1,1.0
2021-10-21,4.6567273,4.7110095,4.5703826,4.6852,386569936.0,TRALT,22.31047619047619,22.174891904761907,22.433378571428573,21.76372666666667,0,0.012140851155757248,-0.01913494954570205,0.06782751390281705,0.017432392922073207,0.01705458663613689,21.716261904761904,22.37556190476191,24.99357857142857,-0.1073516692811477,60.32877797583673,0.047010590119235474,-0.0917762914799243,0.13878688159915978,3.73519318056017,0.12790432857142855,37116917239.25,0.09056176897464341,1,1,0.1916033467087852,1,1,0.37069922308546066,1,1,0.274652095961752,1,1,0.3967173226329719,1,1,0.6538461538461537,1,1,1.0
2021-10-25,4.883606,4.9453883,4.762573,4.9126,655528214.0,TRALT,23.393333333333334,23.255266666666667,23.549468095238097,22.678919047619047,0,0.04853581490651426,0.06503924034167285,0.10432730133752965,0.02005137724889269,0.0180500248750858,21.826761904761906,22.36841904761905,25.02265238095238,-0.06511376263450419,68.52883355176922,0.14657561308500888,-0.04410591056693766,0.19068152365194654,8.4890243363809,0.14096460000000002,37772445453.25,0.03244717664780361,1,1,0.17269877457965221,1,1,0.31773399014778314,1,1,0.21469283068029155,1,1,0.30342384887839424,1,1,0.6030411594674918,1,1,1.0
2021-10-26,4.9309506,4.968826,4.893825,4.9173,475055362.0,TRALT,23.415714285714287,23.480717142857145,23.66107619047619,23.30392857142857,0,0.0009567235272565089,0.045877998979070966,0.12433977363667559,0.019406860922052318,0.018029899277210635,21.9562380952381,22.36484761904762,25.0518380952381,-0.06530953151237273,71.23624047417431,0.22469739522151855,0.009654750590753582,0.21504264463076497,5.960307712198598,0.14247307857142857,38247500815.25,0.0629003721554513,1,1,0.16777499847477273,1,1,0.32029772436092974,1,1,0.2249608525003559,1,1,0.2897931791836983,1,1,0.5681573221076608,1,1,1.0
2021-10-27,4.900388,4.936013,4.851637,4.9173,381541123.0,TRALT,23.415714285714287,23.335180952380956,23.50482380952381,23.103033333333336,0,0.0,0.04379112714922506,0.10538383724851075,0.019269241265895094,0.01791829117454769,22.067857142857143,22.37422857142857,25.081526190476193,-0.06641589080789023,73.87600983491384,0.28334326561084566,0.064392453594772,0.21895081201607366,2.9456098480090454,0.14163600714285712,38247500815.25,0.08388749923738636,1,1,0.1544140076871452,1,1,0.33172676062066575,1,1,0.22020214345270772,1,1,0.2945518882313465,1,1,0.625343176133244,1,1,1.0
2021-10-28,4.996014,5.05789,4.9125752,5.0298,300027151.0,TRALT,23.951428571428572,23.790542857142857,24.08519047619048,23.393215238095237,0,0.022878408882923473,0.0865845755022685,0.1372690890180206,0.019473800348538784,0.018115265812097894,22.21240476190476,22.386285714285712,25.114116666666668,-0.04629619710181976,73.15708743120084,0.3687969445128978,0.12527335177839716,0.24352359273450064,6.448540771623867,0.14029638571428574,38547527966.25,0.07455564833591799,1,1,0.11835460654499186,1,1,0.340152689967792,1,1,0.19384468567338664,1,1,0.29822259334367174,1,1,0.5703606505228835,1,1,1.0
2021-11-01,5.039468,5.081328,4.992264,4.997,464491265.0,TRALT,23.795238095238094,23.997466666666668,24.1968,23.772685714285714,0,-0.006521134041114984,0.0665499871937163,0.11390994204190807,0.019598091147405877,0.01812014384585709,22.334071428571427,22.399238095238097,25.146428571428572,-0.05373289778913992,70.75438285815466,0.41908537923278644,0.184035757269275,0.23504962196351142,4.614160700079539,0.14096597857142865,38083036701.25,0.12943766259755862,1,1,0.1313187912747651,1,1,0.3452071242745649,1,1,0.22699619771863122,1,1,0.3358214928957375,1,1,0.6153692215329198,1,1,1.0
2021-11-02,4.902216,4.968826,4.846949,4.8798,470488779.0,TRALT,23.23714285714286,23.343885714285715,23.66107619047619,23.080709523809528,0,-0.023454072443465868,-0.006676708871066195,0.09006835544833147,0.020595439799562916,0.018092325153695833,22.43007142857143,22.393885714285716,25.175559523809525,-0.07699597162213723,60.54139846574375,0.40918883041332776,0.2290663718980856,0.18012245851524217,5.792828339764999,0.14197433571428578,37612547922.25,0.14312061969752854,1,1,0.24015328497069555,1,1,0.37366285503504226,1,1,0.23054223533751372,1,1,0.37751547194557156,1,1,0.7069961883683755,1,1,1.0
2021-11-03,4.847324,4.9500756,4.6875715,4.8516,552855456.0,TRALT,23.102857142857147,23.08249523809524,23.571788571428574,22.321769047619046,0,-0.005778925365793608,-0.013360990787627203,0.08775391238061081,0.02064505917737511,0.017928217205017187,22.523261904761906,22.38360952380953,25.202678571428574,-0.083317391150317,53.65354637568198,0.38605975278654014,0.26046504807577653,0.12559470471076362,3.1904032669729743,0.14867087142857155,37059692466.25,0.1652238436804352,1,1,0.25121609365982356,1,1,0.36136532278011346,1,1,0.19420397394673916,1,1,0.4125649270343803,1,1,0.7971184763789261,1,1,1.0
2021-11-04,4.9869666,5.043827,4.9078875,5.0298,491935625.0,TRALT,23.951428571428572,23.74746,24.01822380952381,23.37089285714286,0,0.03673015087806064,0.022878408882923473,0.13907194782254217,0.02155306070212559,0.0184807689845038,22.669476190476193,22.39879047619048,25.233259523809526,-0.050799261632110904,63.21221056283059,0.4312314469218279,0.2946183278449868,0.1366131190768411,6.76714073445126,0.15018020714285724,37551628091.25,0.12674460217106054,1,1,0.20130025050697853,1,1,0.28889816692512627,1,1,0.15469799992047384,1,1,0.3429559823452224,1,1,0.7632709054037934,1,1,1.0
2021-11-05,4.9979362,5.05789,4.9500756,4.9688,379225917.0,TRALT,23.66095238095238,23.79969619047619,24.08519047619048,23.571788571428574,0,-0.012127718795975961,-0.012127718795975961,0.1361152395106895,0.02166282858300208,0.018042631102426866,22.811214285714286,22.400123809523812,25.26149523809524,-0.06335899130504286,58.265955616721094,0.43853616705340315,0.3234018956866701,0.11513427136673304,7.340678332253203,0.14817127142857153,37172402174.25,0.13397601030429884,1,1,0.2754789888906779,1,1,0.057559169215907424,1,1,0.20755514409917897,1,1,0.3679359201416841,1,1,0.7471824182901305,1,1,1.0
2021-11-08,5.0937967,5.1328907,4.9875765,5.1095,502308296.0,TRALT,24.33095238095238,24.256174761904763,24.442336666666666,23.750364285714287,0,0.028316696184189194,0.022513508104862856,0.1312963577991808,0.02140595955973104,0.018290918582899468,22.952404761904766,22.41218095238095,25.29308095238095,-0.03803920025559415,71.80725006582986,0.49270896867155045,0.3572633102836462,0.13544565838790423,9.05617689746434,0.14331814285714298,37674710470.25,0.09265094431940524,1,1,0.256874449554751,1,1,0.009159408944123815,1,0,0.18622174381054912,1,1,0.31558860945298006,1,1,0.697230648791467,1,1,1.0
2021-11-09,5.1336412,5.1891418,5.0719523,5.072,602520112.0,TRALT,24.152380952380952,24.445910476190473,24.710199047619046,24.152153809523814,0,-0.007339269987278518,0.039386860117217815,0.12009186873371314,0.021613201895791696,0.01824663452239672,23.081880952380953,22.418885714285715,25.323661904761906,-0.04625243208450447,67.02518845375988,0.5152921155954964,0.3888690713460163,0.1264230442494801,3.244717664780361,0.14365295714285717,37072190358.25,0.13584384858044163,1,1,0.27632097791798116,1,1,0.07208201892744492,1,1,0.1774447949526814,1,1,0.31145504731861196,1,1,0.6460173501577287,1,1,1.0
2021-11-10,5.1440945,5.278206,5.015702,5.2266,815370381.0,TRALT,24.88857142857143,24.495688095238094,25.134314285714286,23.88429523809524,0,0.030481072555205158,0.07729408854810771,0.12625250501002006,0.02190788770017602,0.018628195589465744,23.221380952380954,22.45370476190476,25.355357142857148,-0.018409747165293422,70.90835360908352,0.5858406348975933,0.42826338405633174,0.15757725084126156,6.29003721554513,0.15603910000000004,37887560739.25,0.0986683503616117,1,1,0.24216507863620707,1,1,0.0573986913098381,1,1,0.1399188765162822,1,1,0.25291776680825007,1,1,0.6861056901235985,1,1,1.0
2021-11-11,5.3394256,5.4141455,5.236017,5.3298,874717472.0,TRALT,25.38,25.425836190476193,25.78164523809524,24.93341428571429,0,0.01974514981058406,0.059644518668734214,0.11581459615626155,0.02147823039397805,0.01839897564269907,23.35309523809524,22.498352380952383,25.38024761904762,-9.756368469560073e-06,77.93812789028867,0.6736397239815979,0.47733865204138504,0.19630107194021285,8.388749923738636,0.15989265714285716,38762278211.25,0.06506810762129911,1,1,0.22865773574993442,1,1,0.05187811925400587,1,1,0.12488273481181289,1,1,0.24537506097789796,1,1,0.6534579158692635,1,1,1.0
2021-11-12,5.353441,5.4328957,5.282893,5.4048,724022834.0,TRALT,25.737142857142857,25.492576190476193,25.870931904761907,25.156633333333332,0,0.01407182258246098,0.08774754467879564,0.14384880743264672,0.021190791459333645,0.018354599396120958,23.514928571428573,22.551485714285715,25.403240476190476,0.013144086135992605,78.26394344069132,0.7632414066088806,0.5345192029548842,0.22872220365399643,7.455564833591799,0.16056235714285721,39486301045.25,0.040760065127294354,1,1,0.24716918294849033,1,1,0.030343398460627835,1,1,0.11188203078744818,1,1,0.2428396980461811,1,1,0.6149163706335112,1,1,1.0
2021-11-15,5.5803666,5.671962,5.4516463,5.6438,813781691.0,TRALT,26.875238095238096,26.573174285714284,27.009342857142858,25.96022047619048,0,0.04421995263469514,0.10456991877874566,0.18155173135703206,0.02276838305690023,0.01909934467624471,23.72140476190476,22.61844761904762,25.431364285714288,0.05677531859094498,78.46022108049202,0.9155324714599722,0.6107218566559018,0.30481061480407035,12.943766259755861,0.16106047857142863,40300082736.25,0.001665544491300297,1,0,0.19104149686381522,1,1,-0.03903398419504589,0,-1,0.0714412275417271,1,1,0.20266487118608034,1,1,0.5265955561855487,1,1,1.0
2021-11-16,5.659727,5.756338,5.5641475,5.5782,956941622.0,TRALT,26.562857142857144,26.951080952380956,27.411133333333336,26.495940476190476,0,-0.011623374322265123,0.09980283911671939,0.2093396349130643,0.02101192584297859,0.0191123518241652,23.95130952380952,22.679161904761905,25.45787142857143,0.04340448168991795,74.55964325529547,0.9994961360797561,0.6884767125406728,0.3110194235390833,14.312061969752854,0.16943115714285722,39343141114.25,0.08488401276397406,1,1,0.20167796063246213,1,1,0.0,0,0,0.07731884837402747,1,1,0.3000071707719336,1,1,0.579828618550787,1,1,1.0
2021-11-17,5.6181955,5.6766496,5.5641475,5.6532,564148248.0,TRALT,26.92,26.753311904761905,27.031664761904764,26.495940476190476,0,0.01344519737549743,0.08162093904258971,0.20239918325676376,0.020912633914594032,0.019164736697905776,24.177880952380953,22.75326666666667,25.484042857142857,0.0563473052885195,75.90285110876455,1.0823793931342323,0.7672572486593847,0.31512214447484754,16.522384368043518,0.1714401642857144,39907289362.25,0.0737989103516592,1,1,0.16832944173211617,1,1,-0.0024941625981745874,0,0,0.06799688671902637,1,1,0.2943642538739122,1,1,0.535661218424963,1,1,1.0
2021-11-18,5.657852,5.746963,5.507897,5.6673,1065975181.0,TRALT,26.987142857142857,26.942152380952383,27.366490476190478,26.228080952380953,0,0.0024941625981744764,0.06332320162107408,0.2029929951178091,0.020903628854299278,0.01897799293397915,24.405571428571427,22.819342857142857,25.511052380952382,0.05786082260144565,74.10937145450423,1.1403377353491706,0.841873345997342,0.2984643893518286,12.674460217106054,0.17813667857142867,40973264543.25,0.0661690752210049,1,1,0.14391332733400386,1,1,0.03142589945829588,1,1,0.04797699080690987,1,1,0.28286838529811376,1,1,0.5574788700086464,1,1,1.0
2021-11-19,5.673603,5.737588,5.6203985,5.6345,506618808.0,TRALT,26.830952380952382,27.017157142857144,27.32184761904762,26.763802380952384,0,-0.005787588445997138,0.04249925991711079,0.21721754158565587,0.02026868087680404,0.018910602844067204,24.64497619047619,22.894352380952377,25.52712380952381,0.051076203537749665,74.10937145450427,1.1602917519713323,0.9055570271921402,0.2547347247791921,13.397601030429884,0.18014564285714288,40466645735.25,0.12478480788002488,1,1,-0.06738841068417778,0,-1,0.039098411571568015,1,1,0.03576182447422127,1,1,0.26288046854201785,1,1,0.5582216700683289,1,1,1.0
2021-11-22,5.6136484,5.6813364,5.550085,5.5829,464831544.0,TRALT,26.585238095238097,26.731659047619047,27.05398285714286,26.42897619047619,0,-0.0091578667139941,-0.010790602076614975,0.1916033467087852,0.02070885328211858,0.01896289069509055,24.85871428571429,22.97381904761905,25.543530952380955,0.0407816423187195,77.97851173895745,1.1431014031485631,0.9530659023834248,0.1900355007651383,9.265094431940524,0.17880281428571435,40001814191.25,0.15029823210159599,1,1,-0.07641190062512326,0,-1,0.044493005427286736,1,1,0.039459778967919856,1,1,0.2812695910727401,1,1,0.626359060703219,1,1,1.0
2021-11-23,5.694509,5.8500896,5.5641475,5.761,1593638408.0,TRALT,27.433333333333334,27.116709523809526,27.857569523809524,26.495940476190476,0,0.031900983359902435,0.032770427736545704,0.17269877457965221,0.019325406934146642,0.019349411640958495,25.060714285714287,23.066228571428567,25.559602380952384,0.0733082981673181,82.3307736063709,1.1842607055070005,0.9993048630081399,0.18495584249886055,13.584384858044164,0.1804769571428572,41595452599.25,0.12367644506162123,1,1,-0.05613608748481158,0,-1,0.021159520916507635,1,1,-0.0512584620725568,0,-1,0.27095990279465365,1,1,0.5817739975698666,1,1,1.0
2021-11-24,5.8059797,5.901653,5.6860247,5.7423,819613367.0,TRALT,27.344285714285718,27.64752238095238,28.103109523809522,27.076308095238097,0,-0.0032459642423189328,0.01576098492889,0.16777499847477273,0.019430560075595512,0.01894379949085577,25.25714285714286,23.163552380952382,25.563509523809525,0.06966086518040893,78.57085572219111,1.1959086599036084,1.0386256223872337,0.15728303751637474,9.86683503616117,0.1821484785714286,40775839232.25,0.13060968601431466,1,1,-0.03756334569771702,0,-1,0.019591452902147255,1,0,-0.06530484300715744,0,-1,0.2955087682635875,1,1,0.6122459641607019,1,1,1.0
2021-11-25,5.7356195,5.8313394,5.6672745,5.6766,454195374.0,TRALT,27.03142857142857,27.312473809523812,27.768282857142857,26.98702142857143,0,-0.0114414084948542,0.0016409930654808225,0.1544140076871452,0.019841409314124817,0.01903144356686931,25.43792857142857,23.250152380952382,25.56462380952381,0.05737634838023009,78.27580696708216,1.166448696426265,1.06419023719504,0.10225845923122501,6.506810762129911,0.18616637142857137,40321643858.25,0.1535954620723674,1,1,-0.012384173625057171,0,0,0.05698833808970161,1,1,-0.025596307648944716,0,-1,0.40876581052038197,1,1,0.6284219427121869,1,1,1.0
2021-11-26,5.659915,5.7329006,5.6016483,5.6251,683483051.0,TRALT,26.786190476190477,26.95197619047619,27.299526666666665,26.674515714285715,0,-0.009072332029736008,-0.0016682935486733719,0.11835460654499186,0.019814991756182242,0.01907920561110902,25.579666666666668,23.337657142857147,25.565740476190477,0.04773771372421676,72.17825189263597,1.1105115129258643,1.073454492341205,0.037057020584659206,4.076006512729435,0.18382077142857137,39638160807.25,0.19832536310465598,1,1,-0.010008710956249556,0,0,0.0758386517573022,1,1,-0.023341807256759828,0,-1,0.399157348313808,1,1,0.686654459476276,1,1,1.0
2021-11-29,5.602117,5.6860247,5.536022,5.6532,659276842.0,TRALT,26.92,26.676747619047617,27.076308095238097,26.362009523809526,0,0.004995466747257815,0.0125920220673843,0.1313187912747651,0.019604531926961256,0.01895597116396051,25.73590476190476,23.4352,25.572883333333333,0.052677543204944444,75.20381613183005,1.0647049464083516,1.0717045831546343,-0.006999636746282789,0.1665544491300297,0.1861645714285714,40297437649.25,0.18906106276091417,1,1,-0.04063185452487095,0,-1,0.10779735371117227,1,1,0.06716549918630155,1,1,0.4071322436849927,1,1,0.6865669001627395,1,1,1.0
2021-11-30,6.0024357,6.154782,5.765713,6.0517,2333453006.0,TRALT,28.81761904761905,28.583027142857144,29.308485714285716,27.45577619047619,0,0.07049104931720085,0.05045998958514164,0.24015328497069555,0.023037071875436924,0.02088910347549995,26.014928571428573,23.58810476190476,25.593642857142857,0.1259678510195521,79.53325220130291,1.1680602391587307,1.0909757143554537,0.07708452480327699,8.488401276397406,0.2032415714285714,42630890655.25,0.10765570005122527,1,1,-0.07824247732042244,0,-1,0.012393211824776484,1,0,0.018589817737164616,1,0,0.3423666077300591,1,1,0.5507212849282017,1,1,1.0
2021-12-01,6.068436,6.187595,5.929778,6.0704,1252422299.0,TRALT,28.90666666666667,28.897314285714288,29.464738095238097,28.237038095238095,0,0.003090040814977657,0.057137383975062184,0.25121609365982356,0.022779677983413484,0.02077152913389252,26.305119047619048,23.74235238095238,25.608597619047618,0.12878756957647508,78.21548308442553,1.2428288940962027,1.1213463503036036,0.12148254379259904,7.37989103516592,0.2082609642857143,43883312954.25,0.0880337374802318,1,1,-0.07104968371112297,0,-1,-0.01003228782287835,0,0,0.11659857670005258,1,1,0.31582762256193986,1,1,0.5459442540853978,1,1,1.0
2021-12-02,6.0939374,6.1735315,6.0188417,6.0423,597014236.0,TRALT,28.772857142857145,29.018749523809525,29.39776904761905,28.661150952380954,0,-0.0046290195044808025,0.06442236550047586,0.20130025050697853,0.02224053525205962,0.020688077659160125,26.546190476190475,23.901952380952384,25.620540476190477,0.12303864821259958,75.18767285657846,1.2765707683547625,1.1523912339138354,0.12417953444092711,6.61690752210049,0.2085957571428571,43286298718.25,0.07291925260248577,1,1,-0.03258692881849645,0,-1,0.011634642437482245,1,0,0.09387153898349965,1,1,0.34445492610429795,1,1,0.5872763682703606,1,1,1.0
2021-12-03,6.237846,6.361035,6.0750933,6.3376,1318296628.0,TRALT,30.17904761904762,29.704028571428573,30.29064285714286,28.929015714285715,0,0.048872118233123096,0.12666441485484703,0.2754789888906779,0.023285073367323317,0.02114770112862008,26.872095238095238,24.091685714285717,25.642861904761908,0.17689857439209367,76.24451505522774,1.4006336335428458,1.2020397138396375,0.19859391970320828,12.47848078800249,0.21227954285714284,44604595346.25,-0.17085331986872,0,-1,-0.07618025751072954,0,-1,-0.08209732390810387,0,-1,0.05991226962888163,1,1,0.2758930825549104,1,1,0.39052638222671043,1,1,0.0
2021-12-06,6.4394584,6.5110373,6.328222,6.422,781882117.0,TRALT,30.580952380952382,30.66408761904762,31.004939523809526,30.13439047619048,0,0.013317344105024054,0.13599377343805275,0.256874449554751,0.022988200270320686,0.020918276771168566,27.184595238095238,24.285438095238096,25.669314285714286,0.19134278541953753,81.47098314187679,1.5139330259242847,1.264418376256567,0.24951464966771764,15.029823210159599,0.21160988571428563,45386477463.25,-0.19708813453752727,0,-1,-0.09198069137340392,0,-1,-0.0700716287760822,0,-1,0.018981625661787627,1,0,0.20657116163189038,1,1,0.41021488632824665,1,1,0.0
2021-12-07,6.4053326,6.5063496,6.3047843,6.4735,931456131.0,TRALT,30.826190476190476,30.50158380952381,30.982617142857144,30.022782380952382,0,0.008019308626596056,0.06969942330254297,0.27632097791798116,0.022569982503444306,0.020916024131591292,27.518285714285714,24.47829523809524,25.695764285714287,0.19966038501250116,81.14038417735935,1.6050107110179184,1.3325368432088376,0.2724738678090808,12.367644506162122,0.21797154285714276,46317933594.25,-0.1600216266316521,0,-1,-0.09123349038387263,0,-1,-0.07819572101645167,0,-1,-0.01085965860817173,0,0,0.21651347802579757,1,1,0.3461342395921836,1,1,0.0
2021-12-08,6.5008183,6.586038,6.3985357,6.4923,854468478.0,TRALT,30.915714285714287,30.95627761904762,31.362085714285715,30.46921761904762,0,0.0029041476789990472,0.06950118608328926,0.24216507863620707,0.022254424059423326,0.02075481524924122,27.81964285714286,24.68008571428572,25.714850000000002,0.20225139503883116,81.20744439400819,1.665218651825164,1.399073204932103,0.26614544689306086,13.060968601431465,0.21428842142857135,47172402072.25,-0.14874543690217645,0,-1,-0.09819324430479182,0,-1,-0.0722086163609198,0,-1,-0.023104292777598068,0,-1,0.18773008024891036,1,1,0.30757974831723733,1,1,0.0
2021-12-10,6.602398,6.7266655,6.4266615,6.5485,1342281518.0,TRALT,31.183333333333334,31.439990476190477,32.03174047619048,30.60315,0,0.008656408360673273,0.08377604554557028,0.22865773574993442,0.022166461679999493,0.02075087492179228,28.109809523809524,24.880085714285716,25.73571904761905,0.2116752314413486,83.97264347308949,1.7147617927027312,1.4622109224862287,0.25255087021650247,15.35954620723674,0.22734659999999998,48514683590.25,-0.14388027792624258,0,-1,-0.08374436893945181,0,-1,-0.08374436893945181,0,-1,-0.027914789646483862,0,-1,0.22047797205466924,1,1,0.3199816751927922,1,1,0.0
2021-12-13,6.7603216,6.8672924,6.6235385,6.7407,1282792290.0,TRALT,32.09857142857143,32.19200761904762,32.701392380952385,31.540659523809527,0,0.029350232877758398,0.06360451906084341,0.24716918294849033,0.022553173790956175,0.020833755201472834,28.427880952380956,25.100847619047617,25.769535714285716,0.24560146463085575,88.96217525911966,1.8070466452303293,1.5311780670350488,0.27586857819528054,19.8325363104656,0.24074238571428572,49797475880.25,-0.17385434747133088,0,-1,-0.1022149034966695,0,-1,-0.10917263785660247,0,-1,-0.03128755173795017,0,-1,0.17177741184150008,1,1,0.2823445636209889,1,1,0.0
2021-12-14,6.786338,6.8813553,6.7032275,6.722,929312197.0,TRALT,32.00952380952381,32.31589523809524,32.76835857142857,31.92013095238095,0,-0.002774192591273872,0.046714419184054945,0.19104149686381522,0.021363962048371037,0.020656096075750516,28.684595238095238,25.3138,25.798554761904764,0.2407487204202008,86.22587454764776,1.8516529544349858,1.5952730445150363,0.2563799099199495,18.906106276091418,0.23304136428571434,48868163683.25,-0.19317167509669753,0,-1,-0.06834275513240118,0,-1,-0.08787563225230588,0,-1,-0.006977090151740639,0,0,0.20083308539125233,1,1,0.2524397500743827,1,1,0.0
2021-12-15,6.8056045,6.918856,6.6751018,6.7032,1553188997.0,TRALT,31.92,32.40764047619048,32.946933333333334,31.78619904761905,0,-0.0027967866706337663,0.03548312350351446,0.20167796063246213,0.021003854482900274,0.019798481400709875,28.952452380952383,25.525857142857145,25.82935714285715,0.23580311439640922,86.21937429325284,1.858357958842035,1.6478900273804362,0.2104679314615987,10.765570005122527,0.2350503571428572,47314974686.25,-0.16783029001074112,0,-1,-0.08600369972550426,0,-1,-0.10418904403866802,0,-1,0.0028046306241795715,1,0,0.24266022198353032,1,1,0.3426572383339299,1,1,0.0
2021-12-17,7.350019,7.6876173,6.4172854,6.6048,2216347348.0,TRALT,31.451428571428572,35.00009047619048,36.60770142857143,30.558501904761904,0,-0.014679556032939578,0.017328219583198523,0.16832944173211617,0.0216524740150624,0.01998255565480856,29.179023809523805,25.730104761904762,25.848107142857142,0.21677879148376444,84.14508534432017,1.805054381567306,1.6793228982178103,0.12573148334949558,8.80337374802318,0.31406942857142867,45098627338.25,-0.1462118459302325,0,-1,-0.09013141957364346,0,-1,-0.12278948643410847,0,-1,0.037609011627907085,1,1,0.3200853924418603,1,1,0.369049781976744,1,1,0.0
2021-12-20,6.5789137,6.9282312,6.00478,6.4829,1042537101.0,TRALT,30.87095238095238,31.32816047619048,32.991577142857146,28.594190476190477,0,-0.018456274224806224,-0.010017561273574116,0.14391332733400386,0.022427072912311625,0.01997208317204694,29.37321428571429,25.926980952380955,25.867080952380952,0.19344553943999787,80.0013989927252,1.6964161063247012,1.6827415398391885,0.013674566485512685,7.291925260248577,0.3706550642857144,44056090237.25,-0.09833562140400143,0,-1,-0.05711949898964974,0,-1,-0.1041200697218837,0,-1,0.041941106603526235,1,1,0.36804516497246587,1,1,0.3984173749402271,1,1,0.0
2021-12-22,5.470912,5.709462,5.254768,5.2548,913035027.0,TRALT,25.022857142857145,26.051961904761907,27.18791428571429,25.022704761904766,0,-0.18943682611177093,-0.22043704659753438,-0.06738841068417778,0.04935686296554632,0.03224384827325688,29.282809523809522,26.01091428571429,25.853911904761905,-0.03214425596273851,42.42470337693946,1.1254535513854407,1.571283942148439,-0.44583039076299835,-17.085331986872,0.44766430000000007,43143055210.25,0.1141813199360584,1,1,0.10704498744005497,1,1,0.14183222958057384,1,1,0.2934840526756488,1,1,0.6520895181548299,1,1,0.71899977163736,1,1,1.0
2021-12-23,5.186423,5.4047704,4.9219503,5.1563,715636710.0,TRALT,24.553809523809523,24.69725238095238,25.737001904761907,23.43785857142857,0,-0.01874476668950309,-0.23292174947932176,-0.07641190062512326,0.049474358695239105,0.032363354679039696,29.181238095238097,26.071847619047617,25.84107619047619,-0.049814746768986895,30.782108516483504,0.6278756307382309,1.3826022798663975,-0.7547266491281666,-19.708813453752725,0.4463241642857144,42427418500.25,0.13090782149991287,1,1,0.1581948296258946,1,1,0.17545526831254987,1,1,0.3036479646257977,1,1,0.6818261156255456,1,1,0.7263735624381826,1,1,1.0
2021-12-24,5.301222,5.446958,5.1891418,5.4376,649317067.0,TRALT,25.893333333333334,25.243914285714286,25.93789523809524,24.710199047619046,0,0.05455462250063037,-0.18880534670008353,-0.05613608748481158,0.05055534264088763,0.03300934096317846,29.1042380952381,26.15845714285714,25.82835238095238,0.002515876793940386,37.794151685826705,0.3377367018656692,1.173629164266252,-0.8358924624005828,-16.00216266316521,0.44866995000000015,43076735567.25,0.08189274680005898,1,1,0.09741430042665877,1,1,0.09827865234662347,1,1,0.22327865234662347,1,1,0.5353464763866409,1,1,0.6525856995733412,1,1,1.0
2021-12-27,5.559507,5.6438365,5.461021,5.5266,718726295.0,TRALT,26.31714285714286,26.47384285714286,26.875411904761904,26.004861904761903,0,0.016367515080182526,-0.16324491279069764,-0.03756334569771702,0.05071073233201149,0.032933310964938484,29.052880952380953,26.24282857142857,25.806476190476193,0.019788314487319436,40.28118050582338,0.1403791930885987,0.9669791700307214,-0.8265999769421227,-14.874543690217646,0.4523518571428573,43795461862.25,0.0593855173162523,1,1,0.0899106141207977,1,1,0.07804074838055963,1,1,0.18490572865776422,1,1,0.5945789454637571,1,1,0.6251221365758333,1,1,1.0
2021-12-28,5.6182895,5.6953998,5.470396,5.6063,762017077.0,TRALT,26.69666666666667,26.753759523809528,27.120951428571427,26.049504761904764,0,0.014421163102088075,-0.1352172638788196,-0.012384173625057171,0.05074867190420251,0.032917408837723705,29.036142857142856,26.32184761904762,25.78727857142857,0.0352649890029757,34.99897435897438,0.014430004999191226,0.7764693370244155,-0.7620393320252242,-14.388027792624259,0.4456567714285716,44557478939.25,0.07024240586483055,1,1,0.07024240586483055,1,1,0.06940406328594628,1,1,0.18395376629862836,1,1,0.5719101724845264,1,1,0.5468312434225782,1,1,1.0
2021-12-29,5.546054,5.6063356,5.461021,5.5688,637426719.0,TRALT,26.518095238095242,26.409780952380952,26.696836190476194,26.004861904761903,0,-0.0066889035549292375,0.05975489076653728,-0.010008710956249556,0.0507272544374879,0.032922295304350854,29.0227380952381,26.402200000000004,25.7673,0.029137520737339218,32.155107504392234,-0.09865759256372542,0.6014439511067873,-0.7001015436705127,-17.38543474713309,0.4429781500000002,43920052220.25,0.08671527079442609,1,1,0.07829334865680226,1,1,0.07913733658957023,1,1,0.20623832782646145,1,1,0.5673574199109324,1,1,0.45877029162476624,1,1,1.0
2021-12-31,5.457412,5.512584,5.3907075,5.4235,390992266.0,TRALT,25.826190476190476,25.98767619047619,26.250400000000003,25.670035714285717,0,-0.026091797155581298,0.051820103562632225,-0.04063185452487095,0.05106841040367935,0.033129130694971434,28.96804761904762,26.463809523809527,25.73046904761905,0.003720158711225885,28.868137175978134,-0.24132936547791317,0.43288928778984725,-0.6742186532677604,-19.31716750966975,0.4413015214285716,43529059954.25,0.15471558956393472,1,1,0.13050613072739026,1,1,0.11496266248732367,1,1,0.25151654835438375,1,1,0.5886051442795244,1,1,0.4693279247718263,1,1,1.0
2022-01-03,5.542116,5.6016483,5.4516463,5.5782,506053198.0,TRALT,26.562857142857144,26.391028571428574,26.674515714285715,25.96022047619048,0,0.028524015856919105,0.025856995733411825,-0.07824247732042244,0.048800570317664264,0.033273105745317444,28.855309523809524,26.55577142857143,25.701673809523808,0.03350689685487418,32.55734076250812,-0.29159362024379476,0.2879927061831189,-0.5795863264269137,-16.783029001074112,0.44063337857142876,44035113152.25,0.09832921013947149,1,1,0.07647628267182971,1,1,0.07731884837402747,1,1,0.3000071707719336,1,1,0.579828618550787,1,1,0.6512674339392635,1,1,1.0
2022-01-04,5.6281796,5.6860247,5.5313344,5.6391,875667835.0,TRALT,26.852857142857143,26.80085523809524,27.076308095238097,26.339687619047623,0,0.010917500268903924,0.02035609597220711,-0.07104968371112297,0.048881707119576775,0.033267510727426515,28.75261904761905,26.645057142857144,25.677119047619048,0.04578933069000657,32.67809523809527,-0.3045175392741122,0.1694906570916727,-0.47400819636578484,-14.621184593023251,0.4302538285714287,44910780987.25,0.0656842403929705,1,1,0.02743345569328448,1,1,0.07066730506641128,1,1,0.2976006809597278,1,1,0.5395009841996063,1,1,0.6118174886063379,1,1,1.0
2022-01-05,5.72629,5.8454013,5.639149,5.8454,971941307.0,TRALT,27.835238095238093,27.268047619047618,27.835244285714285,26.853090476190477,0,0.03658385203312586,0.04264844906622889,-0.03258692881849645,0.04964636755653934,0.033466502773150664,28.705738095238097,26.753095238095238,25.646538095238096,0.08534095291427968,33.037778030389134,-0.2328062598142111,0.08903127371049593,-0.321837533524707,-9.833562140400144,0.42221875000000003,45882722294.25,0.04571115749136068,1,1,-0.0064153009203817835,0,0,0.016046806035515226,1,0,0.24378143497451,1,1,0.510024976904917,1,1,0.49799842611284095,1,1,0.0
2022-01-06,5.8836994,5.953216,5.751651,5.8548,931422817.0,TRALT,27.880000000000003,28.017616190476193,28.34864761904762,27.388814285714286,0,0.0016081020973759408,0.05135756356845267,-0.07618025751072954,0.04828584973849771,0.03341361903064965,28.590785714285715,26.869838095238098,25.62421666666667,0.0880332602037266,33.51205414860446,-0.1703983959279931,0.03714533978279813,-0.20754373571079124,11.41813199360584,0.42389283571428577,46814145111.25,-0.006405001024800128,0,0,0.024817243970759018,1,1,-0.0032110405137665277,0,0,0.21536175445788075,1,1,0.4995900799344126,1,1,0.3158775705404111,1,1,1.0
2022-01-07,5.8286204,5.920403,5.751651,5.8313,577780704.0,TRALT,27.76809523809524,27.75533523809524,28.19239523809524,27.388814285714286,0,-0.004013800642208132,0.07519129713284789,-0.09198069137340392,0.04813813659359924,0.033242164652179274,28.45014285714286,26.97899047619048,25.608478571428574,0.08433209574098455,33.4522679825394,-0.1284883594063686,0.004018599944964785,-0.1325069593513334,13.090782149991288,0.4185355357142858,46236364407.25,0.02412841047450831,1,1,0.039390873390153125,1,1,-0.0048188225610068525,0,0,0.22669044638416835,1,1,0.5570798964210384,1,1,0.33002932450739975,1,1,1.0
2022-01-10,5.926497,6.009467,5.8407145,5.8829,830185176.0,TRALT,28.013809523809527,28.22141428571429,28.616509523809523,27.81292619047619,0,0.008848798724126805,0.05462335520418793,-0.09123349038387263,0.048149020307975986,0.0332447667758312,28.309523809523814,27.071399999999997,25.599661904761906,0.09430388682588631,36.051319704757155,-0.07458746629790625,-0.011702613303609421,-0.06288485299429683,8.189274680005898,0.34052375714285726,47066549583.25,0.014346665760084143,1,0,0.015145591459994057,1,0,-0.07091740468136465,0,-1,0.24462424994475507,1,1,0.5489979431912833,1,1,0.2745074708052151,1,1,1.0
2022-01-11,5.9395285,6.009467,5.8407145,5.8548,986943821.0,TRALT,27.880000000000003,28.283469047619047,28.616509523809523,27.81292619047619,0,-0.0047765557803124414,0.038250784699686236,-0.09819324430479182,0.04812548006016597,0.033164262048582735,28.157738095238095,27.16068571428572,25.590064285714284,0.08948534433983735,37.407273747945005,-0.042181686231373305,-0.017798427889162197,-0.024383258342211108,5.93855173162523,0.28661670714285725,46079605762.25,0.028813964610234333,1,1,0.017609482817517286,1,0,-0.08326501332240221,0,-1,0.2706155632984899,1,1,0.5812666530026642,1,1,0.25097356015576944,1,1,1.0
2022-01-13,6.0542336,6.1313443,5.9860287,6.0001,672427569.0,TRALT,28.57190476190476,28.82968380952381,29.196877619047623,28.504898571428573,0,0.024817243970759018,0.026465254730215326,-0.08374436893945181,0.04848230635226159,0.0331125678597609,28.02716666666667,27.263809523809527,25.589840476190474,0.1165331330802506,76.40847565728856,0.038882842533741524,-0.006462173804581454,0.045345016338322976,7.024240586483055,0.21864615714285732,46752033331.25,0.0,0,0,-0.0007833202779952142,0,0,-0.07813203113281442,0,-1,0.33281111981466993,1,1,0.5406243229279513,1,1,0.25274578757020727,1,1,0.0
2022-01-14,6.0843744,6.1594696,6.009467,6.0517,1026326978.0,TRALT,28.81761904761905,28.973211428571428,29.330807619047622,28.616509523809523,0,0.008599856669055717,0.03363052538088418,-0.1022149034966695,0.04797012165354938,0.0330565614613726,27.863119047619044,27.36113333333334,25.58973095238095,0.12613997783895292,82.81776865562229,0.12155296800460036,0.019140854557254908,0.10241211344734545,8.671527079442608,0.19554255000000018,47778360309.25,-0.00774988846109359,0,0,-0.006973247186740972,0,0,-0.09218897169390416,0,-1,0.30052712460961395,1,1,0.5677578201166613,1,1,0.24360097162780692,1,1,0.0
2022-01-17,6.2663927,6.403223,6.0750933,6.2626,1740686151.0,TRALT,29.82190476190476,29.83996523809524,30.491538095238095,28.929015714285715,0,0.034849711651271376,0.07396292421929918,-0.06834275513240118,0.04875861125425572,0.033276427616519236,27.753738095238095,27.48166666666667,25.586716666666668,0.16552292153824966,81.88282578451067,0.26505175043328677,0.06832303373246129,0.19672871670082548,15.471558956393473,0.1998900500000001,49519046460.25,-0.020965733082106364,0,-1,-0.03442659598249931,0,-1,-0.03667805703701332,0,-1,0.27020726215948665,1,1,0.5224507393095519,1,1,0.19573340146265128,1,1,0.0
2022-01-19,5.956451,6.1313443,5.812589,6.1267,1125428265.0,TRALT,29.174761904761905,28.364052380952383,29.196877619047623,27.67899523809524,0,-0.021700252291380617,0.041442145880433046,-0.08600369972550426,0.04895199946854085,0.03306188473528892,27.61647619047619,27.60041904761905,25.586828571428573,0.1402257932559794,72.38009994778842,0.3228351070320201,0.11922544839237306,0.20360965863964706,9.83292101394715,0.21730251428571437,48393618195.25,-0.019896518517309336,0,0,-0.01912938449736401,0,0,0.0061207501591395985,1,0,0.3259340264742847,1,1,0.5317381298251913,1,1,0.21306739353975246,1,1,0.0
2022-01-20,6.0863905,6.2063446,5.901653,6.0095,905359977.0,TRALT,28.616666666666667,28.982811904761906,29.554021904761907,28.103109523809522,0,-0.01912938449736401,0.026422764227642226,-0.09013141957364346,0.04901687193685378,0.03315861757935942,27.4747380952381,27.710695238095237,25.587609523809522,0.11837984083814379,64.6277753591641,0.3199075172025516,0.15936186215440878,0.16054565504814283,6.568424039297049,0.22299450000000018,47488258218.25,-0.03589316914884766,0,-1,0.004675929777851806,1,0,0.1279141359514102,1,1,0.3291621599134704,1,1,0.561610782927032,1,1,0.23437890007488127,1,1,1.0
2022-01-21,6.105749,6.1735315,5.9438415,6.1126,1009480875.0,TRALT,29.107619047619046,29.07499523809524,29.39776904761905,28.304007142857145,0,0.017156169398452326,0.018749687505208223,-0.05711949898964974,0.04908973680353955,0.03319555962303908,27.386571428571433,27.813819047619045,25.59062380952381,0.1374329623331163,68.83224823382734,0.35313244425313073,0.1981159785741532,0.15501646567897753,4.571115749136068,0.2290213142857144,48497739093.25,-0.049847855249811834,0,-1,-0.028367634067336223,0,-1,0.08129110362202674,1,1,0.3289925727186467,1,1,0.5690213657036287,1,1,0.23274874848673255,1,1,0.0
2022-01-24,6.0718594,6.295409,5.817276,5.8173,1323183158.0,TRALT,27.701428571428576,28.91361619047619,29.978138095238098,27.701314285714286,0,-0.04831004809737249,-0.0387329180230348,0.10704498744005497,0.02482399357455908,0.0337826161484861,27.520500000000006,27.894628571428576,25.585266666666666,0.08271017583408335,62.35412222361655,0.2629643298045927,0.2110856488202411,0.05187868098435161,-0.6405001024800128,0.2504527785714287,47174555935.25,0.03142351262613219,1,1,0.00321454970518964,1,0,0.15471094837811328,1,1,0.39000911075584876,1,1,0.5148952263077371,1,1,0.3017894899695732,1,1,1.0
2022-01-25,5.904043,6.000092,5.737588,5.972,870170931.0,TRALT,28.43809523809524,28.114490476190475,28.57186666666667,27.32184761904762,0,0.026593093015660152,-0.04640245265544651,0.1581948296258946,0.02457290135613548,0.0338899648731604,27.714714285714287,27.976771428571432,25.579240476190474,0.11176464620072779,62.35412222361653,0.24808848329205802,0.21848621571460453,0.02960226757745349,2.412841047450831,0.2564781857142859,48044726866.25,0.014902880107166894,1,0,-0.02826523777628931,0,-1,0.09576356329537838,1,1,0.2974882786336235,1,1,0.5164768921634293,1,1,0.25549229738780976,1,1,0.0
2022-01-26,5.9964824,6.0469675,5.925091,5.9673,447592695.0,TRALT,28.415714285714287,28.554678095238096,28.795083333333334,28.21471904761905,0,-0.0007870060281313096,-0.026017268676448935,0.09741430042665877,0.021994558228187723,0.03340232037917618,27.840833333333336,28.062038095238094,25.577342857142856,0.11097209919046658,60.67247658688867,0.23182102348925682,0.22115317726953498,0.010667846219721833,1.4346665760084143,0.2541343428571431,47597134171.25,0.0007876258944581327,1,0,-0.08405811673621233,0,-1,0.07304811221155294,1,1,0.3197090811589831,1,1,0.460325440316391,1,1,0.27298778341963703,1,1,0.0
2022-01-27,5.943419,6.0235295,5.8360267,6.0235,485542986.0,TRALT,28.683333333333337,28.301995238095238,28.68347380952381,27.790603333333333,0,0.009417994737988877,0.002329644729178959,0.0899106141207977,0.021858153217496634,0.03340781538247707,27.959142857142858,28.137933333333336,25.57901666666667,0.12136184541886874,56.41801801801806,0.23778255566477569,0.22447905294858314,0.013303502716192545,2.8813964610234333,0.25279159285714314,48082677157.25,-0.010890678177139512,0,0,-0.10893998505852087,0,-1,0.05292603967792808,1,1,0.28016933676433964,1,1,0.4093467253258072,1,1,0.263451481696688,1,1,0.0
2022-01-28,6.068999,6.154782,5.9719667,6.0001,683906922.0,TRALT,28.57190476190476,28.899995238095237,29.308485714285716,28.43793666666667,0,-0.003884784593674917,-0.01840460687759704,0.07024240586483055,0.02180590863573338,0.03341941794527914,28.052904761904763,28.20177142857143,25.58169523809524,0.11688863837907904,55.18373171601853,0.23085461015368836,0.2257541643896042,0.005100445764084166,0.0,0.2514523285714288,47398770235.25,-0.0007833202779952142,0,0,-0.07813203113281442,0,-1,0.06093231779470343,1,1,0.3320277995366745,1,1,0.4406259895668405,1,1,0.2910618156364062,1,1,0.0
2022-01-31,6.032202,6.089155,5.9813414,6.0048,484661538.0,TRALT,28.594285714285718,28.72477142857143,28.995976190476192,28.482578095238097,0,0.0007833202779954362,0.03223144757877372,0.07829334865680226,0.021683533586794406,0.033328506412186015,28.156714285714287,28.258914285714287,25.586828571428573,0.11753926964654804,56.27395675128375,0.22458128596708704,0.22551958870510078,-0.0009383027380137354,-0.774988846109359,0.24709958571428592,47883431773.25,0.0007827071675992059,1,0,-0.08509858779642954,0,-1,0.08743005595523567,1,1,0.31538102851052474,1,1,0.43949840127897666,1,1,0.28378963495869947,1,1,0.0
2022-02-01,6.097265,6.140719,6.037593,6.1313,678505044.0,TRALT,29.19666666666667,29.03459523809524,29.241519047619047,28.750442857142858,0,0.021066480149213973,0.02667448091091762,0.13050613072739026,0.020784434770010678,0.033377544100389546,28.3252380952381,28.30534285714286,25.591850000000004,0.14085799450476078,58.520856201975846,0.26516013887729883,0.23344769873954038,0.03171244013775845,-2.0965733082106364,0.24408187142857157,48561936817.25,-0.013749123350676129,0,0,-0.016048798786554297,0,0,0.08869244695252232,1,1,0.31652341265310757,1,1,0.3731019522776573,1,1,0.30858056203415263,1,1,0.0
2022-02-02,6.059858,6.1641574,5.9860287,6.0048,515635405.0,TRALT,28.594285714285718,28.85646666666667,29.353130476190476,28.504898571428573,0,-0.020631839903446192,0.006284249157910704,0.07647628267182971,0.020931199713863743,0.03334015970478686,28.426809523809528,28.345971428571428,25.5965380952381,0.11711535395504558,54.82005141388175,0.24587773810274527,0.23593370661218138,0.009944031490563887,-1.9896518517309336,0.2447516000000001,48046301412.25,0.0007827071675992059,1,0,0.026545430322408636,1,1,0.11943778310684783,1,1,0.38719024780175837,1,1,0.49881761257660506,1,1,0.3158306687982946,1,1,0.0
2022-02-03,5.9284654,6.037593,5.7422757,5.7938,374226878.0,TRALT,27.58952380952381,28.23078761904762,28.750442857142858,27.344170000000002,0,-0.03513855582200909,-0.03813397526355111,0.02743345569328448,0.022586595635922753,0.033700394716471765,28.46364285714286,28.359361904761904,25.59832380952381,0.07778634315342092,43.63939076277981,0.1478164717245498,0.21831025963465506,-0.07049378791010524,-3.589316914884766,0.24609252857142863,47672074534.25,0.04207946425489317,1,1,0.16990576133107793,1,1,0.1828506334357416,1,1,0.5048672719113534,1,1,0.5606855604266627,1,1,0.4050536780696605,1,1,0.0
2022-02-04,5.809823,5.8594646,5.7329006,5.8079,465679484.0,TRALT,27.656666666666666,27.665823809523808,27.90221238095238,27.299526666666665,0,0.002433635955676694,-0.032032799453342475,-0.0064153009203817835,0.02104041519133265,0.03341796199808154,28.45471428571429,28.372752380952384,25.614059523809523,0.07974554525253752,42.30526448680719,0.0746594513801,0.18958009798374403,-0.11492064660364404,-4.984785524981183,0.24374927142857145,48137754018.25,0.022607138552661166,1,1,0.13801890528418204,1,1,0.1630365536596705,1,1,0.5270407548339331,1,1,0.5609428536992715,1,1,0.40245183284836195,1,1,0.0
2022-02-08,5.985326,6.0329046,5.9063406,6.0001,481305581.0,TRALT,28.57190476190476,28.50155238095238,28.728117142857144,28.12543142857143,0,0.03309285628196079,-0.0007827071675994279,0.024817243970759018,0.022314956985120978,0.03358074832695776,28.489309523809528,28.407571428571433,25.6279,0.11487499022178027,41.61609709358032,0.08950232393400626,0.1695645431737965,-0.08006221923979023,3.142351262613219,0.23471224285714293,48619059599.25,-0.027349544174263718,0,-1,0.11953134114431418,1,1,0.13281445309244844,1,1,0.44687588540191014,1,1,0.5054749087515207,1,1,0.22771287145214236,1,1,0.0
2022-02-09,6.0652485,6.107906,6.014155,6.061,665466607.0,TRALT,28.861904761904764,28.882135714285717,29.085266666666666,28.638833333333334,0,0.010149830836152729,-0.01146575766966218,0.039390873390153125,0.02235666145213074,0.03343703088782758,28.544,28.45310476190476,25.63961904761905,0.12567603708546304,47.79604159677962,0.12324528876759189,0.16030069229255559,-0.0370554035249637,1.4902880107166894,0.21026902857142865,49284526206.25,-0.04253423527470712,0,-1,0.07967332123411985,1,1,0.10905791123576969,1,1,0.430786998845075,1,1,0.46868503547269436,1,1,0.1774459660122092,1,1,0.0
2022-02-10,6.0550303,6.1313443,5.9719667,5.972,602209124.0,TRALT,28.43809523809524,28.83347761904762,29.196877619047623,28.43793666666667,0,-0.014684045537040058,-0.005462296829203406,0.015145591459994057,0.02260468939244457,0.03349057071928049,28.565214285714283,28.473200000000002,25.647766666666666,0.10879421228730402,48.717773370717374,0.11446941272058453,0.15113443637816137,-0.036665023657576845,0.07876258944581327,0.19988945714285716,48682317082.25,-0.08477896851975886,0,-1,0.07220361687876742,1,1,0.1138144675150703,1,1,0.3979571332886802,1,1,0.5047052913596786,1,1,0.1902712659075685,1,1,0.0
2022-02-11,5.915106,5.9813414,5.803214,5.9579,516776511.0,TRALT,28.370952380952385,28.16717142857143,28.482578095238097,27.63435238095238,0,-0.0023610180843937068,0.02832338016500402,0.017609482817517286,0.022578662083061717,0.033306997262514744,28.589761904761907,28.493733333333335,25.659485714285715,0.10567112282991253,44.367581737420856,0.10093310627098262,0.1410941703567256,-0.04016106408574299,-1.0890678177139512,0.19620641428571434,48165540571.25,-0.09912888769532902,0,-1,0.0645193776330586,1,1,0.09912888769532868,1,1,0.479145336444049,1,1,0.5074774668926971,1,1,0.16552812232498004,1,1,0.0
2022-02-14,5.9717793,6.0844684,5.878215,5.9954,1019170774.0,TRALT,28.549523809523812,28.437044285714286,28.97365904761905,27.991500000000002,0,0.006294164051091844,0.032283613698583125,-0.0007833202779952142,0.021925780786095833,0.03323600970390264,28.58864285714286,28.52409523809524,25.670535714285716,0.11215146139844423,57.98296727924695,0.10342251738573083,0.13355983976252667,-0.03013732237679584,-0.07833202779952142,0.1767864428571429,49184711345.25,-0.07740934716616077,0,-1,0.061764019081295585,1,1,0.10711545518230636,1,1,0.46989358508189616,1,1,0.4464422724088468,1,1,0.15355105580945394,1,1,0.0
2022-02-15,6.077906,6.1594696,6.00478,6.0095,965625206.0,TRALT,28.616666666666667,28.942409523809523,29.330807619047622,28.594190476190477,0,0.0023518030490041753,0.0015666405559908725,-0.006973247186740972,0.021844015864184736,0.03320155516220831,28.57859523809524,28.560704761904763,25.685045238095242,0.11413728889304564,51.923274181967365,0.10955043187864177,0.1287579581857497,-0.019207526307107925,0.07827071675992059,0.1697554142857143,50150336551.25,-0.0858141276312504,0,-1,0.08657958232798069,1,1,0.11778018137948254,1,1,0.45241700640652316,1,1,0.35179299442549294,1,1,0.1742574257425744,1,1,0.0
2022-02-16,6.0683894,6.1032186,6.0235295,6.047,585655729.0,TRALT,28.795238095238094,28.897092380952383,29.062945714285714,28.68347380952381,0,0.006240119810300371,-0.0023098498597592387,-0.03442659598249931,0.020316698014539388,0.03274876997705322,28.527261904761907,28.59820952380953,25.696207142857144,0.12060266074101911,53.95454996526741,0.1273480807619407,0.12847598270098792,-0.0011279019390472156,-1.374912335067613,0.16774413571428573,50735992280.25,-0.0023317347445013237,0,0,0.10386968744832159,1,1,0.12247395402679007,1,1,0.42480568877129166,1,1,0.31782702166363497,1,1,0.20577145692078713,1,1,0.0
2022-02-17,6.080483,6.140719,6.000092,6.0095,921471557.0,TRALT,28.616666666666667,28.954680952380954,29.241519047619047,28.57186666666667,0,-0.006201422192822825,0.006279303415940962,-0.01912938449736401,0.01979667979751644,0.032718795183783324,28.499357142857143,28.594190476190473,25.70446666666667,0.11329548431271341,49.292214357937276,0.12559583324016899,0.12789995280882413,-0.002304119568655144,0.07827071675992059,0.1643958642857142,49814520723.25,0.025742574257425765,1,1,0.11856227639570682,1,1,0.20670604875613607,1,1,0.46644479574007836,1,1,0.5327564689242033,1,1,0.21018387553041018,1,1,0.0
2022-02-18,6.0350614,6.089155,5.967279,6.0376,430315153.0,TRALT,28.750476190476192,28.73838761904762,28.995976190476192,28.415614285714287,0,0.004675929777851806,0.013377196663253654,0.004675929777851806,0.0193457086595279,0.03268550811560586,28.50604761904762,28.59106666666667,25.708595238095235,0.11832155449215165,51.88688739056055,0.13346596220090845,0.129013154687241,0.004452807513667445,4.207946425489317,0.16004305714285705,50244835876.25,0.12266463495428637,1,1,0.13508678945276276,1,1,0.21195508148933362,1,1,0.43788922750761894,1,1,0.5054326222340002,1,1,0.20377302239300388,1,1,0.0
2022-02-21,5.9865913,6.089155,5.8969655,5.9392,563398372.0,TRALT,28.281904761904762,28.50757761904762,28.995976190476192,28.0807880952381,0,-0.01629786670200084,-0.009373853287520495,-0.028367634067336223,0.019267947243521235,0.032767347182185755,28.464761904761907,28.581247619047616,25.709266666666668,0.10006656854875007,46.98363067868307,0.10073212064934012,0.12335694787966084,-0.02262482723032072,2.2607138552661166,0.16606990714285702,49681437504.25,0.11286031788793105,1,1,0.13732489224137945,1,1,0.22413793103448287,1,1,0.48617658943965547,1,1,0.4743399784482758,1,1,0.22609105603448287,1,1,0.0
2022-02-22,5.8773246,5.920403,5.817276,5.836,775284820.0,TRALT,27.79047619047619,27.98726,28.19239523809524,27.701314285714286,0,-0.01737607758620685,-0.028870954322323006,0.00321454970518964,0.01630626173432444,0.032844197098227036,28.469214285714287,28.53347619047619,25.716521428571433,0.08064678450642093,36.12442439620334,0.034735724896407305,0.10563270328301014,-0.07089697838660283,-2.734954417426372,0.1650702642857142,48906152684.25,0.15101096641535294,1,1,0.16466758053461272,1,1,0.2192769019876628,1,1,0.5044208361891704,1,1,0.32011651816312536,1,1,0.2332933516106923,1,1,0.0
2022-02-23,5.861527,5.920403,5.7938385,5.8032,492072840.0,TRALT,27.634285714285717,27.912033333333333,28.19239523809524,27.589707142857144,0,-0.005620287868402962,-0.04031751281627238,-0.02826523777628931,0.015118790630595734,0.0328285376915068,28.429023809523812,28.47454285714286,25.72567380952381,0.07419093932751841,39.61253091508654,-0.029826340815773733,0.07854089446325337,-0.1083672352790271,-4.253423527470712,0.16138710714285714,48414079844.25,0.12763647642679898,1,1,0.15832644058450507,1,1,0.23263027295285355,1,1,0.5646195202646815,1,1,0.3364695340501791,1,1,0.24510614833195477,1,1,0.0
2022-02-25,5.3574257,5.507897,5.2032046,5.4657,758485737.0,TRALT,26.02714285714286,25.511550952380954,26.228080952380953,24.777164761904764,0,-0.058157568238213386,-0.09049005740910221,-0.08405811673621233,0.01974601139262636,0.03345464406651142,28.309595238095238,28.378561904761906,25.73091904761905,0.011512368018242958,35.04421551645545,-0.2082743827177289,0.021177839027056916,-0.22945222174478583,-8.477896851975885,0.18314982857142859,47655594107.25,0.17152423294363017,1,1,0.2169895896225551,1,1,0.33962712918747817,1,1,0.6672338401302669,1,1,0.37179135334906777,1,1,0.3589110269498874,1,1,1.0
2022-02-28,5.4077234,5.5266476,5.296956,5.3673,597895316.0,TRALT,25.55857142857143,25.75106380952381,26.31736952380953,25.2236,0,-0.018003183489763486,-0.11102093547104808,-0.10893998505852087,0.019703185729821635,0.03353094299348269,28.153357142857146,28.271419047619048,25.73304047619048,-0.0067799624292542715,31.34947511005757,-0.3830895222965509,-0.05967563323766466,-0.32341388905888624,-9.912888769532902,0.19051608571428577,47057698791.25,0.18165558101838908,1,1,0.22007340748607307,1,1,0.3860227674994874,1,1,0.7248896093007655,1,1,0.36459672461013914,1,1,0.3794459038995397,1,1,1.0
2022-03-01,5.464396,5.573523,5.371957,5.5313,552149935.0,TRALT,26.33952380952381,26.020933333333332,26.540585714285715,25.58074761904762,0,0.030555400294375312,-0.06867928340517238,-0.07813203113281442,0.021298060764575074,0.03373702643634034,28.0417380952381,28.17454285714286,25.733709523809527,0.023541661770673628,29.670424978317442,-0.4533890625481831,-0.13841831909976837,-0.31497074344841475,-7.740934716616077,0.18917454285714289,47609848726.25,0.1508506137797625,1,1,0.2000072315730479,1,1,0.44577224160685547,1,1,0.6711984524433676,1,1,0.35892104930124935,1,1,0.3826586878310705,1,1,1.0
2022-03-02,5.5400066,5.6297736,5.461021,5.4938,481027638.0,TRALT,26.160952380952384,26.38098380952381,26.808445714285714,26.004861904761903,0,-0.006779599732431696,-0.058636052090472845,-0.08509858779642954,0.02127875800270113,0.03372767868670175,27.92007142857143,28.055790476190477,25.73672142857143,0.01648348852663095,24.893767705382402,-0.5175452372462104,-0.2142437027290568,-0.3033015345171536,-8.58141276312504,0.19352787142857147,47128821088.25,0.1885762131857729,1,1,0.22270559539844892,1,1,0.43259674542211224,1,1,0.7269649422985911,1,1,0.36988969383668846,1,1,0.3673413666314753,1,1,1.0
2022-03-04,6.1549225,6.318846,6.00478,6.0329,1322718721.0,TRALT,28.72809523809524,29.30915476190476,30.089742857142856,28.594190476190477,0,0.09812879973788635,0.039581610146126156,-0.016048798786554297,0.03090034790010697,0.03601716199818499,27.896642857142858,27.99016190476191,25.75312857142857,0.1155186508083994,51.92758118630119,-0.3571257702746209,-0.24282011623816963,-0.11430565403645127,-0.23317347445013237,0.24107561428571428,48451539809.25,0.10644963450413569,1,1,0.1250973826849442,1,1,0.3185698420328533,1,1,0.5804173780437267,1,1,0.24126042201926112,1,1,0.3532463657610767,1,1,1.0
2022-03-07,6.1886725,6.2813463,6.0610304,6.1642,1357974199.0,TRALT,29.353333333333335,29.46986904761905,29.91117285714286,28.862049523809524,0,0.021763994099023742,0.1277969884918675,0.026545430322408636,0.030891148775912907,0.03497542032001421,27.934595238095238,27.938828571428573,25.775452380952384,0.13880962783896456,56.07873180505627,-0.1774946501465493,-0.22975502301984557,0.05226037287329627,2.5742574257425765,0.24609839285714288,49809514008.25,0.09049025015411583,1,1,0.17642192011939906,1,1,0.3178676876155866,1,1,0.5224197787222995,1,1,0.20568768047759645,1,1,0.3868466305441096,1,1,1.0
2022-03-08,6.682227,6.778229,6.459474,6.7782,1249749661.0,TRALT,32.277142857142856,31.820128571428572,32.27728095238095,30.759400000000003,0,0.09960741053178013,0.2628695992398411,0.16990576133107793,0.036589889520410604,0.037222973501611405,28.16897619047619,27.95534285714286,25.815183333333334,0.2503162360061819,67.2165039148412,0.19850308005992545,-0.14410340240389136,0.3426064824638168,12.266463495428637,0.27522522142857136,51059263669.25,0.01106488448260623,1,0,0.07953438966097215,1,1,0.17842495057684937,1,1,0.38451211236021354,1,1,0.09439084122628438,1,1,0.31521642914047976,1,1,0.0
2022-03-09,6.784979,7.068858,6.520413,6.6095,2062141352.0,TRALT,31.473809523809525,32.30942380952381,33.66122857142857,31.049585714285712,0,-0.02488861349620841,0.19492705150687906,0.13801890528418204,0.0373304888038245,0.03738081281967809,28.359833333333334,27.9674,25.85525238095238,0.2173081531006964,62.355848434925875,0.42674248220581745,-0.0299342254819496,0.456676707687767,11.286031788793105,0.30268060714285705,48997122317.25,0.021983508586125966,1,1,0.09999243513125045,1,1,0.22907935547318248,1,1,0.4510628640593086,1,1,0.1400711097662457,1,1,0.36865118390195906,1,1,1.0
2022-03-10,6.672946,6.768853,6.520413,6.7173,1224192630.0,TRALT,31.987142857142857,31.77593333333333,32.23263333333333,31.049585714285712,0,0.01630985702398058,0.22270559539844892,0.11953134114431418,0.0369022002942845,0.036925605814024584,28.530595238095238,28.106685714285714,25.894873809523812,0.2352693082203159,63.415122283152556,0.6416490320480648,0.10438242602405329,0.5372666060240114,15.101096641535294,0.31373213571428565,50221314947.25,0.011864886189391521,1,0,0.05930954401321964,1,1,0.20377234900927466,1,1,0.31192592261771845,1,1,0.12737260506453496,1,1,0.24960921798937097,1,1,0.0
2022-03-11,6.7778535,6.946981,6.5438504,6.5439,1248925072.0,TRALT,31.161428571428573,32.27549285714286,33.0808619047619,31.161192380952382,0,-0.025813943102139247,0.08470221618127272,0.07967332123411985,0.0375740940645866,0.03706182721681364,28.64557142857143,28.238838095238098,25.92757619047619,0.20186431398376903,60.14349707691141,0.73684192400939,0.23087432562112065,0.5059675983882693,12.7636476426799,0.33248239285714287,48972389875.25,0.027216186066413073,1,1,0.09310961353321434,1,1,0.18409511147786484,1,1,0.3839453536881676,1,1,0.145769342441052,1,1,0.3823713687556347,1,1,1.0
2022-03-14,6.456568,6.586038,6.3657227,6.4032,475031751.0,TRALT,30.49142857142857,30.745561904761907,31.362085714285715,30.312965238095238,0,-0.021500939806537445,0.03877226566302183,0.07220361687876742,0.03778746764042547,0.037163189454596894,28.7482380952381,28.330800000000004,25.960611904761908,0.1745265744616591,56.65501674675987,0.749578897209755,0.33461523993884756,0.41496365727090745,17.152423294363018,0.3395137714285715,48497358124.25,0.038808720639680105,1,1,0.14349075462268868,1,1,0.22986944027986023,1,1,0.36091329335332345,1,1,0.18632871064467782,1,1,0.39297538730634685,1,1,1.0
2022-03-15,6.4034104,6.4969745,6.314159,6.3423,561605186.0,TRALT,30.201428571428572,30.492430476190478,30.93797380952381,30.06742380952381,0,-0.009510869565217406,-0.06430910861290606,0.0645193776330586,0.03788596411457734,0.03718431202683839,28.839761904761907,28.408485714285717,25.990635714285716,0.16201192242590667,57.439190934927844,0.7278818944783083,0.41326857084673974,0.3146133236315686,18.165558101838908,0.3388442000000001,47935752938.25,0.0325118647809155,1,1,0.17294987622786673,1,1,0.2158207590306358,1,1,0.33850495876890085,1,1,0.19994323825741445,1,1,0.3989404474717375,1,1,1.0
2022-03-16,6.4436765,6.5438504,6.361035,6.3657,1015330134.0,TRALT,30.312857142857144,30.68417380952381,31.161192380952382,30.29064285714286,0,0.0036895132680574427,-0.03688630002269455,0.061764019081295585,0.037881375334686704,0.03717097560429071,28.927928571428573,28.480809523809523,26.016080952380953,0.16515847249787075,60.07225708309565,0.7114767567886737,0.47291020803512657,0.23856654875354716,15.085061377976249,0.3445318000000001,48951083072.25,0.04271329154688419,1,1,0.2562640400898566,1,1,0.2555257080918045,1,1,0.35788679956642633,1,1,0.21691251551282664,1,1,0.330411423724021,1,1,1.0
2022-03-17,6.516756,6.581351,6.4266615,6.5298,732430199.0,TRALT,31.094285714285714,31.03217142857143,31.339766666666666,30.60315,0,0.025778783166030328,-0.02791300075923364,0.08657958232798069,0.03819970094607907,0.03712640552629811,29.051809523809528,28.572333333333336,26.04230952380952,0.19399109690549365,63.15922920892495,0.7528519137920782,0.5288985491865169,0.22395336460556126,18.857621318577287,0.3508951214285715,49683513271.25,0.02871450886704041,1,1,0.2053049097981563,1,1,0.20962357193175896,1,1,0.32376183037765327,1,1,0.18057214616067863,1,1,0.37961346442463784,1,1,1.0
2022-03-18,6.65532,6.773541,6.5438504,6.6751,826073028.0,TRALT,31.786190476190477,31.692,32.254957142857144,31.161192380952382,0,0.02225183007136522,0.020049206130900554,0.10386968744832159,0.03839808094168737,0.03723305178036054,29.201357142857148,28.691533333333332,26.072890476190477,0.21912798679599144,73.5420073191622,0.8318835202140207,0.5894955433920177,0.24238797682200297,10.64496345041357,0.3254483785714286,50509586299.25,0.016853680094680135,1,0,0.19171248370810923,1,1,0.20927027310452262,1,1,0.2612395319920302,1,1,0.20197450225464797,1,1,0.3657473296280207,1,1,1.0
2022-03-21,6.717009,6.7594786,6.6751018,6.722,484410446.0,TRALT,32.00952380952381,31.985757142857143,32.18799333333333,31.78619904761905,0,0.007026111968360116,0.04978760619690159,0.11856227639570682,0.03829734306501239,0.03723946027902233,29.371000000000002,28.800466666666665,26.10190952380953,0.22632881630079593,76.90993603750351,0.9021384803807173,0.6520241307897576,0.2501143495909597,9.049025015411583,0.31506887857142857,50993996745.25,0.07880095209758986,1,1,0.20850937221065147,1,1,0.2391847664385598,1,1,0.3389021124665277,1,1,0.17543885748289179,1,1,0.3750669443617969,1,1,1.0
2022-03-22,6.796745,6.8579173,6.73604,6.8532,549029198.0,TRALT,32.63428571428572,32.365452380952384,32.65674904761905,32.07638095238095,0,0.019518000595061036,0.08055437301925172,0.13508678945276276,0.03840802153405472,0.037260793544378716,29.56519047619048,28.916095238095235,26.12835952380952,0.2489986477929338,76.60507990178323,0.9967393164424045,0.7209671679202871,0.2757721485221174,1.106488448260623,0.31004704285714285,51543025943.25,0.06772018910873756,1,1,0.16552851222786424,1,1,0.272237786727368,1,1,0.31942742076694075,1,1,0.1878538492966788,1,1,0.3110809548823905,1,1,1.0
2022-03-23,6.850371,6.9422936,6.7126026,6.7548,761168045.0,TRALT,32.16571428571429,32.62081428571429,33.05854095238095,31.964774285714288,0,-0.014358255997198421,0.06112446392384174,0.13732489224137945,0.0383484101143819,0.037227645119106006,29.75938095238095,29.00270476190476,26.14499047619048,0.23028211905476548,74.77212006914978,1.0221190106053513,0.7811975364573,0.24092147414805132,2.1983508586125966,0.3143997857142857,50781857898.25,0.07633090543021259,1,1,0.20264108485817478,1,1,0.3129774382661217,1,1,0.3421270800023686,1,1,0.2058536152069641,1,1,0.29475336057322177,1,1,1.0
2022-03-24,6.7835255,6.8579173,6.6985397,6.797,770776220.0,TRALT,32.36666666666667,32.30250238095238,32.65674904761905,31.897808095238098,0,0.006247409249718672,0.040920089436123686,0.16466758053461272,0.03791520329500345,0.027535484555997317,29.988190476190475,29.092438095238098,26.16340714285714,0.23709677756947167,68.65205292193527,1.046385695844826,0.8342351683348053,0.21215052751002084,1.1864886189391521,0.26685204285714287,51552634118.25,0.04688833308812712,1,1,0.18965720170663536,1,1,0.27723995880535535,1,1,0.32896866264528457,1,1,0.08377225246432252,1,1,0.2549654259232015,1,1,1.0
2022-03-25,6.790463,6.8485427,6.7219777,6.722,331986133.0,TRALT,32.00952380952381,32.33553809523809,32.6121080952381,32.00941761904762,0,-0.011034279829336358,0.007026111968360116,0.15832644058450507,0.0380390357626941,0.027442223910682333,30.20695238095238,29.177266666666664,26.181376190476193,0.222606618408687,64.00100401606427,1.0249834042706851,0.8723848155219813,0.1525985887487038,2.7216186066413073,0.25814623571428574,51220647985.25,0.06414757512645042,1,1,0.15272240404641457,1,1,0.29009223445403154,1,1,0.324263612020232,1,1,0.0616631954775364,1,1,0.27524546265992256,1,1,1.0
2022-03-28,6.7025704,6.7547913,6.6376023,6.6517,411702505.0,TRALT,31.674761904761905,31.917001904761907,32.16567285714286,31.60763,0,-0.010458196965189015,-0.010458196965189015,0.2169895896225551,0.03504775533608183,0.02671798447291806,30.48933333333333,29.250485714285716,26.199233333333336,0.2089957557827482,45.63281088172341,0.9698298511843468,0.8918738226544545,0.07795602852989236,3.8808720639680105,0.22265766428571432,50808945480.25,0.10077123141452571,1,1,0.18392290692604907,1,1,0.25510771682427036,1,1,0.35094787798607885,1,1,0.0686441060180103,1,1,0.36772554384593414,1,1,1.0
2022-03-29,6.5961165,6.6891646,6.4969745,6.5485,483227014.0,TRALT,31.183333333333334,31.41007857142857,31.85316476190476,30.93797380952381,0,-0.015514830795135048,-0.0444609817311622,0.22007340748607307,0.03494578829008432,0.026778910903570534,30.77057142857143,29.31655238095238,26.211733333333335,0.18967078356766431,47.794330344229095,0.8763639067299849,0.8887718394695606,-0.012407932739575744,3.25118647809155,0.19721088571428572,50325718466.25,0.13601588149958,1,1,0.17753684049782414,1,1,0.34574329999236464,1,1,0.37152019546461035,1,1,0.06041078109490705,1,1,0.370665037794915,1,1,1.0
2022-03-30,6.624101,6.651664,6.586038,6.6376,452235943.0,TRALT,31.60761904761905,31.543338095238095,31.674590476190478,31.362085714285715,0,0.013606169351759956,-0.01735062474092497,0.2000072315730479,0.034639302572705664,0.026773316634804874,31.03397619047619,29.377266666666664,26.22356428571429,0.20531361424571148,47.07865992229311,0.8269947034483067,0.8764164122653099,-0.04942170881700314,4.271329154688419,0.18683402857142856,50777954409.25,0.2048029408219838,1,1,0.20409485356152834,1,1,0.327678679040617,1,1,0.30649632397252025,1,1,0.04194287091719895,1,1,0.3183228877907678,1,1,1.0
2022-03-31,6.7111964,6.782916,6.6422887,6.7173,719405491.0,TRALT,31.987142857142857,31.958078095238097,32.299600000000005,31.62994619047619,0,0.012007352054959508,-0.01172576136530823,0.22270559539844892,0.034422846721363094,0.02676551003087388,31.325285714285712,29.440657142857145,26.238409523809523,0.2190961052009177,56.82462216624683,0.8091660907714164,0.8629663479665313,-0.05380025719511483,2.871450886704041,0.1684187,51497359900.25,0.17166123293585245,1,1,0.17585934825004101,1,1,0.2993762374763671,1,1,0.2093549491611213,1,1,0.05052625310764758,1,1,0.3592663719053788,1,1,1.0
2022-04-01,6.7918224,6.886042,6.656352,6.7876,1073795941.0,TRALT,32.32190476190476,32.34201142857143,32.79067619047619,31.696914285714286,0,0.010465514417995259,0.009759000297530296,0.1250973826849442,0.027602152594629916,0.02649579224831695,31.504976190476192,29.490657142857145,26.256935714285714,0.23098540947865653,66.01666666666665,0.8126811918657246,0.8529093167463699,-0.04022812488064531,1.6853680094680135,0.16908832142857141,52571155841.25,0.17196063409747198,1,1,0.18922741469738935,1,1,0.2693440980611703,1,1,0.1740379515587247,1,1,0.07420885143496969,1,1,0.3182273557663975,1,1,1.0
2022-04-04,7.239861,7.453239,6.8297915,7.2517,2318517634.0,TRALT,34.53190476190476,34.475528571428576,35.491614285714284,32.522816666666664,0,0.06837468324591911,0.09020250462287849,0.17642192011939906,0.03076649507664109,0.027595479792662605,31.76390476190476,29.597800000000003,26.29287380952381,0.31335604514241444,78.36202594810378,0.9824701606220572,0.8788214855215074,0.10364867510054976,7.880095209758986,0.20357571428571422,54889673475.25,0.1202338761945474,1,1,0.14866858805521477,1,1,0.21524608022946357,1,1,0.27019871202614554,1,1,0.002882082821958898,1,0,0.2597459905953088,1,1,1.0
2022-04-05,7.239298,7.382926,7.115734,7.3173,1370798951.0,TRALT,34.84428571428572,34.47284761904762,35.15679047619048,33.88444761904762,0,0.009046154694761332,0.11740093151103315,0.07953438966097215,0.022113301154816304,0.027589445509629107,31.892261904761902,29.722352380952383,26.32702619047619,0.32351772137829404,78.91698067339249,1.12921874304989,0.928900937027184,0.20031780602270588,6.772018910873756,0.20826439999999996,56260472426.25,0.0916048269170322,1,1,0.1915460620720757,1,1,0.18642122094215074,1,1,0.24215215994970807,1,1,-0.006751124048487878,0,0,0.2478099845571453,1,1,1.0
2022-04-06,7.367831,7.4860516,7.2329235,7.2704,1349210477.0,TRALT,34.62095238095238,35.08490952380952,35.64786476190476,34.44249285714286,0,-0.006409467973159555,0.09533566349282863,0.09999243513125045,0.021207497025201853,0.02730460587403283,32.049619047619046,29.83261904761905,26.362404761904763,0.3132698892091099,74.23112158094487,1.2135083494946812,0.9858224195206835,0.22768592997399772,7.633090543021259,0.2109413357142857,54911261949.25,0.11735255281690127,1,1,0.2198641065140845,1,1,0.21405974911971848,1,1,0.2043904049295775,1,1,0.0015955105633802535,1,0,0.261017275528169,1,1,1.0
2022-04-07,7.2510643,7.4157386,7.0407324,7.1157,1186987440.0,TRALT,33.88428571428572,34.52887761904762,35.31304095238095,33.527297142857144,0,-0.021278058978873138,0.05930954401321964,0.05930954401321964,0.021808172529966134,0.02749776210322314,32.1444761904762,29.956276190476192,26.398342857142858,0.28357624179872776,64.32752341311135,1.2069526278641156,1.03004846118937,0.1769041666747455,4.688833308812712,0.22031742142857144,53724274509.25,0.13637449583315764,1,1,0.22003457144061733,1,1,0.2338631476875077,1,1,0.08270444228958485,1,1,0.011495706676785122,1,0,0.268659443203058,1,1,1.0
2022-04-08,7.1481247,7.2001104,7.0876083,7.1532,628698641.0,TRALT,34.06285714285715,34.03868904761905,34.28624,33.75051571428572,0,0.005270036679455359,0.053862926513053466,0.09310961353321434,0.020719049507010714,0.027480199975887534,32.28954761904762,30.068771428571427,26.43495,0.2885538706468953,64.10810103389608,1.2023069470667949,1.064500158364855,0.13780678870193985,6.414757512645042,0.22232624285714284,54352973150.25,0.08323547503215334,1,1,0.2123245540457417,1,1,0.2693340043616843,1,1,0.08424201755857497,1,1,0.010121344293462897,1,0,0.30136162836213143,1,1,1.0
2022-04-11,7.2706113,7.345425,7.167297,7.322,885660250.0,TRALT,34.86666666666667,34.62195857142857,34.97821428571429,34.129985714285716,0,0.02359783034166507,0.00969427858295302,0.14349075462268868,0.020168732706413516,0.027592108112075853,32.50830952380952,30.19779047619048,26.47501904761905,0.3169647434041145,64.96998339506959,1.2490872224489422,1.1014175711816725,0.14766965126726972,10.07712314145257,0.2263482214285714,55238633400.25,0.07553947009013928,1,1,0.14020759355367374,1,1,0.24455066921606128,1,1,0.024009833378858314,1,1,0.014394974050805809,1,0,0.3328735318219067,1,1,1.0
2022-04-12,7.359581,7.462614,7.242298,7.4392,1165143517.0,TRALT,35.4247619047619,35.04562380952381,35.536257142857146,34.48713333333333,0,0.01600655558590547,0.016659150233009345,0.17294987622786673,0.019879940527968105,0.02761026220713353,32.76947619047619,30.33261904761905,26.519216666666665,0.33581479234599954,71.59535529471157,1.3160242409872964,1.1443389051427975,0.17168533584449897,13.601588149958,0.22567857857142856,56403776917.25,0.036549628992365024,1,1,0.18461662544359636,1,1,0.24448865469405323,1,1,-0.015458651467899709,0,0,-0.004745133885363906,0,0,0.27656199591353947,1,1,1.0
2022-04-13,7.980122,8.179812,7.654805,7.997,3103662544.0,TRALT,38.08095238095238,38.00058095238095,38.95148571428572,36.45145238095238,0,0.07498118077212612,0.09993948063380276,0.2562640400898566,0.02481030855906197,0.02896625923289774,33.15788095238095,30.522800000000004,26.57479761904762,0.4329724322588131,78.5687077421198,1.5653601853389532,1.2285431611820288,0.3368170241569244,20.48029408219838,0.26719532142857144,59507439461.25,-0.0005877203951480947,0,0,0.10198824559209707,1,1,0.1559209703638864,1,1,-0.060072527197699066,0,-1,-0.043653870201325384,0,-1,0.16404901838189323,1,1,1.0
2022-04-14,7.9333873,8.062623,7.814182,7.8704,1302990386.0,TRALT,37.47809523809524,37.77803476190476,38.39344285714286,37.210390476190476,0,-0.015830936601225365,0.106061244852931,0.2053049097981563,0.0253120813716849,0.02908913451626934,33.47707142857143,30.70047619047619,26.622342857142858,0.4077684837583613,76.68463611859838,1.6947788290863883,1.3217902947629008,0.37298853432348755,17.166123293585244,0.27590075000000003,58204449075.25,0.003583045334417445,1,0,0.10900335434031305,1,1,0.20547875584468378,1,1,-0.043771599918682735,0,-1,-0.04555041675137239,0,-1,0.19231551128278102,1,1,1.0
2022-04-15,7.925933,7.9923096,7.8563704,7.9548,658292044.0,TRALT,37.88,37.742538095238096,38.058617142857145,37.41128761904762,0,0.010723724334214202,0.11206173460828706,0.19171248370810923,0.025141309238962895,0.028832253327182592,33.7817619047619,30.87414285714286,26.672009523809525,0.4202154496902586,80.08218292626624,1.8089222622702437,1.4192166882643695,0.38970557400587413,17.196063409747197,0.27724005,58862741119.25,0.01473324282194377,1,0,0.08309448383366003,1,1,0.1985845024387789,1,1,-0.05863126665660989,0,-1,0.026298587016643893,1,1,0.1796651078594056,1,1,1.0
2022-04-18,8.132515,8.226687,8.057935,8.1236,1628080505.0,TRALT,38.68380952380952,38.726261904761905,39.1747,38.371119047619054,0,0.021219892392014827,0.10947828462168796,0.20850937221065147,0.02527965654727406,0.02870606669648133,34.115476190476194,31.07593333333334,26.725359523809527,0.4474570300671261,85.29240421241319,1.941857936752136,1.5237449379619228,0.41811299879021324,12.02338761945474,0.2829326857142858,60490821624.25,0.025382835196218423,1,1,0.08481461421044867,1,1,0.15521443694913595,1,1,-0.08512235954502911,0,-1,0.05234132650549039,1,1,0.13434930326456263,1,1,0.0
2022-04-19,8.0310755,8.193876,7.8844953,7.9876,953395182.0,TRALT,38.03619047619048,38.24321666666667,39.018457142857145,37.54521571428572,0,-0.016741346201191498,0.07371760404344574,0.16552851222786424,0.025840686579592275,0.02867352953897521,34.385571428571424,31.284866666666673,26.772235714285717,0.42073269046762096,79.62605337078654,1.9722184649634755,1.6134396433622333,0.3587788216012422,9.16048269170322,0.29766244999999997,59537426442.25,0.09155440933446846,1,1,0.08685963243026706,1,1,0.17488356953277573,1,1,-0.07131053132355158,0,-1,0.11607992388201716,1,1,0.13192949071060145,1,1,1.0
2022-04-20,7.9868245,8.12825,7.8516827,8.1236,992915037.0,TRALT,38.68380952380952,38.03249761904762,38.70595238095238,37.38896523809524,0,0.017026390905904076,0.015830936601225476,0.20264108485817478,0.02536020756294887,0.028672613207856534,34.71147619047619,31.505409523809526,26.82502857142857,0.442078968184652,80.11735983209837,2.0251916978170286,1.6957900542531923,0.3294016435638363,11.735255281690126,0.30703754285714285,60530341479.25,0.0917450391452066,1,1,0.08655029789748414,1,1,0.18060958195873766,1,1,-0.07241863213353672,0,-1,0.1135580284602884,1,1,0.1228026983110937,1,1,0.0
2022-04-21,8.1215925,8.170437,8.071999,8.0861,727516210.0,TRALT,38.5052380952381,38.67425,38.906842857142856,38.438090476190474,0,-0.00461618001871078,0.027406485057938523,0.18965720170663536,0.025550638348579964,0.02783455463095085,35.01840476190476,31.704076190476194,26.880052380952378,0.432483744805628,78.2049611190756,2.029370821017764,1.7625062076061067,0.26686461341165746,13.637449583315764,0.2976624,59802825269.25,0.07362016299575824,1,1,0.08578919380170902,1,1,0.08984553740369283,1,1,-0.06346693708957352,0,-1,0.03807768887349905,1,1,0.10654085405819846,1,1,1.0
2022-04-22,7.999153,8.147,7.7485557,7.7486,897899186.0,TRALT,36.89809523809524,38.09120476190476,38.7952380952381,36.897884285714284,0,-0.04173829163626486,-0.02592145622768649,0.15272240404641457,0.02765491297930974,0.028365284881749202,35.26283333333334,31.8648,26.92570238095238,0.3703670461795443,61.42141313841769,1.8813132016335246,1.7862676064115903,0.09504559522193423,8.323547503215334,0.2785770642857143,58904926083.25,0.11916991456521187,1,1,0.1717987765531841,1,1,0.16877887618408494,1,1,-0.03236713728931673,0,-1,0.167449603799396,1,1,0.17653511602095873,1,1,1.0
2022-04-25,7.770869,7.917309,7.570428,7.8751,815435772.0,TRALT,37.50047619047619,37.0041380952381,37.70147142857143,36.04965714285714,0,0.016325529773120406,-0.030589886257324284,0.18392290692604907,0.027387392437422657,0.028394838980960773,35.55411904761905,32.04604761904762,26.971907142857145,0.3903531549272474,62.472050800465084,1.7919273569881327,1.787399556526899,0.004527800461233689,7.553947009013928,0.28426913571428575,59720361855.25,0.060126220619420634,1,1,0.15714086170334363,1,1,0.10655102792345494,1,1,-0.035402725044761274,0,-1,0.13262053815189634,1,1,0.19517212479841528,1,1,1.0
2022-04-26,7.8665423,8.039186,7.603241,7.7111,1086780440.0,TRALT,36.719523809523814,37.45972523809524,38.2818380952381,36.205909523809524,0,-0.020825132379271305,-0.034616155040312346,0.17753684049782414,0.027660175322482727,0.028583251642119875,35.83092857142857,32.21301904761904,27.01766666666667,0.3590930801891532,59.3634470743212,1.6391766921103397,1.7577549836435873,-0.11857829153324762,3.6549628992365024,0.29732748571428586,58633581415.25,0.14284602715565864,1,1,0.20060691730103342,1,1,0.10090648545603087,1,1,-0.013059096626940492,0,0,0.15061404987615257,1,1,0.23033030306960067,1,1,1.0
2022-04-27,7.8255725,8.001684,7.6079288,7.9923,947616102.0,TRALT,38.05857142857143,37.264630952380955,38.10325714285714,36.228232380952385,0,0.03646691133560709,-0.01616278497217971,0.20409485356152834,0.028343564532083,0.028855655729056625,36.15347619047619,32.4032,27.073359523809525,0.4057572498566726,67.67481248487785,1.6076387824906888,1.7277317434130077,-0.12009296092231891,-0.05877203951480947,0.29866670000000006,59581197517.25,0.10263628742664799,1,1,0.1566007282008932,1,1,0.08152847115348516,1,1,-0.030754601303754958,0,-1,0.05964490822416568,1,1,0.1664977540883099,1,1,1.0
2022-04-28,7.941497,8.034498,7.8610578,7.8986,687851733.0,TRALT,37.61238095238095,37.816652380952384,38.25951428571428,37.43360857142857,0,-0.01172378414223696,-0.023187939797924884,0.17585934825004101,0.02873606146974215,0.028933089610917503,36.434738095238096,32.58311428571429,27.12659761904762,0.3865498902807656,64.69637223974763,1.5290153818961016,1.6879884711096267,-0.15897308921352504,0.3583045334417445,0.30301942142857147,58893345784.25,0.10504393183602168,1,1,0.201174891752969,1,1,0.09435849391031326,1,1,-0.024016914389891952,0,-1,0.14053123338313123,1,1,0.19814903907021497,1,1,1.0
2022-04-29,8.025779,8.109499,7.917309,8.072,971638049.0,TRALT,38.43809523809524,38.21799523809524,38.616661904761905,37.70147142857143,0,0.021953257539310655,0.0417365717678031,0.18922741469738935,0.028891448249517677,0.028941671369416725,36.740547619047625,32.77597142857143,27.183295238095237,0.41403368875703084,64.76029284421003,1.5158601206679094,1.6535628010212835,-0.13770268035337407,1.473324282194377,0.3043532785714286,59864983833.25,0.06736868186323086,1,1,0.18118186323092167,1,1,0.04297571853320137,1,1,-0.006033201189296178,0,0,0.12939791873141737,1,1,0.21425916749256713,1,1,1.0
2022-05-05,8.325221,8.442317,8.170437,8.3298,1267443799.0,TRALT,39.66571428571429,39.643909523809526,40.20150952380952,38.906842857142856,0,0.03193756194251751,0.057738949346674895,0.14866858805521477,0.025956096099802265,0.028948440955707977,36.997238095238096,32.996952380952386,27.245238095238097,0.4558769553438784,66.60823511860363,1.5862082574568177,1.6400918923083905,-0.05388363485157277,2.5382835196218423,0.3150676357142857,61132427632.25,0.05796057528392051,1,1,0.12661768589882105,1,1,0.08047011933059611,1,1,-0.05144181132800307,0,-1,0.10965449350524614,1,1,0.15302888424692074,1,1,1.0
2022-05-06,8.621382,8.850137,8.297002,8.7189,1553872462.0,TRALT,41.51857142857143,41.0542,42.14350952380953,39.50953333333334,0,0.04671180580566148,0.13069471281658895,0.1915460620720757,0.02741710626705946,0.02891168539156814,37.33095238095238,33.252314285714284,27.31689047619048,0.5198864403969843,64.36616915422886,1.7710541394714099,1.6662843417409945,0.10476979773041539,9.155440933446846,0.3016764214285713,62686300094.25,-0.004301001273096294,0,0,0.07633990526327872,1,1,0.037091834979183114,1,1,-0.06632717429951018,0,-1,0.030531374370620146,1,1,0.15430845634196966,1,1,1.0
2022-05-09,8.792292,8.878261,8.690758,8.8689,1241322133.0,TRALT,42.23285714285714,41.86805714285715,42.277433333333335,41.38456190476191,0,0.01720400509238562,0.1096805675462631,0.2198641065140845,0.027219392298630102,0.02893298325132334,37.71154761904762,33.531333333333336,27.394235714285713,0.5416694805189726,69.68729050830079,1.9526735155287511,1.7235621764985458,0.2291113390302053,9.17450391452066,0.297323707142857,63927622227.25,-0.004758200002254909,0,0,0.08139679103383735,1,1,0.022201174892038322,1,1,-0.08158847207658215,0,-1,-0.013879962565820025,0,0,0.18346130861775434,1,1,0.0
2022-05-10,8.747712,8.8923235,8.629821,8.6814,805052983.0,TRALT,41.34,41.65577142857143,42.34439761904762,41.094385714285714,0,-0.021141291479213842,0.09910617071379746,0.22003457144061733,0.027211048369828558,0.02896643872197287,38.08433333333333,33.80232380952381,27.470688095238096,0.5048767565151047,63.76657824933689,2.001490137618937,1.7791477687226243,0.22234236889631287,7.362016299575824,0.30636394285714275,63122569244.25,0.011334577372313026,1,0,0.01511276982975085,1,0,0.040500380123021484,1,1,-0.1514732646808119,0,-1,-0.01743958347731933,0,0,0.3025203308222175,1,1,1.0
2022-05-11,8.728494,8.826697,8.498568,8.672,1265925110.0,TRALT,41.2952380952381,41.564257142857144,42.031890476190476,40.469371428571435,0,-0.001082774667680364,0.07433102081268594,0.2123245540457417,0.0273102488581148,0.028979254539352434,38.44595238095238,34.07554285714286,27.546359523809524,0.4991178075471212,61.0582351992257,2.0133570242029535,1.82598961981869,0.18736740438426347,11.916991456521187,0.31038122857142836,61856644134.25,0.04702490774907764,1,1,0.0443265682656826,1,1,0.026487546125461225,1,1,-0.1770641143911439,0,-1,-0.011508302583025931,0,0,0.3006803505535056,1,1,1.0
2022-05-12,8.443067,8.615756,8.222001,8.3486,2501174086.0,TRALT,39.75523809523809,40.20508095238095,41.027409523809524,39.15238571428572,0,-0.03729243542435434,0.0022569569497465913,0.14020759355367374,0.029055488065166682,0.029401823657107178,38.690380952380956,34.35010476190476,27.61444285714286,0.43965381814519744,56.76790401199848,1.8768612000257292,1.8361639358600979,0.04069726416563135,6.012622061942063,0.32042539285714267,59355470048.25,0.09151234937594355,1,1,0.04379177347100116,1,1,0.07636010828162831,1,1,-0.1485638310614953,0,-1,0.08972761900198845,1,1,0.3774764631195653,1,1,1.0
2022-05-13,8.517319,8.817323,8.240751,8.8126,1263480706.0,TRALT,41.96476190476191,40.558661904761905,41.987252380952384,39.24167142857143,0,0.05557818077282439,0.010746768514376948,0.18461662544359636,0.030985866942815483,0.030066070862940455,39.017380952380954,34.67822857142857,27.692009523809528,0.5154104966156645,61.502504173622704,1.9247896052047224,1.8538890697290227,0.07090053547569974,14.284602715565864,0.3418542999999999,60618950754.25,0.05054127045366852,1,1,-0.03669745591539386,0,-1,0.019154392574268764,1,0,-0.21202596282595387,0,-1,0.018518938792183803,1,0,0.3917345618773118,1,1,0.0
2022-05-16,8.932684,9.056389,8.798572,8.8126,1369598839.0,TRALT,41.96476190476191,42.536590476190476,43.125661904761905,41.89796190476191,0,0.0,-0.006348025121491907,0.10198824559209707,0.026835025816154205,0.0300794785846499,39.211571428571425,34.99073333333333,27.775938095238097,0.5108314887826,62.282333051563796,1.940405425727242,1.8711923409286666,0.06921308479857546,10.2636287426648,0.3532385142857141,60618950754.25,0.048941288609490874,1,1,-0.019143045185302854,0,0,-0.015954428885913363,0,0,-0.21521457912534325,0,-1,-0.007046728547761116,0,0,0.36032498921998046,1,1,0.0
2022-05-17,8.800072,8.962638,8.578257,8.7283,1293121662.0,TRALT,41.56333333333334,41.90510476190477,42.679228571428574,40.84884285714286,0,-0.009565848898168472,0.005402354458958314,0.10900335434031305,0.02661214984699679,0.030149116092695792,39.41583333333334,35.29878095238096,27.859421428571427,0.49189506465154986,68.11374477683691,1.8985043685784788,1.8766547464586292,0.021849622119849643,10.504393183602168,0.35223399285714263,59325829092.25,0.08699288521246973,1,1,-0.009669695129635891,0,0,-0.06928038678780535,0,-1,-0.19151495709359212,0,-1,0.0460914496522804,1,1,0.4245271129544126,1,1,0.0
2022-05-18,8.726103,8.873573,8.573569,8.6158,1020544322.0,TRALT,41.02761904761905,41.55287142857143,42.25510952380953,40.82651904761905,0,-0.012889107844597625,-0.006480627306273079,0.08309448383366003,0.026891506897954696,0.03025475763621168,39.573214285714286,35.54477142857143,27.941454761904765,0.4683422676887923,63.766122737241176,1.8013054848456562,1.8615848941360347,-0.06027940929037845,6.736868186323086,0.3488856357142854,58305284770.25,0.10662968035469711,1,1,-0.022853362427168622,0,-1,-0.07508298707026628,0,-1,-0.1537291951995171,0,-1,0.03851064323684383,1,1,0.5809094918637852,1,1,1.0
2022-05-20,8.832838,8.99545,8.634507,8.8126,1107762536.0,TRALT,41.96476190476191,42.06113333333334,42.83547619047619,41.116699999999994,0,0.02284175584391468,0.05557818077282439,0.08481461421044867,0.026947474455228135,0.030282752357660255,39.7372619047619,35.797000000000004,28.0313,0.4970679884544029,70.22511108662917,1.7793826501849352,1.8451444453458148,-0.06576179516087954,5.796057528392051,0.3448645642857139,59413047306.25,0.06489571749540413,1,1,0.021276354310872936,1,1,0.045219345028708835,1,1,-0.17474979007330416,0,-1,0.03661802419263327,1,1,0.5344279781222341,1,1,1.0
2022-05-23,8.768431,8.953262,8.545444,8.6814,1182365273.0,TRALT,41.34,41.75443333333333,42.63458095238096,40.692590476190475,0,-0.014887774323128267,-0.014887774323128267,0.08685963243026706,0.02687394706580475,0.03041150704150176,39.90245238095238,35.97825714285714,28.117016666666668,0.47028400950551297,63.390462865803876,1.692090218658521,1.814533600008356,-0.12244338134983512,-0.43010012730962943,0.3458690499999997,58230682033.25,0.0809892413665998,1,1,0.04157163591125834,1,1,0.046973990370216656,1,1,-0.16281936093256844,0,-1,0.05174280645978757,1,1,0.8467643467643464,1,1,1.0
2022-05-24,8.835322,8.915761,8.695446,8.8267,1169723842.0,TRALT,42.03190476190477,42.072961904761904,42.456004761904765,41.40688571428572,0,0.016736931831271562,0.0015999818441778668,0.08655029789748414,0.026866930969303683,0.030290294767480026,40.069857142857146,36.18941904761905,28.21020952380952,0.48995365406377744,67.68011582276071,1.6596103149232988,1.7835489429913447,-0.1239386280680459,-0.47582000022549087,0.35022053571428546,59400405875.25,0.08656689362955561,1,1,0.02708826628298211,1,1,-0.007964471433265174,0,0,-0.17500311554714687,0,-1,0.03867810166880026,1,1,0.7722478389432061,1,1,1.0
2022-05-25,8.83401,8.906387,8.7188835,8.7798,799939900.0,TRALT,41.808571428571426,42.06671428571428,42.41136666666667,41.51849285714286,0,-0.005313424042960757,0.0059003471466376745,0.08578919380170902,0.026879831408569286,0.030165094213769974,40.23502380952381,36.385847619047624,28.30094761904762,0.477285212896287,64.16619966375787,1.597434394352895,1.7463260332636548,-0.14889163891075974,1.1334577372313026,0.34854942857142834,58600465975.25,0.003735848196997793,1,0,0.028838925715847674,1,1,-0.12250848538691084,0,-1,-0.18022050616187146,0,-1,0.028201097974897005,1,1,0.8111004806487621,1,1,1.0
2022-05-26,8.991466,9.117327,8.817323,9.0798,1710241092.0,TRALT,43.237142857142864,42.81650476190477,43.415842857142856,41.987252380952384,0,0.034169343265222585,0.05385454629866082,0.1717987765531841,0.02532682849062985,0.030313994880538715,40.55197619047619,36.627361904761905,28.396371428571435,0.5226291487946648,64.76145488899382,1.6444767996683538,1.7259561865445947,-0.0814793868762409,4.702490774907764,0.34620728571428544,60310707067.25,-0.0025771492764158355,0,0,-0.019614969492720125,0,0,-0.1458181898279699,0,-1,-0.20421154650983508,0,-1,0.025231833300292772,1,1,0.9016388026167976,1,1,0.0
2022-05-27,9.049967,9.164203,8.915761,9.1126,1164180366.0,TRALT,43.39333333333334,43.095080952380954,43.63906190476191,42.456004761904765,0,0.0036124143703606393,0.03404216689739692,0.15714086170334363,0.025273230501387974,0.0290542740881972,40.84661904761906,36.8854,28.49492142857143,0.5228444634286127,59.01286571127695,1.6750525478062812,1.7157754587969323,-0.04072291099065106,9.151234937594355,0.32444349999999983,61474887433.25,-0.04371968483199096,0,-1,-0.013881877839475032,0,0,-0.17720518842042887,0,-1,-0.1849307552180498,0,-1,0.0709676711366678,1,1,1.0842679367030263,1,1,0.0
2022-05-30,9.288705,9.375143,9.140765,9.258,1124566639.0,TRALT,44.08571428571428,44.231928571428575,44.64353809523809,43.52745238095238,0,0.01595592915304067,0.06641785887068896,0.20060691730103342,0.024417825711860516,0.028850190228094395,41.21492857142857,37.163085714285714,28.597714285714286,0.5415817447947886,58.926359256710214,1.7351516566762797,1.719650698372802,0.015500958303477752,5.054127045366852,0.3298034999999998,62599454072.25,-0.08304169367033898,0,-1,-0.02987686325340222,0,-1,-0.2088788075178224,0,-1,-0.20027003672499455,0,-1,0.02577230503348482,1,1,0.9866709872542669,1,1,0.0
2022-05-31,9.240001,9.347018,9.159514,9.2439,847186531.0,TRALT,44.01857142857143,44.00000476190476,44.50960952380953,43.616733333333336,0,-0.0015230071289694669,0.04726568253141017,0.1566007282008932,0.023672922294105395,0.02875091931103232,41.512928571428574,37.437200000000004,28.701957142857147,0.5336435494443632,64.01973979362936,1.7571079196749793,1.7271421426332376,0.029965777041741637,4.894128860949087,0.32444646428571416,61752267541.25,-0.06490766884107346,0,-1,-0.06186782635034982,0,-1,-0.18685836064864392,0,-1,-0.17265439911725555,0,-1,0.007031664124449666,1,0,0.9389435195101636,1,1,0.0
2022-06-01,9.4324255,9.675148,9.197016,9.4876,1604157888.0,TRALT,45.17904761904762,44.91631190476191,46.07213333333333,43.795314285714284,0,0.026363331494282827,0.08061687054374822,0.201174891752969,0.023571387605455362,0.028761180976649304,41.891261904761905,37.718895238095236,28.810885714285714,0.5681242175989698,68.20210676664877,1.8468596973937181,1.7510856535853339,0.09577404380838428,8.699288521246974,0.33516096428571424,63356425429.25,-0.08892659892912858,0,-1,-0.14376660061554036,0,-1,-0.2067646190817488,0,-1,-0.20824022935199638,0,-1,-0.01091951599983132,0,0,0.8827100636620433,1,1,0.0
2022-06-02,9.583319,9.665773,9.501707,9.5345,863500296.0,TRALT,45.40238095238095,45.63485238095238,46.02749047619048,45.24622380952381,0,0.004943294405328924,0.050078195554968064,0.18118186323092167,0.02340348082671715,0.026307847835130415,42.23947619047619,37.991219047619055,28.921602380952383,0.569843204202362,80.19247415856199,1.9139469720843465,1.7836579172851366,0.13028905479920994,10.66296803546971,0.31574482142857135,64219925725.25,-0.11700666002412285,0,-1,-0.16420368136766483,0,-1,-0.21459961193560229,0,-1,-0.14374115055849812,0,-1,-0.01578478158267338,0,0,0.774041638261052,1,1,0.0
2022-06-03,9.524678,9.65171,9.375143,9.3845,833704333.0,TRALT,44.68809523809524,45.35560952380953,45.96052380952381,44.64353809523809,0,-0.015732340447847326,0.029837806992515814,0.12661768589882105,0.023330854003143654,0.026420214728691847,42.49059523809524,38.24479047619048,29.025845238095236,0.5395966894856843,67.33135341535845,1.8877168086985492,1.8044696955678192,0.08324711313072997,6.489571749540413,0.2943158928571427,63386221392.25,-0.04096115935851674,0,-1,-0.01847727635995522,0,0,-0.20804518088337143,0,-1,-0.08905109489051088,0,-1,-0.018061697479887062,0,0,0.9823858490063404,1,1,0.0
2022-06-06,9.454973,9.543896,9.379831,9.3845,598911954.0,TRALT,44.68809523809524,45.02368095238096,45.44712380952381,44.665861904761904,0,0.0,0.013663858284726826,0.07633990526327872,0.021316658371494438,0.023493166204390337,42.649071428571425,38.48586666666667,29.13243095238095,0.5339638257837507,67.33135341535845,1.8456536686247986,1.8127064901792154,0.03294717844558326,8.09892413665998,0.28761932142857144,63386221392.25,-0.03646438275880448,0,-1,-0.03146678032926631,0,-1,-0.20954765837284883,0,-1,-0.05005061537641853,0,-1,-0.03656028557728175,0,-1,1.1218818264158985,1,1,0.0
2022-06-07,9.525381,9.618897,9.389207,9.5908,1325549019.0,TRALT,45.670476190476194,45.35895714285714,45.80427142857143,44.71050952380953,0,0.02198305716873583,0.03752745053494744,0.08139679103383735,0.021499654711302916,0.0232365251751168,42.820952380952384,38.755961904761904,29.242478571428574,0.5617854033446614,74.33828094136229,1.8700316984592291,1.8241715318352183,0.04586016662401082,8.65668936295556,0.2769061785714287,64711770411.25,-0.054739959127497295,0,-1,-0.08700004170663556,0,-1,-0.2143199733077532,0,-1,-0.05679401092713865,0,-1,-0.048963590107186095,0,-1,1.3775910247320349,1,1,0.0
2022-06-08,9.276377,9.693898,8.634507,8.8126,1313863751.0,TRALT,41.96476190476191,44.17322380952381,46.161419047619056,41.116699999999994,0,-0.08114025941527303,-0.07114549517264646,0.01511276982975085,0.028317551233721802,0.0258023018595163,42.85219047619048,38.94792380952381,29.330090476190477,0.43077505808677885,54.03675746636036,1.572207856324276,1.7737787967330298,-0.20157094040875378,0.3735848196997793,0.3311481071428574,63397906660.25,0.025009645280620774,1,1,-0.12577445929691577,0,-1,-0.14067358100900984,0,-1,-0.047500170210834414,0,-1,0.015318975103828514,1,0,1.6077775003971588,1,1,0.0
2022-06-09,8.986122,9.140765,8.7188835,9.0564,1116753006.0,TRALT,43.12571428571429,42.79105714285714,43.52745238095238,41.51849285714286,0,0.027664934298617938,-0.050144213120771886,0.0443265682656826,0.028922057848396982,0.025647909925849036,42.943714285714286,39.17024761904762,29.425516666666667,0.46558902513909817,54.90622232955001,1.4135647755671812,1.70173599249986,-0.2881712169326789,-0.25771492764158355,0.3341646428571431,64514659666.25,-0.017081842674793513,0,0,-0.14361114791749485,0,-1,-0.17209928890066695,0,-1,-0.0011373172563051703,0,0,0.0066361909809637964,1,0,1.528256260765867,1,1,0.0
2022-06-10,8.792431,8.981388,8.559505,8.7142,798504562.0,TRALT,41.49619047619048,41.86871904761905,42.76851428571429,40.759547619047616,0,-0.037785433505587274,-0.07142628802813145,0.04379177347100116,0.02895801266433985,0.026024596600576648,43.0307619047619,39.36667619047619,29.514245238095242,0.4059715957984129,50.60839887223623,1.143172259962796,1.5900232459924473,-0.44685098602965123,-4.371968483199096,0.3405272857142859,63716155104.25,0.03120194624865169,1,1,-0.13958825824516308,0,-1,-0.12828486837575448,0,-1,0.023559248123751875,1,1,0.08008767299350494,1,1,1.6399210484037545,1,1,0.0
2022-06-13,8.622787,8.812635,8.470442,8.4892,728247110.0,TRALT,40.42476190476191,41.06089047619048,41.96492857142857,40.335438095238096,0,-0.025819926097633727,-0.09540199264745053,-0.03669745591539386,0.026748775774236393,0.026267875018358686,42.953761904761905,39.55150476190476,29.598397619047624,0.3657753512557427,43.91957626202572,0.8328285823814312,1.438584313270244,-0.6057557308888128,-8.304169367033898,0.34822957142857164,62987907994.25,0.057979550487678555,1,1,-0.1372331904066344,0,-1,-0.10351976629128778,0,-1,0.045151486594732226,1,1,0.1175611365028506,1,1,1.9624699618338597,1,1,0.0
2022-06-14,8.543897,8.68607,8.362628,8.6439,837466435.0,TRALT,41.16142857142857,40.685223809523805,41.3622380952381,39.8220380952381,0,0.018223154125241336,-0.09873003294824212,-0.019143045185302854,0.02711117015349273,0.026320576572477123,42.91359523809524,39.742580952380955,29.689471428571434,0.38639816038682295,47.643161874371344,0.638956334524643,1.278658717521124,-0.639702382996481,-6.490766884107346,0.3579394642857145,63825374429.25,0.0032508474184107516,1,0,-0.13041566885317968,0,-1,-0.10381887805273082,0,-1,-0.02023392218790132,0,-1,0.07856407408692845,1,1,1.8584319577968276,1,1,0.0
2022-06-15,8.6677885,8.751697,8.554818,8.6439,603702974.0,TRALT,41.16142857142857,41.27518333333334,41.67474761904762,40.73722857142857,0,0.0,-0.019143045185302854,-0.009669695129635891,0.027029077495753222,0.02619323882595692,42.8935,39.926066666666664,29.778535714285717,0.38225159780714524,41.562463706399264,0.47978056957104087,1.1188830879311074,-0.6391025183600665,-8.892659892912857,0.3478931785714289,63825374429.25,-0.06019273707470019,0,-1,-0.129339765615058,0,-1,-0.10816876641330886,0,-1,0.04219160332720184,1,1,0.09484144888302737,1,1,2.0570922847325863,1,1,0.0
2022-06-16,8.517458,8.695446,8.348566,8.4189,548044862.0,TRALT,40.09,40.55932380952381,41.40688571428572,39.75507619047619,0,-0.026029917051330953,-0.07039220882469854,-0.022853362427168622,0.027510983622483182,0.02639581084157064,42.84661904761905,40.081428571428575,29.86324761904762,0.34245278716536753,37.50225200879183,0.264132542105159,0.9479329787659176,-0.6838004366607586,-11.700666002412285,0.3549244642857146,63277329567.25,-0.05345116345365786,0,-1,-0.11052512798584146,0,-1,-0.04698951169392673,0,-1,0.08286118138949261,1,1,0.16422573020228315,1,1,2.2424544774257917,1,1,0.0
2022-06-17,8.878543,9.140765,8.484505,9.0001,1534348905.0,TRALT,42.857619047619046,42.278776190476194,43.52745238095238,40.40240476190476,0,0.06903514710947967,0.032808519428059846,0.021276354310872936,0.031280011524106144,0.027689847643714464,42.891261904761905,40.24794285714286,29.96001190476191,0.43049405934338636,45.98424216000748,0.312946204816825,0.8209356239760992,-0.5079894191592742,-4.0961159358516745,0.3877331785714289,64811678472.25,0.023444183953511777,1,1,-0.17422028644126164,0,-1,-0.12208753236075154,0,-1,0.02701081099098901,1,1,0.06715480939100682,1,1,2.455861601537761,1,1,0.0
2022-06-20,9.02892,9.117327,8.934512,9.0423,750826498.0,TRALT,43.058571428571426,42.99485714285714,43.415842857142856,42.545295238095235,0,0.004688836790702311,0.06515337134241128,0.04157163591125834,0.03104487331076078,0.027626454492689904,42.97719047619047,40.41222857142857,30.057221428571427,0.43255328942818827,46.88812052358607,0.36365457830145687,0.7294794148411707,-0.36582483653971387,-3.646438275880448,0.3873982500000003,65562504970.25,0.005186733463831139,1,0,-0.17963350032624437,0,-1,-0.09972020393041592,0,-1,-0.00632582418190053,0,0,0.11302434115214055,1,1,1.8539088506242885,1,1,0.0
2022-06-21,9.057467,9.112638,9.009513,9.0658,543663059.0,TRALT,43.17047619047619,43.130795238095246,43.39351428571429,42.90244285714286,0,0.00259889629850818,0.048808986684251154,0.02708826628298211,0.03086410767107014,0.02751151860691466,43.03411904761905,40.58321904761905,30.157111904761905,0.43151891755454974,43.014243126863164,0.40816602482112785,0.6652167368371622,-0.25705071201603436,-5.4739959127497295,0.36061203571428596,66106168029.25,-0.03412826226036303,0,-1,-0.168821284387478,0,-1,-0.1015354408877317,0,-1,-0.03529749167199814,0,-1,0.15775772684153666,1,1,1.924143484303647,1,1,0.0
2022-06-22,9.073124,9.178266,9.000138,9.033,708334348.0,TRALT,43.01428571428571,43.205352380952384,43.706028571428575,42.8578,0,-0.0036179928963797625,0.04501440322076822,0.028838925715847674,0.030845879867938297,0.0275351489641278,43.094404761904755,40.76581904761905,30.254211904761906,0.42176189714316825,41.655296349296144,0.4259285614601396,0.6173591017617577,-0.1914305403016181,2.5009645280620774,0.3606088214285718,65397833681.25,-0.14710505922727768,0,-1,-0.16164065094652935,0,-1,-0.18450127310970887,0,-1,-0.05568471161297461,0,-1,0.25182110040960937,1,1,2.295759991143585,1,1,0.0
2022-06-23,8.994701,9.098577,8.878261,8.9017,658459136.0,TRALT,42.38904761904762,42.83190952380952,43.32655714285715,42.277433333333335,0,-0.01453559171925145,0.057347159367613365,-0.019614969492720125,0.030075438391651322,0.027573652800250537,43.05200000000001,40.932342857142864,30.34751666666667,0.39678801678053666,41.91614761235016,0.3851146488197301,0.5709102111733522,-0.18579556235362205,-1.7081842674793513,0.35659089285714324,64739374545.25,-0.12872822045227328,0,-1,-0.1577114483750296,0,-1,-0.19829920127616074,0,-1,-0.037015401552512484,0,-1,0.2671175168787985,1,1,2.228417043935428,1,1,0.0
2022-06-24,8.965075,9.065763,8.84076,8.9861,720728795.0,TRALT,42.79095238095238,42.69083333333334,43.170300000000005,42.09885714285714,0,0.009481335025893989,-0.0015555382717968858,-0.013881877839475032,0.030146794751763375,0.027503475978035635,43.021880952380954,41.090828571428574,30.442385714285717,0.40563728423136847,43.512668533837044,0.38080994443780014,0.5328901578262417,-0.15208021338844158,3.120194624865169,0.36094360714285756,65460103340.25,-0.16562246135698466,0,-1,-0.1546610876798611,0,-1,-0.20896718264875758,0,-1,0.012419180734690283,1,0,0.2797542871768621,1,1,2.075394219961941,1,1,0.0
2022-06-27,8.90123,9.042325,8.672008,8.9814,568222075.0,TRALT,42.768571428571434,42.386809523809525,43.05869047619048,41.295276190476194,0,-0.0005230300130200094,-0.006735012109750693,-0.02987686325340222,0.029904421210291465,0.02737809759927769,42.95602380952381,41.23770476190476,30.54049047619048,0.4003891477091379,39.37957476472637,0.37131222321430357,0.5005745709038542,-0.12926234768955058,5.7979550487678555,0.3706521785714289,64891881265.25,-0.1845146636381857,0,-1,-0.15264880753557353,0,-1,-0.22683545995056464,0,-1,-0.0006235108112322418,0,0,0.36557774957133615,1,1,2.0989378047965794,1,1,0.0
2022-06-28,8.900902,9.056389,8.597006,8.672,638623312.0,TRALT,41.2952380952381,42.385247619047625,43.125661904761905,40.938123809523816,0,-0.034448972320573645,-0.04343797568885244,-0.06186782635034982,0.030821973186291,0.027840284213887786,42.819857142857146,41.301990476190475,30.63122857142857,0.34814175014045756,47.07107741021581,0.24210864611272598,0.44888138594562854,-0.20677273983290256,0.32508474184107516,0.3277944642857144,64253257953.25,-0.13323339483394836,0,-1,-0.10672278597785978,0,-1,-0.20249077490774903,0,-1,0.009052121771217836,1,0,0.3823800738007379,1,1,1.8069649446494465,1,1,0.0
2022-06-29,8.4205675,8.68607,8.04856,8.1236,692955228.0,TRALT,38.68380952380952,40.09794047619048,41.3622380952381,38.32647619047619,0,-0.0632380073800739,-0.1006753016716484,-0.14376660061554036,0.03281751969165116,0.029174937821655866,42.49509523809524,41.32610476190476,30.709245238095242,0.25967959237961735,32.75658089322681,-0.07019738889406568,0.3450656309776897,-0.4152630198717554,-6.019273707470019,0.34319650000000024,63560302725.25,-0.0735757545915603,0,-1,-0.05104879610025115,0,-1,-0.1313333989856712,0,-1,0.12395982076911727,1,1,0.530565266630558,1,1,2.133339898567138,1,1,1.0
2022-06-30,7.99995,8.175125,7.757931,7.9689,813139336.0,TRALT,37.94714285714286,38.095,38.92916666666667,36.942528571428575,0,-0.019043281303855353,-0.1047889728928183,-0.16420368136766483,0.03278818134290545,0.02930551490612523,42.12233333333334,41.32744761904762,30.781345238095238,0.23279676582098086,35.19644063083459,-0.37284706621019126,0.2014830915401135,-0.5743301577503048,-5.345116345365786,0.33750357142857157,62747163389.25,-0.06029690421513634,0,-1,0.0068265381671246406,1,0,-0.08503055628756795,0,-1,0.12281494309126728,1,1,0.709244688727428,1,1,2.126454090275948,1,1,1.0
2022-07-04,9.180469,9.379831,8.812635,9.2111,1921747800.0,TRALT,43.86238095238095,43.71651904761905,44.665861904761904,41.96492857142857,0,0.1558809873382776,0.025038670836069032,-0.01847727635995522,0.04914653868241256,0.03435205386137127,42.081047619047624,41.431019047619046,30.883021428571432,0.42027492529606136,60.21219408685812,-0.13384594464444888,0.13441728430320105,-0.2682632289476499,2.3444183953511777,0.41384200000000015,64668911189.25,-0.19313654178111184,0,-1,-0.14219800023884221,0,-1,-0.21045260609482042,0,-1,-0.008229201724006763,0,0,0.4680439904028837,1,1,1.9238635993529547,1,1,0.0
2022-07-05,9.159469,9.290768,9.028264,9.0892,1131088009.0,TRALT,43.28190476190476,43.61651904761905,44.241752380952384,42.991733333333336,0,-0.013234032851668132,0.012002583116217824,-0.03146678032926631,0.049237935069150564,0.034423059222791805,42.010738095238096,41.53593333333333,30.983357142857145,0.39694044652236493,56.358340234743125,0.008625163263886293,0.10925886009533811,-0.10063369683145182,0.5186733463831139,0.40948928571428583,63537823180.25,-0.18386656691457992,0,-1,-0.10436562073669853,0,-1,-0.2003806715662544,0,-1,0.00455485631298691,1,0,0.7639066144435152,1,1,1.8711877833032613,1,1,0.0
2022-07-06,8.940183,9.253266,8.714195,8.7564,1115838707.0,TRALT,41.69714285714286,42.5723,44.06317142857143,41.49616666666667,0,-0.03661488359811649,0.009732472324723185,-0.08700004170663556,0.04957240402654127,0.03479945695947942,41.81207142857143,41.596199999999996,31.073426190476194,0.3418907397447779,51.4669448428739,-0.006270219390238196,0.08615304419822285,-0.09242326358846105,-3.412826226036303,0.43393157142857147,62421984473.25,-0.13945228632771456,0,-1,-0.06978895436480737,0,-1,-0.16837969941985287,0,-1,0.04701703896578513,1,1,0.7864761774245124,1,1,2.0274656251427525,1,1,0.0
2022-07-07,7.7865276,8.060822,7.624467,7.7042,746683513.0,TRALT,36.68666666666667,37.07870285714286,38.38486666666667,36.306985714285716,1,-0.1201635375268375,-0.051627357329262824,-0.12577445929691577,0.053411653132887184,0.03817911231323512,41.54816666666667,41.55982857142857,31.141457142857142,0.17806519130982346,42.33434154922023,-0.41756504185649135,-0.014590573012719987,-0.40297446884377136,-14.710505922727767,0.4900067857142857,61675300960.25,-0.017042652059915397,0,0,-0.04384621375353703,0,-1,-0.0657693206303055,0,-1,0.17175047376755526,1,1,1.0639521300070092,1,1,2.581007761999948,1,1,0.0
2022-07-08,7.742799,7.859066,7.624467,7.7558,258826049.0,TRALT,36.93238095238095,36.87047142857143,37.42412380952381,36.306985714285716,0,0.006697645440149502,-0.02674145741570355,-0.14361114791749485,0.05293265753643929,0.03818160751959153,41.2385,41.56051428571429,31.213059523809523,0.18323488680142663,34.943491203020244,-0.7154448595510772,-0.15476143032039144,-0.5606834292306857,-12.872822045227327,0.45520207142857144,61934127009.25,-0.03326542716418679,0,-1,-0.07984991877046854,0,-1,-0.06836174218004587,0,-1,0.20025013538255232,1,1,1.2262693725985714,1,1,2.5414657417674515,1,1,0.0
2022-07-13,7.603916,7.7652264,7.432096,7.4978,387239790.0,TRALT,35.703809523809525,36.20912380952381,36.977268571428574,35.39093333333333,0,-0.03326542716418679,-0.1860038431891956,-0.13958825824516308,0.05280118889729939,0.03834328063409997,40.948880952380954,41.52458095238096,31.277514285714286,0.1415168480993041,32.238551944616944,-1.038678963333993,-0.33154493692311177,-0.7071340264108812,-16.562246135698466,0.4659388857142858,61546887219.25,0.013137186908159793,1,0,-0.051948571580997194,0,-1,-0.009389420896796397,0,0,0.30162180906399216,1,1,1.533156392541812,1,1,2.7452986209288053,1,1,0.0
2022-07-14,7.488024,7.624467,7.3147964,7.3242,457553439.0,TRALT,34.87714285714286,35.65725714285715,36.306985714285716,34.83236380952381,0,-0.02315345834778204,-0.19418650706332796,-0.1372331904066344,0.052752375420992884,0.03841864291889891,40.6715,41.48773333333334,31.339509523809525,0.11288094124911852,30.640284570920414,-1.346033178016718,-0.5344425851418331,-0.811590592874885,-18.451466363818568,0.48069214285714296,61089333780.25,0.03907594003440651,1,1,-0.051896452854919395,0,-1,0.010881734523907172,1,0,0.29660577264411137,1,1,1.5112094153627704,1,1,2.869938013707982,1,1,1.0
2022-07-18,7.4752626,7.5493956,7.3804846,7.5166,362344182.0,TRALT,35.79333333333334,35.59648857142857,35.94950285714286,35.145164761904766,0,0.026269080582179694,-0.14158786716002003,-0.13041566885317968,0.052977532555821084,0.037315991005797695,40.40309523809524,41.44242857142857,31.40496904761905,0.13973471137832516,33.721229817932,-1.498411932980666,-0.7272364547095997,-0.7711754782710663,-13.323339483394836,0.4840541142857143,61451677962.25,0.03058563712316742,1,1,-0.07990314769975781,0,-1,0.017468004150812844,1,0,0.2384455737966633,1,1,1.3845089535162174,1,1,2.7827475188250004,1,1,0.0
2022-07-19,7.4999413,7.586931,7.432096,7.5259,423294008.0,TRALT,35.83761904761905,35.71400619047619,36.12824285714286,35.39093333333333,0,0.0012372615278184451,-0.023143220580981727,-0.129339765615058,0.052985212554241504,0.037261021576409814,40.136904761904766,41.406933333333335,31.47210238095238,0.13871067823256644,34.833318634800236,-1.5971883144141827,-0.9012268266505165,-0.6959614877636663,-7.357575459156029,0.47937690000000005,61874971970.25,0.02431602864773641,1,1,-0.06234470295911443,0,-1,-0.0018602426287886997,0,0,0.24689405918229057,1,1,1.3734569951766566,1,1,2.4638514994884333,1,1,0.0
2022-07-20,7.5572777,7.662003,7.46494,7.4884,459443790.0,TRALT,35.65904761904762,35.98703666666667,36.485728571428574,35.547333333333334,0,-0.004982792755683807,-0.03447742334768822,-0.11052512798584146,0.05276663034434552,0.03723907701700064,39.91535714285714,41.351352380952385,31.540183333333335,0.13059100646892086,33.316996012208435,-1.6706206552590785,-1.0551055923722288,-0.6155150628868498,-6.029690421513633,0.47738118571428567,61415528180.25,0.07143047914107159,1,1,-0.02632070936381603,0,-1,0.0902195395545109,1,1,0.253138187062657,1,1,1.2587735697879388,1,1,2.5131536776881576,1,1,0.0
2022-07-21,7.4602003,7.53532,7.3851757,7.4321,469277074.0,TRALT,35.390952380952385,35.52476333333334,35.88247619047619,35.167503333333336,0,-0.0075182949628758156,-0.008762570353970434,-0.17422028644126164,0.04984373774936822,0.037141879095174,39.542023809523805,41.265857142857136,31.611276190476193,0.11956733944246545,32.9383520912715,-1.7305012187291027,-1.1901847176436036,-0.5403165010854991,-19.313654178111182,0.4616545642857143,60946251106.25,0.06313155097482537,1,1,-0.021460959890206133,0,-1,0.1502536295259751,1,1,0.23989182061597658,1,1,1.5031552320340142,1,1,2.503155232034014,1,1,0.0
2022-07-22,7.5076838,7.5916233,7.3898683,7.418,443550007.0,TRALT,35.32380952380952,35.75087523809524,36.15058714285715,35.18984904761905,0,-0.001897175764588921,0.012806859452226815,-0.17963350032624437,0.04977459982586761,0.03708335405862103,39.15528571428572,41.141961904761914,31.68192380952381,0.11495153312599471,35.22968197879858,-1.7630515038554293,-1.3047580748859688,-0.45829342896946046,-18.386656691457993,0.44325256428571436,60502701099.25,0.09741170126718801,1,1,-0.02023456457266093,0,-1,0.20177945537880837,1,1,0.21884605014828784,1,1,1.6843893232677272,1,1,2.425060663251551,1,1,0.0
2022-07-25,7.5405746,7.586931,7.427404,7.5353,402642535.0,TRALT,35.882380952380956,35.9074980952381,36.12824285714286,35.36859047619048,0,0.015812887570773926,0.002487826943032845,-0.168821284387478,0.05001961997645071,0.03707392824550043,38.79088095238095,41.01495238095238,31.757371428571428,0.12989140279092326,42.287422323605774,-1.7239037044090395,-1.388587200790583,-0.33531650361845644,-13.945228632771457,0.4097826357142857,60905343634.25,0.08095231775775358,1,1,-0.03361511817711316,0,-1,0.2004963306039571,1,1,0.21046275529839553,1,1,2.0261568882459886,1,1,2.4246678964341166,1,1,0.0
2022-07-26,7.600022,7.708923,7.483708,7.5729,626014696.0,TRALT,36.06142857142857,36.190580952380955,36.709157142857144,35.63670476190477,0,0.004989847783100743,0.0062451002537902145,-0.16164065094652935,0.05009667108187501,0.03707695664183486,38.4432380952381,40.90938095238096,31.83421666666667,0.13278831230636734,44.644016446656565,-1.6593037243556807,-1.4427305055036026,-0.21657321885207814,-1.7042652059915397,0.39606985000000006,61531358330.25,-0.027268285597327302,0,-1,-0.04957149836918484,0,-1,0.10842609832428796,1,1,0.1815288726907789,1,1,2.0346762798927758,1,1,2.3302169578364964,1,1,0.0
2022-07-27,7.5867434,7.657311,7.497784,7.4978,394634909.0,TRALT,35.703809523809525,36.12734952380952,36.463385714285714,35.70373333333333,0,-0.00991694067002069,0.0012552748250627133,-0.1577114483750296,0.05007371776678099,0.036701644074475015,38.10897619047619,40.79755238095238,31.90826904761905,0.11895162569069817,16.13630074712418,-1.618309775413337,-1.4778463594855495,-0.14046341592778755,-3.326542716418679,0.3066838500000001,61136723421.25,-0.04818746832404175,0,-1,-0.03630398250153377,0,-1,0.20650057350156015,1,1,0.215889994398357,1,1,2.0538157859638826,1,1,2.2759609485449066,1,1,0.0
2022-07-28,7.551695,7.619775,7.4180207,7.5963,494462543.0,TRALT,36.17285714285715,35.96045238095238,36.284642857142856,35.323908095238096,0,0.013137186908159793,0.022093351811735662,-0.1546610876798611,0.050145136901231915,0.03668006654098383,37.77807142857143,40.725904761904765,31.983216666666667,0.130994969013138,20.217053026373577,-1.530332828421514,-1.4883436532727425,-0.04198917514877154,1.3137186908159793,0.3023445857142858,61631185964.25,-0.06424180192988704,0,-1,-0.022234508905651595,0,-1,0.17419006621644728,1,1,0.23903742611534562,1,1,2.028421731632505,1,1,2.0525124073562124,1,1,0.0
2022-07-29,7.590544,7.633851,7.5071673,7.6104,437062041.0,TRALT,36.24,36.14544761904762,36.35167142857143,35.74841571428571,0,0.0018561668180561153,0.025936910218387732,-0.15264880753557353,0.050164625604898934,0.03657796947763614,37.45164285714286,40.61140952380953,32.06028571428572,0.13037046278885311,23.80691168403733,-1.4386092052407875,-1.4783967636663515,0.03978755842556403,3.907594003440651,0.2728883500000001,62068248005.25,-0.08755124566382855,0,-1,-0.02713392200147169,0,-1,0.16583885209713034,1,1,0.2466099022390411,1,1,2.304556922106591,1,1,2.351413854725113,1,1,0.0
2022-08-02,7.7873726,7.8919096,7.694847,7.7465,615523357.0,TRALT,36.88809523809524,37.08272666666667,37.58052190476191,36.64212857142857,0,0.017883422684747075,0.028028081164651608,-0.10672278597785978,0.050026550391484945,0.036345615826871104,37.23128571428572,40.50987619047619,32.13880952380953,0.14777416415400446,51.66338969720803,-1.2986516557754513,-1.4424477420881716,0.14379608631272034,3.058563712316742,0.21214382142857158,62683771362.25,-0.10720970760988824,0,-1,-0.01272832892273923,0,0,0.09326792745110701,1,1,0.20351126315110046,1,1,2.189569482992319,1,1,2.179874782159685,1,1,0.0
2022-08-03,7.760065,7.835606,7.685463,7.7089,290925961.0,TRALT,36.70904761904762,36.952690476190476,37.31240952380953,36.59744285714286,0,-0.004853804944168427,0.01795877404957147,-0.05104879610025115,0.048081999122156605,0.03631847414273619,37.13254761904762,40.41279047619047,32.21705238095238,0.1394291192434174,48.13518886679918,-1.1884818569357591,-1.3916545650576893,0.2031727081219301,2.431602864773641,0.20611125000000013,62392845401.25,-0.08460351022843704,0,-1,-0.025554878127878156,0,-1,0.16859733554722478,1,1,0.22763299562842954,1,1,2.427882058400032,1,1,-0.2892433421110664,0,-1,0.0
2022-08-04,7.8915815,8.070206,7.746459,8.0233,1126624582.0,TRALT,38.20619047619048,37.57895952380952,38.42955238095239,36.8879,0,0.04078402884977117,0.07008722558617198,0.0068265381671246406,0.04879180305102895,0.03658966405320451,37.145500000000006,40.356361904761904,32.30127380952381,0.18280754813222377,69.99771672121162,-0.9691923352586613,-1.3071621190978837,0.3379697838392224,7.143047914107159,0.20812379285714297,63519469983.25,-0.0912342801590369,0,-1,0.017536425161716274,1,0,0.13625316266374177,1,1,0.22162950406939808,1,1,2.402328219061982,1,1,-0.327412660625927,0,-1,0.0
2022-08-05,7.953703,8.079589,7.8872185,7.9013,600904632.0,TRALT,37.625238095238096,37.87477619047619,38.47423333333334,37.55818333333334,0,-0.015205713359839557,0.04015112620617933,-0.14219800023884221,0.03260305445715263,0.036409985530662096,36.83364285714286,40.26957142857143,32.38281428571428,0.16188907373120176,72.85906678285664,-0.8326831582342535,-1.2122663269251577,0.37958316869090414,6.313155097482537,0.19974521428571437,62918565351.25,-0.07956918481768827,0,-1,0.08194854011365216,1,1,0.16983281232202296,1,1,0.21555946489818134,1,1,2.936453494994495,1,1,-0.33011985369496166,0,-1,0.0
2022-08-08,8.077336,8.239117,7.905986,8.1406,1007707142.0,TRALT,38.764761904761905,38.463504761904765,39.23389047619048,37.64755238095238,0,0.03028615544277513,0.06966782297908125,-0.10436562073669853,0.03360938532825194,0.03611154816532876,36.60778571428572,40.218066666666665,32.47044285714286,0.19384765016330596,73.83134738771761,-0.6253400728173872,-1.0948810761036036,0.4695410032862164,9.741170126718801,0.2077896000000001,63926272493.25,-0.10720340024076835,0,-1,0.09510355502051437,1,1,0.10373928211679728,1,1,0.23630936294622007,1,1,2.1700243225315092,1,1,-0.3467624008058374,0,-1,0.0
2022-08-09,8.174133,8.290729,8.070206,8.1453,768454897.0,TRALT,38.78714285714286,38.92444285714286,39.47966190476191,38.42955238095239,0,0.0005773530206618638,0.05148131414187063,-0.06978895436480737,0.03278280121706614,0.036037041772017456,36.46228571428572,40.15317142857143,32.559242857142856,0.19127901798348268,73.73907711175835,-0.4539800288072158,-0.9667008666443262,0.5127208378371104,8.095231775775357,0.21248160000000008,64694727390.25,-0.10598750199501561,0,-1,0.11059138398831192,1,1,0.07372349698599168,1,1,0.28859587737713777,1,1,2.254600812738634,1,1,-0.3395182497882214,0,-1,0.0
2022-08-10,7.415533,7.5634713,7.3335643,7.3664,1906648544.0,TRALT,35.07809523809524,35.312061904761904,36.01653,34.921734761904766,0,-0.09562569825543576,-0.04442916628831606,-0.04384621375353703,0.02832624651768526,0.03798065499921585,36.38185714285714,40.0185619047619,32.63050238095238,0.07500935255509922,47.018572825024435,-0.6104284650331593,-0.8954463863220928,0.28501792128893355,-2.72682855973273,0.256386792857143,62788078846.25,-0.022928431798436066,0,-1,0.13949826238053875,1,1,0.1579604691572547,1,1,0.5350374674196352,1,1,3.041404213727194,1,1,-0.2736122122067767,0,-1,0.0
2022-08-11,7.147574,7.4180207,6.8878264,7.1365,1492702510.0,TRALT,33.983333333333334,34.03606666666666,35.323908095238096,32.799173333333336,0,-0.031209274543874788,-0.11052808694676752,-0.07984991877046854,0.02898514152877402,0.038166644774920135,36.23440476190476,39.833485714285715,32.692883333333334,0.03947189322038991,43.34114254820688,-0.8133770104329727,-0.879032511144269,0.06565550071129622,-4.818746832404175,0.28353322142857157,61295376336.25,0.0124851117494571,1,0,0.26758214811181924,1,1,0.20117704757233934,1,1,0.5805366776431025,1,1,3.0269599943950114,1,1,-0.28616478666012746,0,-1,1.0
2022-08-12,7.211995,7.3335643,7.0755057,7.1083,650146776.0,TRALT,33.84904761904762,34.34283333333333,34.921734761904766,33.692884285714285,0,-0.003951516849996617,-0.10036323136699032,-0.051948571580997194,0.028142442831024368,0.037893667571772614,36.141666666666666,39.6426,32.75431428571429,0.03342256912429997,43.06755607288357,-0.973825278077463,-0.8979910645309078,-0.07583421354655517,-6.424180192988704,0.28755490714285725,60645229560.25,0.04489118354599553,1,1,0.254800725911962,1,1,0.2798700111137684,1,1,0.6178270472546181,1,1,2.8878212793494926,1,1,-0.3147724491087883,0,-1,1.0
2022-08-15,7.0076127,7.1787295,6.9347463,6.9441,474451306.0,TRALT,33.067142857142855,33.36958428571429,34.184426190476195,33.02260142857143,0,-0.023099756622539824,-0.14697933813232444,-0.051896452854919395,0.028140348352062056,0.03722375236677567,36.05116666666667,39.422228571428576,32.809157142857146,0.007863222854594953,37.03849864070857,-1.1508090553517079,-0.9485546626950679,-0.20225439265663991,-8.755124566382854,0.29291577857142875,60170778254.25,0.06621448423841825,1,1,0.2777033740873551,1,1,0.292579311933872,1,1,0.766218804452701,1,1,3.0081220028513425,1,1,-0.3575677193588801,0,-1,1.0
2022-08-16,6.8716855,7.000434,6.7095313,6.916,650884434.0,TRALT,32.93333333333334,32.7223119047619,33.3354,31.95014904761905,0,-0.004046600711395065,-0.15092139024959172,-0.07990314769975781,0.02732681973710001,0.037221366159746944,35.90816666666667,39.20052380952381,32.86009523809524,0.00222878523958725,35.537845097089544,-1.2870311898123248,-1.0162499681185193,-0.2707812216938055,-10.720970760988823,0.2976077571428573,59519893820.25,0.10582706766917283,1,1,0.2245517640254482,1,1,0.2652544823597456,1,1,0.733371891266628,1,1,2.519664545980335,1,1,-0.37470344129554667,0,-1,1.0
2022-08-17,7.0897694,7.197497,6.939438,7.0567,797606678.0,TRALT,33.60333333333334,33.76080666666667,34.27379523809524,33.04494285714286,0,0.02034412955465581,-0.04204224587315364,-0.06234470295911443,0.02784087044724121,0.03733684570486798,35.79645238095238,38.969009523809525,32.91560952380953,0.020893546237578997,40.561475585227065,-1.3256436177821769,-1.078128698051251,-0.24751491973092588,-8.460351022843703,0.30631990000000014,60317500498.25,0.06450607224339966,1,1,0.2766023778820126,1,1,0.2938909121827482,1,1,0.7619708929102835,1,1,2.6070684597616447,1,1,-0.3977264160301559,0,-1,1.0
2022-08-18,7.284205,7.460248,7.1411934,7.2913,1042742093.0,TRALT,34.72047619047619,34.68669047619048,35.524990476190474,34.00568285714286,0,0.03324500120452889,0.021691305261682947,-0.02632070936381603,0.028974589026353734,0.037600775850909,35.74952380952381,38.75537142857143,32.97548333333333,0.05291788567596023,43.83290197347136,-1.2516716611456573,-1.1128372906701323,-0.13883437047552505,-9.12342801590369,0.3207337357142858,61360242591.25,0.11969059015539063,1,1,0.2503257306653135,1,1,0.22716113724575848,1,1,0.8680893667795866,1,1,2.4170038264781315,1,1,-0.4256184768148342,0,-1,1.0
2022-08-19,7.314937,7.4086356,7.253801,7.2726,886772062.0,TRALT,34.63142857142857,34.83303333333333,35.27921714285714,34.54190952380952,0,-0.0025647003963628068,0.023113824683820283,-0.021460959890206133,0.02893636782232224,0.03745809624579097,35.71154761904762,38.5542380952381,33.03881666666667,0.04820426593452143,43.18236861225478,-1.1865558737203301,-1.1275810072801717,-0.05897486644015837,-7.9569184817688265,0.32274451428571443,60473470529.25,0.17548057090999092,1,1,0.2709622418392321,1,1,0.25612573220031365,1,1,0.8593487886038007,1,1,2.7032148062591097,1,1,-0.44434287600032996,0,-1,1.0
2022-08-22,7.2477474,7.300721,7.164653,7.2679,703367274.0,TRALT,34.60904761904762,34.513082857142855,34.7653380952381,34.11739523809524,0,-0.0006462613095727932,0.04662951282383632,-0.02023456457266093,0.028934933827432605,0.037423426607297965,35.67580952380952,38.35265714285714,33.09991904761905,0.04559311970695368,39.799658994032406,-1.1238026020104073,-1.126825326226219,0.003022724215811623,-10.720340024076835,0.3123558285714287,59770103255.25,0.22659915518925677,1,1,0.23627182542412517,1,1,0.25629136339245173,1,1,1.2059329379875887,1,1,2.5906933226929376,1,1,-0.4226307461577623,0,-1,1.0
2022-08-25,7.291196,7.375792,7.1458855,7.282,670569506.0,TRALT,34.67619047619048,34.71998095238096,35.122819047619046,34.02802619047619,0,0.0019400377000233782,0.05292076344707919,-0.03361511817711316,0.028685720364075705,0.03734471785630076,35.615500000000004,38.13277142857143,33.16113333333334,0.045687737135757356,40.80947255113026,-1.0564739406763053,-1.1127550491162363,0.05628110843993106,-10.598750199501561,0.3180532214285715,60440672761.25,0.24225487503433096,1,1,0.201016204339467,1,1,0.2590085141444658,1,1,1.1481873111782477,1,1,2.640442186212579,1,1,-0.41124732216424054,0,-1,1.0
2022-08-26,7.26858,7.352332,7.197497,7.1975,487763354.0,TRALT,34.273809523809526,34.61228571428572,35.01110476190476,34.27379523809524,0,-0.011603954957429274,0.019952669094619235,-0.04957149836918484,0.02873403851896443,0.037361526973818386,35.52611904761905,37.978952380952386,33.2222880952381,0.031651083921644396,30.268565421007338,-1.0237827413517593,-1.094960587563341,0.07117784621158174,-2.2928431798436066,0.30330529285714286,59952909407.25,0.1662382771795763,1,1,0.18513372698853758,1,1,0.25424105592219526,1,1,1.209253212921153,1,1,2.8331087183049672,1,1,-0.38076040291767976,0,-1,1.0
2022-08-29,7.198623,7.277261,7.131809,7.2256,374241567.0,TRALT,34.40761904761905,34.279157142857144,34.653623809523815,33.96099523809524,0,0.00390413337964568,-0.009010738825723785,-0.03630398250153377,0.028703177349985853,0.03705946857505838,35.461309523809526,37.80459047619048,33.28277380952381,0.033796619372312264,33.09651273327664,-0.9758286745531208,-1.071134204961297,0.09530553040817624,1.24851117494571,0.29995397142857144,60327150974.25,0.251951395039858,1,1,0.1863651461470326,1,1,0.28832207705934443,1,1,1.3896285429583703,1,1,2.8013313773250665,1,1,-0.39863319309123124,0,-1,1.0
2022-08-31,7.423275,7.610391,7.2115726,7.4274,1396533934.0,TRALT,35.36857142857143,35.34892857142857,36.23995714285714,34.34082190476191,0,0.027928476527900647,0.02128537249401874,-0.022234508905651595,0.02928330114739014,0.037266788355119845,35.42109523809524,37.6820380952381,33.342650000000006,0.06076066025260207,31.817254741994688,-0.8504800998109374,-1.0270033839312251,0.17652328412028773,4.489118354599553,0.3043112142857143,61723684908.25,0.20089129439642406,1,1,0.2248835393273556,1,1,0.31395912432345097,1,1,1.5571667070576511,1,1,2.780798125858308,1,1,-0.4361434687777689,0,-1,1.0
2022-09-02,7.374948,7.427404,7.3101044,7.4039,484636180.0,TRALT,35.25666666666667,35.1188,35.36859047619048,34.81002095238095,0,-0.003163960470689564,0.018712420369019878,-0.02713392200147169,0.029281726399982465,0.037186032637898804,35.37192857142857,37.578676190476195,33.40185476190476,0.055530206869749854,31.277777777777743,-0.7515073216912498,-0.9719041714832302,0.22039684979198038,6.621448423841825,0.29693811428571426,61239048728.25,0.19835492105511987,1,1,0.2123070273774632,1,1,0.28264833398614253,1,1,1.484177257931631,1,1,2.828279690433421,1,1,-0.42429327786707005,0,-1,1.0
2022-09-05,7.5365863,7.647927,7.4180207,7.6479,1101265753.0,TRALT,36.41857142857143,35.88850619047619,36.4187,35.323908095238096,0,0.0329556044787207,0.050247184839329995,-0.01272832892273923,0.02997773078109289,0.03747515096719305,35.34845238095238,37.48381904761905,33.46686904761905,0.08819774496241317,59.73981039374444,-0.5727128014547418,-0.8920658974775325,0.3193530960227907,10.582706766917283,0.2563874928571428,62340314481.25,0.10736280547601296,1,1,0.1441702951136914,1,1,0.2171838020894623,1,1,1.3435714379110606,1,1,2.7178048876162078,1,1,-0.44374259600674704,0,-1,1.0
2022-09-06,7.644737,7.8637586,7.427404,7.5119,997223703.0,TRALT,35.77095238095238,36.403509523809525,37.446469523809526,35.36859047619048,0,-0.01778265929209344,0.04368183397012837,-0.025554878127878156,0.03022176680065886,0.037332649225498796,35.30154761904762,37.37600952380953,33.52596666666667,0.06696259459441034,63.89135583185317,-0.4777669013478345,-0.809206098251593,0.33143919690375845,6.450607224339966,0.24968465714285706,61343090778.25,0.19924386639864755,1,1,0.21548476417417706,1,1,0.24921790758662943,1,1,1.3778804297181808,1,1,2.4703071127144933,1,1,-0.42485735965601246,0,-1,1.0
2022-09-07,7.7821646,8.234425,7.4790154,8.164,1531357134.0,TRALT,38.87619047619047,37.05792666666667,39.21154761904762,35.61435904761905,0,0.08680892983133415,0.1298715677590787,0.017536425161716274,0.03494223148275908,0.03908999891549783,35.335047619047614,37.35173333333333,33.601371428571426,0.15698225469255234,76.72522910232396,-0.15022314977672835,-0.6774095085566201,0.5271863587798917,11.969059015539063,0.2852097285714285,62874447912.25,0.11667074963253321,1,1,0.0959823615874571,1,1,0.14943655071043627,1,1,1.0718520333170014,1,1,2.222427731504165,1,1,-0.4895513228809406,0,-1,1.0
2022-09-08,8.561785,8.867842,8.356417,8.5488,1958200620.0,TRALT,40.70857142857143,40.770404761904764,42.22781904761905,39.79246190476191,0,0.04713375796178365,0.15098150092899276,0.08194854011365216,0.03613786060401343,0.03955103968591536,35.48921428571428,37.308752380952384,33.68872857142858,0.2083736357772905,86.5418773056429,0.25428423184101945,-0.4910707604770922,0.7453549923181116,17.54805709099909,0.3180567857142856,64832648532.25,0.08122777465843156,1,1,0.06860612015721501,1,1,0.07792906606775207,1,1,1.1761767733483062,1,1,2.0455502526670406,1,1,-0.48977575800112305,0,-1,1.0
2022-09-09,8.879103,9.013293,8.572247,8.9148,1404951166.0,TRALT,42.45142857142857,42.28144285714286,42.920442857142866,40.82022380952382,0,0.04281302638966866,0.20406812625778303,0.09510355502051437,0.03671101952052969,0.03994970525381172,35.67354761904762,37.29660952380952,33.78547142857143,0.2564995181783549,89.44584780549415,0.7073394826031745,-0.2513887118610389,0.9587281944642134,22.65991551892568,0.3304560928571428,66237599698.25,0.00788576300085242,1,0,0.024206936779288313,1,1,0.014201103782474078,1,0,1.2336788262215643,1,1,1.8499910261587473,1,1,-0.48704906447704943,0,-1,0.0
2022-09-12,9.056225,9.2432,8.86315,9.0461,1648381562.0,TRALT,43.07666666666666,43.12488095238095,44.0152380952381,42.20547619047619,0,0.014728316956072796,0.18282142810444668,0.11059138398831192,0.03675362479104843,0.039892749383791754,35.88802380952381,37.29473333333333,33.881097619047615,0.27140705862047954,89.4065446478092,1.1041129945571484,0.019711629422598576,1.0844013651345499,24.225487503433097,0.33749559285714287,67885981260.25,-0.03319662617039387,0,-1,0.013486474834459194,1,0,0.008301920164490939,1,0,1.5207548004112272,1,1,1.8527100076275973,1,1,-0.5100479764760504,0,-1,0.0
2022-09-13,8.866857,9.1399765,8.393951,8.394,1620689533.0,TRALT,39.971428571428575,42.22312857142857,43.52369761904762,39.971195238095234,0,-0.07208631343894034,0.11742701580159487,0.13949826238053875,0.033570185999374225,0.03959741018702776,36.132690476190476,37.23387619047619,33.962650000000004,0.17692313678198168,68.74256382363943,1.1546816473846349,0.24670563301500587,0.9079760143696289,16.623827717957628,0.36195827142857145,66265291727.25,0.01620204908267797,1,0,0.07545866094829634,1,1,0.06595187038360728,1,1,1.7378246366452226,1,1,2.0044555634977366,1,1,-0.4872687634024304,0,-1,1.0
2022-09-14,8.5586405,9.093057,7.9294457,9.0461,1574006828.0,TRALT,43.07666666666666,40.75543095238095,43.30027142857143,37.75926523809524,0,0.0776864426971644,0.10804752572268495,0.26758214811181924,0.03579030467985825,0.04070189508629302,36.587357142857144,37.24762857142857,34.056378571428574,0.26486339633320877,74.80350199994407,1.428853498110243,0.4831352060340533,0.9457182920761897,25.195139503985796,0.43401375000000003,67839298555.25,-0.05238721659057477,0,-1,0.02905119333193329,1,1,0.0077823592487371585,1,0,1.531134964238733,1,1,1.715258509191807,1,1,-0.5210283989785653,0,-1,0.0
2022-09-15,9.162546,9.463723,8.900686,8.9195,1653051123.0,TRALT,42.47380952380952,43.631171428571434,45.06534761904762,42.38421904761905,0,-0.013994981262643535,0.04336281115478191,0.254800725911962,0.036102780785168286,0.04043475403099008,37.01859523809524,37.241285714285716,34.14798571428572,0.24381595679421642,72.33703002434407,1.579286104825627,0.7023653857923681,0.876920719033259,20.089129439642406,0.4645115357142857,66186247432.25,0.01997869835753141,1,0,0.09415325971186728,1,1,0.055227310947923325,1,1,1.579158024552946,1,1,1.5996748696675822,1,1,-0.4989194461572958,0,-1,0.0
2022-09-16,8.957271,9.060213,8.849074,8.8725,684868822.0,TRALT,42.25000000000001,42.653671428571435,43.14387142857143,42.13844761904762,0,-0.0052693536633217075,-0.004744918562390454,0.2777033740873551,0.035403134844834455,0.04028890418769548,37.4777380952381,37.23091428571429,34.23479285714286,0.2341245988051841,71.32094694227733,1.6612950955970192,0.8941513277532984,0.7671437678437207,19.83549210551199,0.463171,65501378610.25,0.01164271625810076,1,0,0.07034094111017186,1,1,0.0692814877430259,1,1,1.8344885883347422,1,1,1.874680191603268,1,1,-0.5046603550295858,0,-1,1.0
2022-09-20,8.425059,8.647319,8.084282,8.469,826018909.0,TRALT,40.32857142857143,40.11932857142857,41.177709523809526,38.49658095238095,0,-0.04547759932375328,-0.06379544776201884,0.2245517640254482,0.03759237814656872,0.040678906869642886,37.847500000000004,37.211580952380956,34.309535714285715,0.1754333187254271,65.7017955494085,1.5533386627757864,1.0259887947577961,0.5273498680179902,10.736280547601297,0.5084126428571429,64675359701.25,0.033238871177234675,1,1,0.0991734561341362,1,1,0.10083835163537613,1,1,1.9174636911087495,1,1,1.9085960562049826,1,1,-0.47714984059511156,0,-1,1.0
2022-09-22,9.147389,9.398036,8.980449,9.0086,1094237059.0,TRALT,42.89809523809524,43.55899523809524,44.75255238095238,42.76404285714286,0,0.06371472428858183,0.07321896592804378,0.2766023778820126,0.039377714254750215,0.04149008546955912,38.312238095238094,37.29586666666667,34.395340476190476,0.247206587990912,69.54872379615824,1.6560318051966547,1.151997396845568,0.5040344083510868,19.924386639864757,0.5643829285714286,65769596760.25,0.013542614834713529,1,0,0.041671291876651306,1,1,0.050518393535066375,1,1,1.9333303731989435,1,1,-0.39178651510778584,0,-1,-0.5112253846324623,0,-1,0.0
2022-09-23,9.129419,9.2432,9.027369,9.1165,959552931.0,TRALT,43.411904761904765,43.473423809523815,44.0152380952381,42.98747142857143,0,0.01197744377594745,0.0077823592487371585,0.2503257306653135,0.039088714689780375,0.041352128676516206,38.746809523809524,37.405161904761904,34.47802380952381,0.25911812700567727,68.90854136348374,1.7586048924092452,1.2733188959583035,0.4852859964509417,11.66707496325332,0.5526530428571429,66729149691.25,-0.018526846925903673,0,0,0.029342401140788787,1,1,0.07513848516426269,1,1,1.9943399330883564,1,1,-0.40806559534909237,0,-1,-0.5142853068611859,0,-1,0.0
2022-09-26,9.211717,9.318273,9.093057,9.2432,816870645.0,TRALT,44.0152380952381,43.86531904761905,44.372728571428574,43.30027142857143,0,0.013897877474908116,0.03629127193228321,0.2709622418392321,0.03894002794737137,0.0404434842327135,39.216,37.40821904761905,34.565285714285714,0.27339430835506584,70.12495349804146,1.8670564956775024,1.3920664159021434,0.474990079775359,8.122777465843157,0.5603613571428572,67546020336.25,-0.011673446425480294,0,0,-0.0030508914661590003,0,0,0.039088194564652845,1,1,2.3649710057123077,1,1,-0.4273710403323524,0,-1,-0.5164674571576943,0,-1,0.0
2022-09-27,9.202098,9.393344,8.956989,8.9851,817233819.0,TRALT,42.78619047619048,43.819514285714284,44.73020952380953,42.652328571428576,0,-0.027923230050199033,0.012690898844744947,0.23627182542412517,0.039900603298674286,0.04061515486926449,39.624857142857145,37.39830476190477,34.644616666666664,0.2350025658490611,64.58615122823859,1.8327050187052194,1.4801941364627587,0.35251088224246074,0.7885763000852419,0.5740990714285716,66728786517.25,0.016193475865599716,1,0,0.006265929149369409,1,0,0.12010995982237249,1,1,1.872077105430101,1,1,-0.4081595085196603,0,-1,-0.49152285450356703,0,-1,0.0
2022-09-28,8.904533,9.0836735,8.727083,8.7458,715388033.0,TRALT,41.64666666666666,42.4025380952381,43.255588095238096,41.5575380952381,0,-0.02663298126898994,0.03268390601015447,0.201016204339467,0.04075978032310392,0.04076701380776839,39.97338095238095,37.39729523809524,34.717914285714286,0.19957282928725406,63.16272321904803,1.6940037568565884,1.5229560605415249,0.17104769631506356,-3.3196626170393873,0.5684016357142858,66013398484.25,0.04828603443938828,1,1,0.04292346040385109,1,1,0.20011891422168393,1,1,2.0311349447734917,1,1,-0.3848679366095725,0,-1,-0.47193372818953094,0,-1,1.0
2022-09-29,8.617197,8.895994,8.243809,8.53,596296491.0,TRALT,40.61904761904762,41.03427142857144,42.361876190476195,39.256233333333334,0,-0.024674700999336663,-0.053127011966343174,0.18513372698853758,0.04122619952892544,0.04089098287020648,40.290642857142856,37.47594285714286,34.78685476190476,0.16765507824897452,54.30507198644962,1.4840544823006567,1.5151757448933512,-0.031121262592694432,1.6202049082677972,0.56102845,65417101993.25,0.058311840562719874,1,1,0.04895662368112541,1,1,0.3256389214536928,1,1,2.49010550996483,1,1,-0.3727007033997656,0,-1,-0.45905920281359913,0,-1,1.0
2022-09-30,8.545785,8.661395,8.431488,8.5722,558766100.0,TRALT,40.82,40.69421428571429,41.2447380952381,40.14994285714286,0,0.0049472450175849225,-0.05970493062030391,0.1863651461470326,0.04121963704446534,0.040852065107238496,40.6112619047619,37.55369523809524,34.85802857142857,0.17103581794233103,50.29937055421932,1.318682397498904,1.4758770754144617,-0.15719467791555775,-5.238721659057477,0.5271759500000001,65975868093.25,0.08594059867945214,1,1,0.0634959520309839,1,1,0.3158232425748351,1,1,2.3525116072886774,1,1,-0.4057202351788338,0,-1,-0.4501347378735914,0,-1,1.0
2022-10-03,8.853672,9.135285,8.572247,9.0977,587093317.0,TRALT,43.32238095238095,42.16034285714286,43.501357142857145,40.82022380952382,0,0.06130281607988608,-0.015741301713692257,0.2248835393273556,0.04266046987529947,0.041593020179230264,41.00895238095238,37.70606666666667,34.93747380952381,0.23999752210394365,52.248199228065005,1.3737097871176758,1.4554436177551047,-0.0817338306374289,1.997869835753141,0.5342182357142857,66562961410.25,0.07272167690735021,1,1,0.034558185035778344,1,1,0.26405575035448536,1,1,2.0376688613605634,1,1,-0.4646116051309672,0,-1,-0.490538157995977,0,-1,1.0
2022-10-04,9.039944,9.191588,8.919454,8.9758,684590308.0,TRALT,42.74190476190476,43.04735238095238,43.769466666666666,42.47359047619048,0,-0.013398990953757517,-0.001035046910997095,0.2123070273774632,0.042900641804899324,0.04163446355617084,41.38321428571429,37.8633619047619,35.01446190476191,0.22069289193023223,49.1338737895178,1.3548618089506093,1.4353272559942056,-0.08046544704359637,1.164271625810076,0.5265099499999999,65878371102.25,0.0580226832148667,1,1,0.0569754228035384,1,1,0.366429733282827,1,1,2.1008712315336795,1,1,-0.5029842465295573,0,-1,-0.4559554580093139,0,-1,1.0
2022-10-05,8.880181,9.069597,8.680162,8.7505,843576608.0,TRALT,41.669047619047625,42.2865761904762,43.18855714285714,41.33410476190476,0,-0.025100826667260767,0.0005374008095317961,0.1441702951136914,0.04326642357582716,0.04151751763168651,41.645738095238094,37.980876190476195,35.087650000000004,0.18757020259400736,54.908440038551575,1.2390708082903572,1.3960759664534361,-0.15700515816307892,3.3238871177234675,0.5010391999999999,65034794494.25,0.06381349637163569,1,1,0.06542483286669332,1,1,0.36997885835095135,1,1,1.7817838980629674,1,1,-0.5057938403519799,0,-1,-0.44951465630535414,0,-1,1.0
2022-10-06,9.124024,9.318273,8.8584585,9.1306,1535755873.0,TRALT,43.47904761904762,43.44773333333334,44.372728571428574,42.18313571428571,0,0.043437517856122376,0.07041031652989438,0.21548476417417706,0.0435383933874109,0.041001332809134636,42.031142857142854,38.13370476190476,35.17111428571429,0.23621467508374683,51.25762762315822,1.2786183626643464,1.3725844456956182,-0.09396608303127185,1.354261483471353,0.4584793214285713,66570550367.25,0.027752831139246092,1,1,0.036481720806956774,1,1,0.36176154907673097,1,1,1.7877686022824348,1,1,-0.5345252228769194,0,-1,-0.48512211683788586,0,-1,1.0
2022-10-07,9.029011,9.191588,8.905377,8.9476,835725404.0,TRALT,42.607619047619046,42.99529047619048,43.769466666666666,42.406557142857146,0,-0.020042494469147742,0.04379272532138767,0.0959823615874571,0.040129217560040745,0.04101054392895854,42.21771428571429,38.27267619047619,35.24955238095238,0.20874213059915925,50.411311806551716,1.225516094864318,1.3431707755293583,-0.11765468066504026,-1.8526846925903673,0.43870603571428557,65734824963.25,0.04877285529080444,1,1,0.09543341231168156,1,1,0.5222853055567975,1,1,1.7844785193794985,1,1,-0.5319428673610801,0,-1,-0.4884670749698242,0,-1,1.0
2022-10-10,9.0848465,9.205665,8.928838,9.1353,942494960.0,TRALT,43.501428571428576,43.26117380952381,43.8365,42.51827619047619,0,0.0209776923420808,0.0041329127142024635,0.06860612015721501,0.039109133330024776,0.03584576009490538,42.35735714285714,38.43488571428571,35.322971428571435,0.23153366809457854,53.69453972895462,1.2412468032466535,1.3227859810728175,-0.08153917782616404,-1.1673446425480294,0.44339803571428554,66677319923.25,0.008724398760850516,1,0,0.05136120324455673,1,1,0.48022506102700513,1,1,1.948124308999157,1,1,-0.557642113559489,0,-1,-0.5438241765459263,0,-1,1.0
2022-10-11,9.191494,9.304196,9.055521,9.1306,1362889147.0,TRALT,43.47904761904762,43.769019047619054,44.30569523809524,43.12152857142858,0,-0.0005144877562861527,0.01724637358229897,0.024206936779288313,0.038033812990806146,0.035800726372834914,42.40873809523809,38.59799047619048,35.395833333333336,0.2283662658706802,60.47564760276141,1.237640794487362,1.3057569437557266,-0.06811614926836462,1.6193475865599716,0.4048592499999997,65314430776.25,-0.009769347030863296,0,0,0.1022605305237334,1,1,0.7559087026044289,1,1,1.8581692331281627,1,1,-0.5404177162508488,0,-1,-0.5558274374082754,0,-1,1.0
2022-10-12,9.266003,9.4261875,9.07898,9.1681,1791621885.0,TRALT,43.65761904761905,44.123823809523806,44.886607142857144,43.23323809523809,0,0.0041070685387598616,0.04772298725787083,0.013486474834459194,0.03791891556000298,0.03546547319863896,42.43778571428571,38.75349523809524,35.47025714285714,0.23082330279668262,53.002974733591905,1.2349564195963296,1.2915968389238475,-0.056640419327517844,4.828603443938828,0.3633000714285711,67106052661.25,-0.00511556374821398,0,0,0.14483917060241502,1,1,0.7062532040444582,1,1,1.8915151449046146,1,1,-0.5323679933683096,0,-1,-0.5738933912151919,0,-1,1.0
2022-10-13,9.147437,9.299503,8.985142,9.0274,1083937607.0,TRALT,42.98761904761905,43.559223809523814,44.28334761904762,42.786390476190476,0,-0.01534669124464183,-0.01130265261866692,0.07545866094829634,0.03406212437480059,0.03176480981994303,42.58859523809524,38.892019047619044,35.5343,0.20974998937981182,48.34294216105634,1.1653324059968355,1.266343952338445,-0.10101154634160947,5.831184056271987,0.36899728571428536,66022115054.25,-0.008839754525112542,0,0,0.2525976471630813,1,1,0.7614263243015706,1,1,2.0561180406318544,1,1,-0.5062834260141347,0,-1,-0.5917778097791169,0,-1,1.0
2022-10-14,9.346705,9.552871,9.149361,9.3089,2675620720.0,TRALT,44.32809523809524,44.50811904761905,45.4898619047619,43.56838571428572,0,0.031182843343598332,0.04037954311770764,0.02905119333193329,0.030142208839778074,0.03196791626951145,42.65116666666667,39.064504761904765,35.60303571428572,0.2450650442795974,51.15534765940983,1.20443610961361,1.2539623837934781,-0.0495262741798681,8.594059867945214,0.39044407142857107,68697735774.25,-0.02066839261352027,0,-1,0.211689888171535,1,1,0.8548378433542094,1,1,1.9506064089204957,1,1,-0.5332170288648497,0,-1,-0.6363525228544726,0,-1,1.0
2022-10-17,9.702733,9.923537,9.276044,9.7593,3363177674.0,TRALT,46.472857142857144,46.20349047619048,47.254938095238096,44.1716380952381,0,0.048383804745995906,0.06830645955797832,0.09415325971186728,0.03160714834611,0.03211175561055419,42.85111904761905,39.27050476190476,35.681269047619054,0.3024440661243295,62.752009487416,1.3924392645694255,1.2816577599486676,0.11078150462075786,7.272167690735021,0.40552535714285665,72060913448.25,-0.035576322072279676,0,-1,0.17836320227885194,1,1,0.9461539249741271,1,1,1.8774092404168328,1,1,-0.5708720912360519,0,-1,-0.6459266545756356,0,-1,0.0
2022-10-18,9.776819,10.02676,9.421495,9.4966,3259670125.0,TRALT,45.22190476190477,46.55628095238095,47.74647619047619,44.86426190476191,0,-0.026917914194665493,0.040084988938295485,0.07034094111017186,0.03233875473961364,0.03217113768940966,42.99971428571428,39.45014285714286,35.7528,0.26484931982683224,62.27198430859762,1.4240758568426628,1.3101413793274665,0.11393447751519625,5.80226832148667,0.42328782142857097,68801243323.25,-0.0009898279384202846,0,0,0.2914937977802581,1,1,0.9367563127856287,1,1,1.9846681970389404,1,1,-0.5511577827854179,0,-1,-0.6437589242465724,0,-1,0.0
2022-10-19,9.480989,9.632634,9.3088875,9.3089,1138364590.0,TRALT,44.32809523809524,45.14756666666666,45.869685714285716,44.32803571428572,0,-0.01976496851504761,0.015357598630032276,0.0991734561341362,0.030744440620843232,0.032200494449215536,43.199690476190476,39.59894285714286,35.81852380952381,0.2375745989372351,62.84931868421919,1.3613325314327014,1.3203796097485136,0.04095292168418774,6.381349637163569,0.399827928571428,67662878733.25,0.001514679500263405,1,0,0.2877998474578094,1,1,0.925404720213989,1,1,2.0544317803392453,1,1,-0.5429963798085703,0,-1,-0.6312406406772014,0,-1,1.0
2022-10-20,9.438527,9.566947,9.341732,9.384,992671380.0,TRALT,44.68571428571429,44.94536666666667,45.55689047619048,44.4844380952381,0,0.008067548260267232,0.03950196069743228,0.041671291876651306,0.027516933447524164,0.03220234967979054,43.28907142857143,39.75847619047619,35.881459523809525,0.2453705863347786,63.24825380246753,1.3251889095519687,1.3213414697092047,0.0038474398427639223,2.7752831139246092,0.4018379285714281,68655550113.25,0.008493179880647794,1,0,0.3249893435635123,1,1,0.9034953111679456,1,1,1.7779838022165384,1,1,-0.5395978260869565,0,-1,-0.6434520460358056,0,-1,1.0
2022-10-21,9.495159,9.637326,9.31358,9.384,1396630488.0,TRALT,44.68571428571429,45.215042857142855,45.892028571428575,44.35038095238095,0,0.0,0.008067548260267232,0.029342401140788787,0.027427673385023485,0.03218470466376782,43.352761904761905,39.88806666666667,35.94484047619048,0.2431746446423566,55.63960130796203,1.281769389166186,1.3134270536006012,-0.03165766443441509,4.877285529080444,0.38474228571428526,68655550113.25,0.04449062233589096,1,1,0.4514919011082692,1,1,0.8024936061381072,1,1,1.8034846547314576,1,1,-0.5559140025575449,0,-1,-0.638602621483376,0,-1,1.0
2022-10-24,9.370775,9.515336,9.191588,9.215,1033316175.0,TRALT,43.88095238095238,44.6227380952381,45.31112380952381,43.769466666666666,0,-0.01800937766410926,-0.055772442695685154,-0.0030508914661590003,0.027614237521539627,0.032278229740432665,43.34604761904762,40.01318095238096,36.004645238095236,0.2187580822077786,54.625976638044385,1.168946656983593,1.2845309742771995,-0.11558431729360663,0.8724398760850516,0.3884289999999996,67622233938.25,0.042268041237113474,1,1,0.46742268041237134,1,1,1.0188497015735214,1,1,1.8253716766142158,1,1,-0.52666250678242,0,-1,-0.6126633749321757,0,-1,1.0
2022-10-26,9.039944,9.130593,8.961681,9.0414,654623979.0,TRALT,43.05428571428571,43.04735238095238,43.479014285714285,42.67467142857143,0,-0.018838849701573568,-0.04793294442221441,0.006265929149369409,0.027198818701209517,0.03240544363208915,43.35945238095238,40.09897142857143,36.06265952380952,0.19387439203867185,55.74061648971855,1.0012865297903843,1.2278820853798367,-0.22659555558945232,-0.9769347030863296,0.37870642857142806,66967609959.25,0.1131351339394342,1,1,0.7732320215895767,1,1,1.2024022828323049,1,1,1.810084721392705,1,1,-0.4942315349392793,0,-1,-0.6136946711792421,0,-1,1.0
2022-10-27,9.10596,9.191588,9.017985,9.1212,764686483.0,TRALT,43.434285714285714,43.361714285714285,43.769466666666666,42.94278571428571,0,0.00882606675957276,-0.020163499446765987,0.04292346040385109,0.02647220628652377,0.03237415249328249,43.44883333333333,40.19191428571428,36.12547619047619,0.20231731992328328,49.78955852064117,0.888831597889272,1.1600719878817238,-0.2712403899924518,-0.511556374821398,0.3505514285714281,67732296442.25,0.15072578169539108,1,1,0.7150265315967197,1,1,1.5,1,1,1.8292220321887473,1,1,-0.5140820286804368,0,-1,-0.603235100644652,0,-1,1.0
2022-10-28,9.025821,9.097749,8.938221,8.9476,260469436.0,TRALT,42.607619047619046,42.98010000000001,43.32261428571429,42.562957142857144,0,-0.019032583432004646,-0.04650468883205472,0.04895662368112541,0.026196774869855874,0.0325062382771301,43.5482619047619,40.34250476190476,36.2134,0.17657052493328562,50.0,0.7246518277153982,1.0729879558484587,-0.3483361281330606,-0.8839754525112542,0.34317771428571386,67471827006.25,0.26376905538915474,1,1,0.7771357682507041,1,1,1.568431758236846,1,1,1.8185658724127145,1,1,-0.518992131968349,0,-1,-0.5606184898743797,0,-1,1.0
2022-10-31,9.053784,9.154053,8.961681,9.1165,829302155.0,TRALT,43.411904761904765,43.113257142857144,43.59072857142857,42.67467142857143,0,0.01887657025347589,-0.028505967604433136,0.0634959520309839,0.026443295397521372,0.03252031131696538,43.67785714285715,40.53107619047619,36.30769047619048,0.1956669287564028,49.57373480863413,0.6519223573203021,0.9887748361428275,-0.33685247882252534,-2.066839261352027,0.3381509999999996,68301129161.25,0.2372621071683212,1,1,0.8939834366258981,1,1,1.5115888773103712,1,1,1.6942905720397081,1,1,-0.5247271430921955,0,-1,-0.5585450556682938,0,-1,1.0
2022-11-01,9.289228,9.435572,9.111824,9.4121,1637128489.0,TRALT,44.819523809523815,44.23441904761905,44.931295238095245,43.3896380952381,0,0.03242472440081179,0.021389039609332805,0.034558185035778344,0.023768924037425317,0.0327091308105123,43.75271428571428,40.750485714285716,36.402321428571426,0.23122707702772782,55.63879652257523,0.6997999628627625,0.9309798614868146,-0.23117989862405208,-3.5576322072279676,0.34351335714285686,69938257650.25,0.22183147225380084,1,1,1.017944985709884,1,1,1.444172926339499,1,1,1.4636159836805809,1,1,-0.5251444417292634,0,-1,-0.599890885137217,0,-1,1.0
2022-11-02,9.478034,9.576331,9.355807,9.4872,1132805638.0,TRALT,45.177142857142854,45.133495238095236,45.60157619047619,44.55146190476191,0,0.007979090744892003,0.04930652332603369,0.0569754228035384,0.023520991296771713,0.032711551412594575,43.874476190476194,40.99268571428572,36.49662142857143,0.2378445206376245,56.2971148912657,0.7578639942190506,0.8963566880332619,-0.13849269381421125,-0.09898279384202846,0.3344645357142854,71071063288.25,0.2927734210304411,1,1,0.9386752677291512,1,1,1.650834809005819,1,1,1.6884222953031456,1,1,-0.536754679989881,0,-1,-0.5768855932203389,0,-1,1.0
2022-11-03,9.479348,9.599792,9.322964,9.323,1283480324.0,TRALT,44.3952380952381,45.13975238095238,45.71329523809524,44.39506666666667,0,-0.0173075301458806,0.02212428189273341,0.06542483286669332,0.02309096966495189,0.032777573102232074,44.01078571428572,41.221923809523815,36.58511428571429,0.2134781853769825,55.77975911152824,0.7323449609220987,0.8635543426110293,-0.1312093816889306,0.1514679500263405,0.3317836071428569,69787582964.25,0.2858521934999463,1,1,0.9224927598412529,1,1,1.650219886302692,1,1,1.6421645393113802,1,1,-0.5250436554757053,0,-1,-0.5829710393650114,0,-1,1.0
2022-11-04,9.438808,9.510643,9.365192,9.4637,1004279969.0,TRALT,45.065238095238094,44.94670476190476,45.28877619047619,44.59615238095238,0,0.015091708677464233,0.05768027180472979,0.036481720806956774,0.021306741029886538,0.032791324234259525,44.09009523809524,41.4511619047619,36.67785000000001,0.22867720150548854,53.20311206753849,0.7574528982430451,0.8423340537374324,-0.08488115549438735,0.8493179880647794,0.3076530357142854,70791862933.25,0.3138307427327578,1,1,0.8874647336665367,1,1,1.7922694083709336,1,1,-0.42103490178260083,0,-1,-0.5347300738611748,0,-1,-0.5854543149085453,0,-1,1.0
2022-11-07,9.731683,9.928229,9.538795,9.8015,1951626589.0,TRALT,46.67380952380953,46.341347619047625,47.277280952380956,45.42283333333334,0,0.03569428447647338,0.07513848516426269,0.09543341231168156,0.02190755478541897,0.032700884824406334,44.29340476190477,41.69022857142857,36.782088095238095,0.2689276748769476,50.91587811441968,0.8968115055657933,0.8532295441031046,0.04358196146268867,4.449062233589096,0.2945841785714284,72743489522.25,0.3896648472172626,1,1,0.7257154517165736,1,1,1.785073713207162,1,1,-0.44943427026475546,0,-1,-0.5482305769525073,0,-1,-0.6022758761414069,0,-1,1.0
2022-11-08,9.787188,9.961073,9.604482,9.6045,1714424003.0,TRALT,45.73571428571429,46.60565714285715,47.43368095238096,45.73562857142858,0,-0.02009896444421788,0.020441771761881,0.05136120324455673,0.022233518156966076,0.032755313194695844,44.40511904761905,41.912314285714295,36.87795238095239,0.24019126152288672,52.4105267861132,0.920941717317433,0.8667719787459702,0.05416973857146279,4.226804123711347,0.27682174999999987,71029065519.25,0.4079129574678537,1,1,0.9369774584830026,1,1,2.238388255505232,1,1,-0.4489120724660316,0,-1,-0.5346568795876933,0,-1,-0.5758041543026706,0,-1,1.0
2022-11-09,10.041259,10.256668,9.651402,10.0643,2704002287.0,TRALT,47.92523809523809,47.81551904761905,48.84127619047619,45.95905714285714,0,0.04787339268051416,0.06082932793658835,0.1022605305237334,0.024388962150668214,0.03307362978275061,44.627428571428574,42.17863809523809,36.983314285714286,0.29586109359999657,65.04660983188589,1.104014959565582,0.9142205749098926,0.18979438465568932,11.31351339394342,0.3002804285714285,73733067806.25,0.593006965213676,1,1,0.9785578728773985,1,1,1.5641028188746366,1,1,-0.47162286497819017,0,-1,-0.5460471170374492,0,-1,-0.571952048329243,0,-1,1.0
2022-11-11,10.553576,10.763401,10.327048,10.496,1892483293.0,TRALT,49.98095238095239,50.25512380952381,51.25429047619048,49.17641904761905,0,0.04289419035601094,0.12581786978440412,0.14483917060241502,0.025802064745248394,0.03344679617993682,44.94359523809524,42.48473333333333,37.09404285714286,0.3474118357343736,69.39444676991766,1.3988556483974293,1.0111475896074,0.38770805879002923,15.072578169539108,0.3317842857142856,75625551099.25,0.4903868140243899,1,1,1.1725419207317072,1,1,1.5256955030487802,1,1,-0.48744073932926835,0,-1,-0.5599883765243903,0,-1,-0.5781232850609757,0,-1,1.0
2022-11-14,10.953098,11.514117,10.571031,11.3077,1917220714.0,TRALT,53.84619047619048,52.157609523809526,54.829128571428576,50.33824285714286,0,0.07733422256097544,0.19484979447784712,0.2525976471630813,0.029601652518117492,0.03207131228313748,45.48652380952381,42.876180952380956,37.22387380952381,0.4465498876265215,76.14788636672554,1.9222528948413995,1.1933686506542,0.7288842441871994,26.376905538915473,0.3813822142857142,77542771813.25,0.40621877127974737,1,1,1.0323584813887883,1,1,1.6327723586582592,1,1,-0.5267947504797617,0,-1,-0.5919395633064195,0,-1,-0.5787631436985418,0,-1,1.0
2022-11-15,11.324985,11.68303,10.922929,11.2795,2256559190.0,TRALT,53.71190476190477,53.9285,55.633476190476195,52.01394761904762,0,-0.0024938758545061113,0.15079324593174515,0.211689888171535,0.029394140538000078,0.031693380583737926,45.955714285714286,43.262266666666676,37.35359285714286,0.4379314184668539,79.17856234276509,2.2997036959602752,1.4146356597154153,0.88506803624486,23.72621071683212,0.41255028571428565,75286212623.25,0.5307859390930447,1,1,1.0299570016401431,1,1,1.5478434327762751,1,1,-0.5483589698124918,0,-1,-0.5821131255818077,0,-1,-0.5747758322620684,0,-1,1.0
2022-11-16,11.313114,11.654878,11.026153,11.5,2382069101.0,TRALT,54.761904761904766,53.871971428571435,55.49941904761905,52.50549047619048,0,0.019548738862538162,0.1973554063199543,0.17836320227885194,0.02809327849391956,0.031686566954158224,46.37016666666667,43.650133333333336,37.48733333333333,0.4608108897735619,84.29392400825756,2.6529804923245237,1.662304626237237,0.9906758660872867,22.183147225380083,0.43936499999999995,77668281724.25,0.6515739130434781,1,1,1.0004173913043477,1,1,1.4031130434782604,1,1,-0.5764519130434783,0,-1,-0.5969625217391304,0,-1,-0.5807687826086957,0,-1,1.0
2022-11-17,11.968772,12.574506,11.012076,12.2648,3853490464.0,TRALT,58.40380952380952,56.99415238095238,59.8786,52.438457142857146,0,0.06650434782608672,0.21864411831920738,0.2914937977802581,0.029601787425206617,0.03227631452957669,47.02926190476191,44.11307619047619,37.63995238095239,0.5516440863874374,86.81375304478172,3.190053228404871,1.9678543466707639,1.222198881734107,29.277342103044113,0.5385669285714284,81521772188.25,0.4996249429260977,1,1,1.0505022503424435,1,1,1.2693235927206317,1,1,-0.6362668775683256,0,-1,-0.601849602113365,0,-1,-0.600163068293001,0,-1,1.0
2022-11-18,12.251932,12.663653,11.814405,11.988,2306310810.0,TRALT,57.08571428571429,58.342533333333336,60.303109523809525,56.25907142857143,0,-0.022568651751353364,0.14214939024390238,0.2877998474578094,0.02977265139211646,0.032501022156907144,47.667142857142856,44.526419047619044,37.78252142857143,0.5109027171105007,84.76491035492137,3.469335629663597,2.268150603269331,1.201185026394266,28.585219349994627,0.5861575714285713,79215461378.25,0.4951117784451118,1,1,1.0610610610610611,1,1,1.0305305305305303,1,1,-0.6392600100100101,0,-1,-0.5981796796796797,0,-1,-0.5764334334334335,0,-1,1.0
2022-11-21,12.366417,12.58389,12.034928,12.4337,1693253911.0,TRALT,59.20809523809524,58.8877,59.92328571428572,57.309180952380956,0,0.03717884551217887,0.09957816355226967,0.3249893435635123,0.0302199562232586,0.03266652789159004,48.39326190476191,44.9951619047619,37.93447380952381,0.5607991700475488,85.67188575361325,3.8179167820686075,2.578103839029186,1.2398129430394214,31.38307427327578,0.6139745,80908715289.25,0.43661178892847685,1,1,1.1252885303650566,1,1,1.0471782333496868,1,1,-0.6581818766738783,0,-1,-0.6219030537973411,0,-1,-0.5846260566042288,0,-1,1.0
2022-11-22,13.025686,13.620817,12.485358,13.6208,2438720826.0,TRALT,64.86095238095238,62.027076190476194,64.86103333333334,59.45408571428572,0,0.09547439619743114,0.2075712575912052,0.4514919011082692,0.03496207705816638,0.03436094402949986,49.40202380952381,45.514857142857146,38.10966904761905,0.7019552780662275,87.9771164570212,4.49845282133672,2.962173635490693,1.536279185846027,38.96648472172626,0.6756437142857142,83347436115.25,0.2418213320803475,1,1,1.0041333842358746,1,1,0.829143662633619,1,1,-0.692529954187713,0,-1,-0.6639703982144955,0,-1,-0.6259922324679901,0,-1,1.0
2022-11-23,13.623915,14.000868,13.306456,13.5223,2143015088.0,TRALT,64.39190476190477,64.87578571428571,66.6708,63.3640761904762,0,-0.007231586984611682,0.17585217391304342,0.46742268041237134,0.03443472957238334,0.034397522706012214,50.427571428571426,45.98852380952381,38.28575476190476,0.6818763313496499,86.2575253841316,4.942955004185855,3.3583299092297256,1.5846250949561291,40.79129574678537,0.7094928571428571,81204421027.25,0.3757792683197383,1,1,1.3001338529687998,1,1,0.9916730142061629,1,1,-0.7011549810313334,0,-1,-0.691819956664177,0,-1,-0.6183712829917988,0,-1,1.0
2022-11-25,15.744454,16.360935,15.155095,16.0325,4125286339.0,TRALT,76.34523809523809,74.97359047619048,77.9092142857143,72.16711904761905,0,0.18563410070771957,0.3071962037701388,0.7732320215895767,0.049419401404624134,0.04108810984267948,52.09211904761905,46.6664,38.52439761904762,0.9817373616113523,92.40882371531511,6.1884239888015316,3.924348725144087,2.2640752636574444,59.3006965213676,0.8924790714285715,85329707366.25,0.24202713238733842,1,1,0.6095992515203497,1,1,0.6277436457196324,1,1,-0.7382652736628723,0,-1,-0.7470411975674411,0,-1,-0.6817365351629503,0,-1,1.0
2022-11-28,15.597736,16.140411,14.967416,15.6431,4331335286.0,TRALT,74.49095238095238,74.27493333333334,76.8591,71.27340952380953,0,-0.024288164665523082,0.30489656322989656,0.7150265315967197,0.05070862267170525,0.041357938294625855,53.64495238095238,47.29468571428571,38.75131428571429,0.9222819600834429,87.8676831061869,6.945775199098129,4.528634019934896,2.4171411791632336,49.03868140243899,0.9628613571428574,80998372080.25,0.45770339638562696,1,1,0.6946577085104615,1,1,0.6946577085104615,1,1,-0.7259304741387577,0,-1,-0.7502676579450365,0,-1,-0.697359219080617,0,-1,1.0
2022-11-29,16.141489,16.553303,15.713441,15.9011,3542756418.0,TRALT,75.7195238095238,76.86423333333333,78.82525238095238,74.82590952380953,0,0.016492894630859567,0.27887113248670947,0.7771357682507041,0.049566258956365655,0.041226250881733824,55.30054761904762,48.00964761904762,38.99140476190476,0.9419542402202195,87.74785256330918,7.557993096634235,5.134505835274764,2.4234872613594707,40.621877127974734,0.9946952142857144,84541128498.25,0.44526479300174215,1,1,0.8722352541648064,1,1,0.7350246209381743,1,1,-0.7197063725151089,0,-1,-0.7682433919665935,0,-1,-0.705913364484218,0,-1,1.0
2022-11-30,16.699366,17.318098,16.013725,17.2665,4039506919.0,TRALT,82.22142857142858,79.52079047619048,82.46713333333334,76.25583333333334,0,0.08586827326411384,0.2676568189827322,0.8939834366258981,0.051000012490823116,0.042228569208582596,57.24102380952381,48.79254285714286,39.26032142857143,1.094262746193221,91.42606890287423,8.47019048344115,5.801642764908042,2.668547718533109,53.07859390930447,1.0704385714285716,88580635417.25,0.3260880896533749,1,1,0.6644021660440738,1,1,0.5907624590970955,1,1,-0.7483429762835548,0,-1,-0.8039464859699418,0,-1,-0.7526569368430197,0,-1,1.0
2022-12-01,18.337244,18.993134,17.369709,18.9931,4552405933.0,TRALT,90.44333333333333,87.32020952380952,90.44349523809525,82.7129,0,0.09999710421915253,0.40457614459078695,1.017944985709884,0.05311253547904391,0.043592084623966146,59.52221428571428,49.751933333333334,39.570459523809525,1.2856275722275505,92.45905693036353,9.744227101023682,6.59015963213117,3.154067468892512,65.15739130434781,1.1471861428571428,93133041350.25,0.21121881104190487,1,1,0.4550442002622004,1,1,0.4785106170135469,1,1,-0.7794995024508901,0,-1,-0.818065086794678,0,-1,-0.7781926067887812,0,-1,0.0
2022-12-02,18.986425,19.800154,18.064123,18.3926,6817812996.0,TRALT,87.58380952380953,90.41154761904762,94.28644761904762,86.01963333333333,0,-0.03161674502845757,0.1472072353032905,0.9386752677291512,0.05495637717894191,0.043964608931200515,61.64254761904762,50.65860952380953,39.864961904761905,1.1970122468208748,86.9573356796526,10.403248453628912,7.352777396430719,3.050471057198193,49.96249429260977,1.2212525714285716,86315228354.25,0.3673433881017365,1,1,0.5132607679175321,1,1,0.541065428487544,1,1,-0.7682505464154062,0,-1,-0.816063036221089,0,-1,-0.7738760153540011,0,-1,0.0
2022-12-05,18.222101,19.096357,17.566772,17.9234,3236580691.0,TRALT,85.34952380952382,86.77190952380953,90.93503333333334,83.65129523809524,0,-0.025510259560910464,0.14577033963856278,0.9224927598412529,0.05539613249992259,0.04423381266549225,63.690261904761904,51.55902857142857,40.148849999999996,1.125827360174048,81.98802812134345,10.622786568021851,8.006779230748947,2.6160073372729045,49.51117784451118,1.257786,83078647663.25,0.3785330908198221,1,1,0.3581128580514856,1,1,0.5863842797683474,1,1,-0.7626454244172423,0,-1,-0.8084769630762021,0,-1,-0.754564535746566,0,-1,0.0
2022-12-06,17.50634,18.05943,16.539228,17.8624,1528052427.0,TRALT,85.05904761904763,83.36352380952383,85.99728571428571,78.75822857142857,0,-0.0034033721280559703,0.12334366804812258,0.8874647336665367,0.05589090301640893,0.044090722361990915,65.68995238095239,52.40224761904762,40.43117380952381,1.1037986188521551,81.72879493334109,10.650560077573516,8.535535400113861,2.1150246774596546,43.66117889284769,1.3120789285714285,81550595236.25,0.4793756718022213,1,1,0.42500447868147595,1,1,0.4594119491221782,1,1,-0.7581280231099965,0,-1,-0.8126877687208887,0,-1,-0.709707542099606,0,-1,0.0
2022-12-07,17.364876,17.824831,16.656528,16.9146,935054354.0,TRALT,80.54571428571428,82.68988571428571,84.88014761904762,79.31680000000001,0,-0.05306117878896466,-0.02038050560333604,0.7257154517165736,0.05914983377251762,0.04395155392123173,67.38354761904762,53.14492380952382,40.68791904761905,0.9795977816277044,74.38789298261419,10.190908059006802,8.86660993189245,1.3242981271143517,24.18213320803475,1.3533037142857143,80615540882.25,0.6138661274874961,1,1,0.47295236068248747,1,1,0.5553368096200917,1,1,-0.7536268667305168,0,-1,-0.7995014366287113,0,-1,-0.6966219715512043,0,-1,1.0
2022-12-08,17.862226,18.6037,16.506384,18.6037,2028974538.0,TRALT,88.58904761904762,85.05821904761905,88.58904761904762,78.60182857142858,0,0.09986047556548794,-0.020502182371492705,0.9369774584830026,0.05996140208920331,0.04515375167656668,69.52621428571429,54.0364,40.98789285714286,1.1613467159146587,76.35651501417846,10.356279557557954,9.164543857025551,1.1917357005324032,37.577926831973826,1.3915098571428572,82644515420.25,0.6718770997167232,1,1,0.4476690120782425,1,1,0.39949579922273504,1,1,-0.7655409945333456,0,-1,-0.8081399399044276,0,-1,-0.6983622612706075,0,-1,1.0
2022-12-09,19.228153,20.175512,18.2518,19.9128,2776459289.0,TRALT,94.82285714285715,91.56263333333334,96.07386666666667,86.91333333333333,0,0.07036772254981538,0.08265280601981218,0.9785578728773985,0.060420362264425806,0.04558975767096695,71.87109523809524,55.07713333333334,41.32405952380953,1.2946162171754545,80.3455458889842,10.865107792708969,9.504656644162235,1.3604511485467334,24.202713238733843,1.4682572857142857,85420974709.25,0.2959453216021857,1,1,0.3105540155076132,1,1,0.2759180024908603,1,1,-0.7703560021694589,0,-1,-0.8245981981439074,0,-1,-0.7186079305773171,0,-1,1.0
2022-12-13,22.286953,23.4599,20.921537,22.803,3227280995.0,TRALT,108.58571428571429,106.12834761904763,111.71380952380953,99.62636666666667,0,0.14514282270700263,0.27224745305020237,1.1725419207317072,0.06514448938261672,0.04861140442183196,74.80133333333333,56.41591428571428,41.72870476190476,1.6021827158374937,83.44482360454391,12.237835238565637,10.051292363042917,2.1865428755227203,45.770339638562696,1.6790580000000002,88648255704.25,0.16255317282813664,1,1,0.16255317282813664,1,1,0.13168881287549894,1,1,-0.8056328114721747,0,-1,-0.8412940402578608,0,-1,-0.7542733850809105,0,-1,1.0
2022-12-15,22.564857,23.539663,21.57372,22.9813,2890990546.0,TRALT,109.43476190476191,107.4517,112.09363333333334,102.73200000000001,0,0.007819146603517124,0.28657403260480097,1.0323584813887883,0.0649840566009218,0.04721404119172444,77.5807619047619,57.79222857142858,42.133019047619044,1.5973634070959393,82.29250757246453,13.241601734262673,10.689354237286867,2.5522474969758058,44.526479300174216,1.7346884285714288,91539246250.25,0.2954271516406817,1,1,0.20048909330629683,1,1,0.09738787622980416,1,1,-0.8127231270641783,0,-1,-0.8289300431220166,0,-1,-0.7570808439905489,0,-1,1.0
2022-12-16,22.601736,23.018854,22.103918,22.8969,1478267644.0,TRALT,109.03285714285714,107.62731428571429,109.61359047619048,105.25675238095239,0,-0.003672551161161608,0.35367670533148887,1.0299570016401431,0.06502322221631666,0.04663460239366277,80.34680952380953,59.156485714285715,42.53387380952381,1.5634358542353946,82.37264489750814,13.845066252913085,11.320496640412111,2.524569612500974,32.60880896533749,1.7504401428571428,90060978606.25,0.2551218723932063,1,1,0.1995903375566126,1,1,0.07274347182369678,1,1,-0.8107680515703,0,-1,-0.8242328000733724,0,-1,-0.7556433840388873,0,-1,1.0
2022-12-19,22.887947,23.417673,22.427664,23.0048,1528313040.0,TRALT,109.54666666666667,108.99022380952381,111.51272857142858,106.7984,0,0.004712428319990858,0.2365712197036074,1.0004173913043477,0.06532783931503634,0.04648881453070965,83.08604761904762,60.48097142857143,42.93941666666667,1.5511913102374852,78.86626534955163,14.20107521098683,11.896612354527056,2.3044628564597733,21.121881104190486,1.6183954285714286,91589291646.25,0.20130581443872564,1,1,0.2206800319933231,1,1,0.00795486159410208,1,0,-0.8057193281402142,0,-1,-0.8363008154819864,0,-1,-0.7440168573515092,0,-1,1.0
2022-12-20,24.35663,25.303846,22.94378,25.149,2937848341.0,TRALT,119.75714285714287,115.98395238095237,120.49450476190476,109.25609523809524,0,0.09320663513701488,0.26295649029769796,1.0505022503424435,0.06622527499403927,0.04742101429184688,86.15371428571429,62.02127619047619,43.39634761904762,1.7596134105207235,84.36273198522234,15.132674914575603,12.543824866536767,2.588850048038836,36.734338810173654,1.7031862142857144,94527139987.25,0.10671597280209943,1,1,0.1270507773668934,1,1,0.014179490238180437,1,0,-0.8252454968388405,0,-1,-0.8403844685673387,0,-1,-0.7635381128474293,0,-1,1.0
2022-12-21,24.951809,25.346075,24.590664,24.708,2102258075.0,TRALT,117.65714285714286,118.8181380952381,120.69559523809524,117.09840000000001,0,-0.017535488488607975,0.0835416392579924,1.0610610610610611,0.06599006325418914,0.046915937989194335,89.18228571428571,63.54103809523809,43.841885714285716,1.6836697587303986,81.42022305151018,15.522587218930624,13.13957733701554,2.3830098819150844,37.85330908198221,1.6921296428571428,92424881912.25,-0.014813016027197756,0,0,0.1507770762506071,1,1,-0.003039501376072562,0,0,-0.8207860611947547,0,-1,-0.8426436376881982,0,-1,-0.7613277076250607,0,-1,1.0
2022-12-22,25.800539,26.673904,24.398296,26.4252,3275856988.0,TRALT,125.83428571428573,122.85970952380953,127.01859047619048,116.1823619047619,0,0.06949975716367174,0.14985662255834087,1.1252885303650566,0.06634380942010121,0.04701516536110155,92.51359523809523,65.18814285714285,44.32797380952381,1.8387105229531242,81.87519576793233,16.3034861785372,13.772359105319872,2.531127073217327,47.93756718022213,1.7534589285714286,95700738900.25,-0.03675279657296826,0,-1,-0.013494694458320189,0,0,-0.7926542845465692,0,-1,-0.8333721220653013,0,-1,-0.8515380772898598,0,-1,-0.7867036011080333,0,-1,1.0
2022-12-23,27.196499,27.978275,25.61821,27.2979,3408231984.0,TRALT,129.99,129.5071380952381,133.22988095238097,121.9914761904762,0,0.033025294037509534,0.1922094257301208,1.0041333842358746,0.06507210631149554,0.04703943521502279,95.77004761904763,66.93579047619048,44.83394761904762,1.8993654786886087,80.72983733700397,17.061016859955032,14.430090656246906,2.6309262037081265,61.38661274874961,1.798704,99108970884.25,-0.08731440880067698,0,-1,-0.03626652599650526,0,-1,-0.8023155627355951,0,-1,-0.8377890606969767,0,-1,-0.8571943995691976,0,-1,-0.7909069928456035,0,-1,1.0
2022-12-27,30.525503,31.436264,29.090275,31.1031,6469016859.0,TRALT,148.11,145.3595380952381,149.69649523809525,138.52511904761906,0,0.13939533810293092,0.3520265335929895,1.3001338529687998,0.06798946558098415,0.049512279212240086,99.95595238095238,69.02796190476191,45.43141428571429,2.260079007634428,88.01600736961109,18.905566346992302,15.325185794395985,3.580380552596317,67.18770997167232,1.9702992142857145,105577987743.25,-0.13410560362150403,0,-1,-0.16291945175882805,0,-1,-0.8298264803186821,0,-1,-0.8563040983053136,0,-1,-0.8690101951252448,0,-1,-0.807440415907096,0,-1,0.0
2022-12-29,26.255943,27.91259,25.200623,25.8059,7225700108.0,TRALT,122.88523809523811,125.0283,132.91709523809524,120.00296666666667,0,-0.1703109979391122,0.026120322875661017,0.6095992515203497,0.07531956970923893,0.05502958256561485,102.28295238095238,70.61608571428572,45.9020880952381,1.677116514618564,68.2928527335428,18.12304643307195,15.884757922131179,2.2382885109407695,29.594532160218566,2.282648642857143,98352287635.25,0.011272615952165888,1,0,-0.015453830325623197,0,0,-0.7939329378165458,0,-1,-0.8229583932356554,0,-1,-0.8330613154356175,0,-1,-0.7825613522489043,0,-1,1.0
2022-12-30,26.42992,27.166563,25.49622,26.5097,3731409927.0,TRALT,126.23666666666666,125.85676190476191,129.3645857142857,121.41057142857144,0,0.027272832956804383,0.07291970212077059,0.6946577085104615,0.0743551457335991,0.05470778471328409,104.8702380952381,72.26766666666667,46.39186190476191,1.7210950689114086,69.48634628472017,17.570781014096468,16.22196254052424,1.34881847357223,16.255317282813664,2.2933730000000003,102083697562.25,0.0,0,0,-0.026548772713384072,0,-1,-0.7970621319743338,0,-1,-0.8257859575928811,0,-1,-0.8329661218346492,0,-1,-0.7837395368487761,0,-1,1.0
2023-01-03,29.993526,30.915457,28.855677,29.7706,4661027720.0,TRALT,141.7647619047619,142.8263142857143,147.2164619047619,137.40798571428573,0,0.12300780469035866,0.12659885261038695,0.8722352541648064,0.07714593635787866,0.055967147067966745,108.17250000000001,74.24320952380953,46.96173333333334,2.018729332210095,76.23544969225996,18.17656606364639,16.61288324514867,1.5636828184977212,29.542715164068166,2.5219362142857142,106744725282.25,-0.0732870684500816,0,-1,-0.15287565584838725,0,-1,-0.8202635150114542,0,-1,-0.8450073226606115,0,-1,-0.8400025528541581,0,-1,-0.8064399105157437,0,-1,0.0
2023-01-04,28.735842,29.840992,27.762445,28.7384,3300197303.0,TRALT,136.84952380952382,136.83734285714286,142.0999619047619,132.20211904761905,0,-0.03467179028974898,0.05276962696764209,0.6644021660440738,0.07764526494750523,0.05641038188912076,110.90390476190478,76.09363809523809,47.50780952380953,1.8805690092055038,71.25182957771878,18.051944860526675,16.900695568224272,1.1512492923024027,25.512187239320628,2.520595571428572,103444527979.25,-0.04424393842385099,0,-1,-0.1453073239985524,0,-1,-0.8227359560727111,0,-1,-0.8359840840130279,0,-1,-0.8331042785958857,0,-1,-0.8019722740305654,0,-1,0.0
2023-01-06,26.406181,28.053349,24.778345,27.6358,4762071693.0,TRALT,131.5990476190476,125.74371904761905,133.5873761904762,117.99211904761906,0,-0.03836678451131603,-0.11147763406219968,0.4550442002622004,0.07711844337263499,0.056697047978969274,112.96169047619048,77.7961619047619,48.03566904761905,1.7396110063251107,66.33612265100811,17.329745590915977,16.986505572762614,0.343240018153363,20.130581443872565,2.6660486428571426,98682456286.25,0.016127631550380217,1,0,-0.1609506509672236,0,-1,-0.8237502442484024,0,-1,-0.8322852604230744,0,-1,-0.8255466098321742,0,-1,-0.8010623900882189,0,-1,0.0
2023-01-09,27.644485,28.977667,26.486225,27.8328,5166326529.0,TRALT,132.53714285714287,131.64040476190476,137.98889047619048,126.12488095238096,0,0.007128434856237265,0.07854405387915153,0.5132607679175321,0.07618810825650454,0.05655240626353373,115.20935714285713,79.54246666666667,48.57056190476191,1.7287545718953026,62.00739092653953,16.64126378225518,16.917457214661127,-0.27619343240594674,10.671597280209944,2.5906445000000002,103848782815.25,0.018374004771348984,1,0,-0.08361357822425342,0,-1,-0.8397173838061568,0,-1,-0.8245510692420454,0,-1,-0.8238078813486247,0,-1,-0.8076011037337243,0,-1,0.0
2023-01-11,25.860365,26.927273,24.210615,24.342,4541863679.0,TRALT,115.91428571428571,123.14459523809525,128.22510952380952,115.28864285714286,0,-0.12542036733638018,-0.0817700690690577,0.3581128580514856,0.08259066001797113,0.05934004441374332,116.73759523809524,80.97419047619047,49.018435714285715,1.3647079721171962,52.80474582699498,14.586171040059327,16.451199979740768,-1.8650289396814408,-1.4813016027197756,2.7089475000000003,99306919136.25,0.16807986196697056,1,1,0.011950538164489322,1,0,-0.8223420014789253,0,-1,-0.802110672911018,0,-1,-0.79140103524772,0,-1,-0.7580971160956371,0,-1,1.0
2023-01-12,24.929804,25.960722,23.262835,25.454,5693381356.0,TRALT,121.20952380952382,118.71335238095239,123.62248571428572,110.77540476190477,0,0.04568235970750156,-0.14499539814447815,0.42500447868147595,0.08262857998716562,0.05935648020149138,118.54511904761905,82.50466666666667,49.493678571428575,1.4489899984822494,55.05661526535811,13.232243628100818,15.80740870941278,-2.5751650813119618,-3.675279657296826,2.8363011428571427,105000300492.25,0.02414551740394444,1,1,-0.7847429873497289,0,-1,-0.83302962206333,0,-1,-0.8153082423194783,0,-1,-0.7970992771273671,0,-1,-0.7726251276813074,0,-1,1.0
2023-01-13,24.946133,25.322615,24.496826,24.9144,2915318421.0,TRALT,118.64,118.79110952380952,120.58388095238095,116.65155238095238,0,-0.021199025693407814,-0.1330623834312279,0.47295236068248747,0.08142070166461603,0.059369540944332486,120.44983333333334,83.9837523809524,49.943238095238094,1.3754967544107215,53.712805835964595,11.815703230757066,15.009067613681637,-3.193364382924571,-8.731440880067698,2.8339557857142856,102084982071.25,0.055931509488488684,1,1,-0.7834035738368172,0,-1,-0.8319049224544841,0,-1,-0.8162913014160486,0,-1,-0.7955284895482131,0,-1,-0.7646662171274443,0,-1,1.0
2023-01-16,26.322008,27.326092,24.496826,26.932,5053843602.0,TRALT,128.24761904761905,125.34289523809524,130.12424761904762,116.65155238095238,0,0.0809812799023859,-0.025466966760506193,0.4476690120782425,0.0805847746532854,0.05990767767036625,122.43276190476192,85.67108571428572,50.437709523809524,1.5426931607010967,53.483809955529146,11.337645997539909,14.274783290453291,-2.9371372929133823,-13.410560362150402,2.8674700714285715,107138825673.25,-0.03327639982177344,0,-1,-0.8034708153869003,0,-1,-0.8499527699391058,0,-1,-0.8452657433536314,0,-1,-0.8083878657359276,0,-1,-0.7816723600178227,0,-1,0.0
2023-01-17,26.459717,27.152489,25.909113,26.0968,4064584386.0,TRALT,124.2704761904762,125.9986523809524,129.29756666666665,123.37672857142859,0,-0.03101143620971336,-0.06237245264579916,0.3105540155076132,0.08055766391682558,0.06021261193504034,123.90514285714286,87.29540952380954,50.89767619047618,1.4415746551063426,52.672413793103445,10.516630831941967,13.523152798751028,-3.0065219668090606,1.1272615952165888,2.9023247142857147,103074241287.25,-0.02642852763557213,0,-1,-0.7962299592287176,0,-1,-0.8392039637043622,0,-1,-0.8445954293246681,0,-1,-0.8044756828423408,0,-1,-0.7814444682872996,0,-1,0.0
2023-01-18,27.015388,27.63107,26.228167,26.5097,6139445154.0,TRALT,126.23666666666666,128.64470476190476,131.57652380952382,124.89603333333334,0,0.01582186321694601,0.08905184454851689,0.16255317282813664,0.07468427983395132,0.060181120238516864,124.78769047619048,88.95145714285714,51.37149047619047,1.4573292597997427,50.17119332893025,9.910384790534934,12.80059919710781,-2.890214406572875,0.0,2.8493719999999993,109213686441.25,-0.026548772713384072,0,-1,-0.7970621319743338,0,-1,-0.8382744052177127,0,-1,-0.8526355258641176,0,-1,-0.8214148028834728,0,-1,-0.7851654300124106,0,-1,0.0
2023-01-19,27.288883,28.485008,26.176556,27.5888,6222639384.0,TRALT,131.3752380952381,129.9470619047619,135.64289523809524,124.65026666666668,0,0.04070585483804057,0.08386894004871537,0.20048909330629683,0.07498893434569912,0.06006423380191145,125.8847142857143,90.72680952380954,51.86843095238095,1.532855451437316,50.58446281257409,9.73238137016719,12.186955631719686,-2.454574261552496,-7.32870684500816,2.8456853571428575,115436325825.25,-0.08588267702835928,0,-1,-0.8060494476019254,0,-1,-0.8384497694716697,0,-1,-0.8664245998376152,0,-1,-0.8305000217479557,0,-1,-0.7966131183668735,0,-1,0.0
2023-01-20,27.70919,28.151878,27.283863,27.4669,4961657981.0,TRALT,130.7947619047619,131.9485238095238,134.0565619047619,129.92315714285715,0,-0.004418459664791485,0.1024507915101307,0.1995903375566126,0.07499727852051064,0.06013315955788363,126.97280952380954,92.47446666666669,52.366597619047624,1.497675385677284,41.4251891259645,9.435703878956005,11.63670528116695,-2.201001402210945,-4.424393842385099,2.6120889999999997,110474667844.25,-0.10574182015444045,0,-1,-0.8145300343322326,0,-1,-0.8418010041176834,0,-1,-0.8767550032948749,0,-1,-0.8445128864196543,0,-1,-0.7917347789521205,0,-1,0.0
2023-01-23,28.642752,29.45625,27.68268,28.0815,8047549368.0,TRALT,133.72142857142856,136.39405714285715,140.26785714285714,131.82228571428573,0,0.02237602350465462,0.04268156839447479,0.2206800319933231,0.07501249126964828,0.06001835412293698,128.18154761904765,94.25250476190476,52.88274761904762,1.5286399552216912,56.887325819299996,9.329201146955313,11.175204454324623,-1.84600330736931,1.6127631550380217,2.332579928571428,118522217212.25,-0.17426775635204672,0,-1,-0.8265476203194274,0,-1,-0.8508630949201431,0,-1,-0.8769471716254473,0,-1,-0.849979167779499,0,-1,-0.7955451097697772,0,-1,0.0
2023-01-24,28.0579,28.705532,26.913195,28.3442,7326666447.0,TRALT,134.97238095238097,133.60904761904763,136.69300952380954,128.15807142857145,0,0.009354913377134677,0.08611783820238506,0.1270507773668934,0.07258342646980116,0.05972466634623696,128.9423095238095,96.04840952380954,53.40660238095238,1.5272602063245886,55.70461033266788,9.239234226096784,10.788010408679055,-1.5487761825822712,1.8374004771348984,2.3412937857142855,125848883659.25,-0.10014747285158876,0,-1,-0.8426092816166977,0,-1,-0.8496173820393591,0,-1,-0.880642988689044,0,-1,-0.853267758483217,0,-1,-0.7907720097938908,0,-1,0.0
2023-01-25,28.376436,29.137194,27.157179,28.4334,7283726336.0,TRALT,135.39714285714285,135.12588571428572,138.74854285714287,129.3199,0,0.003147028316198508,0.07256589097575605,0.1507770762506071,0.07233890150794639,0.05953827491257294,129.8293095238095,97.86844761904761,53.932023809523805,1.5105147794070581,44.82002572167903,9.097341044310056,10.449876535805256,-1.3525354914951997,16.807986196697055,2.1680265,133132609995.25,-0.133663227049878,0,-1,-0.8479059486378695,0,-1,-0.8503801515119542,0,-1,-0.8792707168330203,0,-1,-0.8452862478634282,0,-1,-0.796598366709574,0,-1,0.0
2023-01-27,26.254396,27.321398,24.919104,26.0686,4691580973.0,TRALT,124.13619047619048,125.02093333333333,130.10189523809524,118.6624,0,-0.08316979327129359,-0.05510207040538195,-0.013494694458320189,0.07372718902706608,0.06100823741623554,129.74440476190475,99.44986666666668,54.39723333333333,1.282031325297619,40.62570224719101,7.98418817868253,9.95673886438071,-1.972550685698181,2.414551740394444,2.27058,128441029022.25,-0.7898179418917779,0,-1,-0.8369661585202121,0,-1,-0.8342675095709013,0,-1,-0.8716522559707848,0,-1,-0.8010894332645405,0,-1,-0.7923248659306599,0,-1,0.0
2023-01-30,26.342182,26.856894,25.85281,26.3079,3599798453.0,TRALT,125.27571428571429,125.43896190476191,127.88997142857144,123.10861904761906,0,0.009179626063539947,-0.04219624347851414,-0.03626652599650526,0.07339052722100978,0.0609713255072529,129.50869047619048,101.02190476190475,54.86468095238096,1.2833581114678423,45.03651872285393,7.111974149920059,9.38778592148858,-2.275811771568522,5.593150948848868,2.0594392142857143,132040827475.25,-0.7948764439578986,0,-1,-0.8408087304573911,0,-1,-0.8415949961798548,0,-1,-0.8710899387636414,0,-1,-0.8049438381626812,0,-1,-0.7808034848847685,0,-1,0.0
2023-01-31,25.942848,26.641062,25.383612,26.0358,3785472523.0,TRALT,123.97999999999999,123.53737142857145,126.86220000000002,120.87434285714286,0,-0.010342900801660448,-0.07284867261364247,-0.16291945175882805,0.06574429083572608,0.06090015458053191,128.30219047619048,102.58679047619049,55.324533333333335,1.2409588030867558,43.32059650009663,6.244205618554361,8.759069860901736,-2.5148642423473753,-3.327639982177344,1.9712969285714286,128255354952.25,-0.7967059203097273,0,-1,-0.8447878690111308,0,-1,-0.832468946604291,0,-1,-0.8629077270527504,0,-1,-0.7844668494918535,0,-1,-0.783836102597193,0,-1,0.0
2023-02-01,26.095057,26.99296,25.40707,25.4071,4384858235.0,TRALT,120.98619047619049,124.2621761904762,128.53790476190477,120.98604761904762,0,-0.024147519953294894,-0.10362261062227907,-0.015453830325623197,0.05360444733549234,0.060960275842072933,128.2072380952381,104.04800952380953,55.766292857142865,1.1695218433493895,55.028943218410355,5.254348538023152,8.058125596326018,-2.8037770583028667,-2.642852763557213,1.8258472857142858,123870496717.25,-0.7906984268177006,0,-1,-0.8348390016963763,0,-1,-0.8200166488894837,0,-1,-0.8625289387612124,0,-1,-0.7794591275667038,0,-1,-0.7804708132766038,0,-1,0.0
2023-02-02,25.430155,26.537836,23.905638,25.8059,5830730596.0,TRALT,122.88523809523811,121.0959761904762,126.37064761904762,113.83637142857143,0,0.015696399825245733,-0.09240892752889196,-0.026548772713384072,0.05336318218002484,0.06094695832747736,128.03966666666668,105.50609523809524,56.21989047619048,1.185796469085632,51.781501544069265,4.570431848664626,7.3605868467937405,-2.7901549981291147,-2.6548772713384072,1.8211552142857141,129701227313.25,-0.79152744139906,0,-1,-0.8338636900863756,0,-1,-0.8282503226006456,0,-1,-0.8597618374092746,0,-1,-0.7828673287891529,0,-1,-0.7825613522489043,0,-1,0.0
2023-02-03,25.097542,27.072723,23.2253,25.2194,8024598828.0,TRALT,120.09238095238096,119.51210476190477,128.91772857142857,110.59666666666668,0,-0.02272736079733706,-0.03257558902280899,-0.15287565584838725,0.04497571944249976,0.060988187121448136,126.95604761904762,106.83101904761907,56.658519047619045,1.1195820676401458,51.53677167099987,3.7597229684132145,6.640414071117636,-2.8806911027044215,-8.588267702835928,2.0276015714285713,121676628485.25,-0.7878275058090201,0,-1,-0.8232718859290864,0,-1,-0.8293430454332775,0,-1,-0.8441116759320206,0,-1,-0.7786387463619278,0,-1,-0.7785038502105522,0,-1,0.0
2023-02-06,24.19701,25.247541,23.2253,24.5625,876942314.0,TRALT,116.96428571428572,115.22385714285714,120.22638571428571,110.59666666666668,0,-0.026047407947849655,-0.06634509025805935,-0.1453073239985524,0.044739895545441555,0.06126769219725557,125.96178571428572,108.09606666666667,57.08329285714286,1.0490108376719185,36.1638268303222,2.832171684625564,5.878765593819222,-3.046593909193658,-10.574182015444045,1.969956928571428,120799686171.25,-0.7925990839694657,0,-1,-0.8230947175572519,0,-1,-0.8236,0,-1,-0.8361516946564885,0,-1,-0.7722133740458015,0,-1,-0.7802748091603053,0,-1,0.0
2023-02-07,23.884241,24.862803,22.807714,23.1878,2744387328.0,TRALT,110.41809523809523,113.73448095238095,118.3943,108.60816190476191,0,-0.05596743002544535,-0.10938784289324699,-0.1609506509672236,0.045558304991231625,0.06198519236337656,124.9027380952381,109.20919047619049,57.47700952380952,0.9210828147270809,34.02034672936212,1.5509790261827163,5.013208280291921,-3.4622292541092046,-17.42677563520467,2.027936428571428,118055298843.25,-0.7899411328370953,0,-1,-0.8193882990193119,0,-1,-0.8072526069743572,0,-1,-0.837592742735404,0,-1,-0.7460370970941615,0,-1,-0.7600031050811202,0,-1,0.0
2023-02-15,24.999384,25.505602,23.506819,25.5056,1826354949.0,TRALT,121.4552380952381,119.04468571428572,121.45524761904763,111.93723333333334,0,0.09995773639586347,0.003876869064159294,-0.08361357822425342,0.05149275568437823,0.06288895036390589,124.34864285714286,110.47021904761905,57.92836904761905,1.0966452205032367,45.43885310390567,1.4099764701242776,4.292561918258392,-2.8825854481341144,-10.014747285158876,2.083903,119881653792.25,-0.8250927639420362,0,-1,-0.8328808183300922,0,-1,-0.8276887820713883,0,-1,-0.8426160921523116,0,-1,-0.7668441440311147,0,-1,-0.7744024841603413,0,-1,0.0
2023-02-16,25.567444,27.349552,24.398296,24.6329,3528154219.0,TRALT,117.2995238095238,121.74973333333332,130.2359619047619,116.1823619047619,0,-0.03421601530644258,-0.04545472159467423,0.011950538164489322,0.04350709531351118,0.06308986552603597,124.41790476190477,111.67449523809525,58.356828571428565,1.010039384953032,36.31616469302915,0.9519263026126765,3.624434795129249,-2.6725084925165725,-13.366322704987798,2.129817571428571,116353499573.25,-0.8244400375108087,0,-1,-0.8272959740834412,0,-1,-0.8202396794530892,0,-1,-0.8421638946287282,0,-1,-0.7606000511511029,0,-1,-0.7773221991726512,0,-1,0.0
2023-02-17,26.207428,27.096184,23.174627,26.0912,3671977019.0,TRALT,26.0912,26.207428,27.096184,23.174627,0,-0.7775677244660596,-0.7827405885944947,-0.7847429873497289,0.17874467842954664,0.12057032280068437,119.66198857142858,111.01215733333335,58.32734885714286,-0.5526763943291273,13.148055606916316,-6.693670757053425,1.5608136846927143,-8.25448444174614,-78.98179418917779,2.347927714285714,112681522554.25,-0.2243208438094071,0,-1,-0.21148126571411052,0,-1,-0.19637655608021087,0,-1,-0.2839884712086834,0,-1,0.028699331575396947,1,1,0.0011038204452076261,1,0,0.0
2023-02-20,25.492088,26.110867,24.71172,25.697,2819471357.0,TRALT,25.697,25.492088,26.110867,24.71172,0,-0.015108542343778786,-0.7803004580152673,-0.7834035738368172,0.17878300479241682,0.1205298227814878,115.01483857142857,110.22887828571429,58.29422433333333,-0.5591844596291138,11.289138529995682,-12.638975909133094,-1.2791442340724473,-11.359831675060647,-79.48764439578986,2.305770357142857,109862051197.25,-0.22392497178658988,0,-1,-0.22775810405883956,0,-1,-0.17944507140911392,0,-1,-0.27760828112230995,0,-1,0.05771101685021596,1,1,0.033583686811690106,1,1,0.0
2023-02-21,25.95913,26.702057,25.02702,25.2044,2552834717.0,TRALT,25.2044,25.95913,26.702057,25.02702,0,-0.019169552866093342,-0.7717366891210032,-0.8034708153869003,0.1766240388739002,0.12052670676199424,109.86267761904762,109.44512819047618,58.24758680952382,-0.5672885113262935,10.449367767095936,-17.192240334162676,-4.461763454090493,-12.730476880072183,-79.67059203097273,2.2973917857142854,107309216480.25,-0.2365142594150227,0,-1,-0.17591769691006343,0,-1,-0.15559188078272035,0,-1,-0.23025741537191913,0,-1,0.13154845979273455,1,1,0.08076367618352354,1,1,0.0
2023-02-22,25.396513,25.874392,24.731426,25.3226,2493592263.0,TRALT,25.3226,25.396513,25.874392,24.731426,0,0.004689657361413246,-0.7915067279342576,-0.7962299592287176,0.176946401445295,0.12039043975714121,104.91528380952381,108.42467542857145,58.19997838095238,-0.5649036184472613,10.251098648152578,-20.554260720334995,-7.680262907339393,-12.8739978129956,-79.06984268177007,2.237602571428571,109802808743.25,-0.21089461587672675,0,-1,-0.14007645344474895,0,-1,-0.1408544146335684,0,-1,-0.18988176569546578,0,-1,0.055183906865803545,1,1,0.05360429023875901,1,1,0.0
2023-02-23,25.368923,25.677328,25.02702,25.6182,2370467944.0,TRALT,25.6182,25.368923,25.677328,25.02702,0,0.01167336687385978,-0.7816001364029408,-0.7970621319743338,0.17687673282773686,0.1202846890694876,99.88436047619048,107.44722038095239,58.154964619047625,-0.559483869213649,11.364590634313245,-22.93050506026674,-10.730311337924864,-12.200193722341876,-79.15274413990599,2.0330319999999995,112173276687.25,-0.20307828028510977,0,-1,-0.17615211060886404,0,-1,-0.14153999890702706,0,-1,-0.17692109515891052,0,-1,0.06564864041970164,1,1,0.11092894895035554,1,1,0.0
2023-02-24,25.646782,25.913803,25.381733,25.4803,2819928706.0,TRALT,25.4803,25.646782,25.913803,25.381733,0,-0.005382891850325255,-0.02341402465198994,-0.8060494476019254,0.17602965161283243,0.11989136919658731,94.58961357142857,106.44243590476191,58.1129446904762,-0.5615383089651655,10.553736324601019,-24.541919229042144,-13.49263291614832,-11.049286312893823,-78.782750580902,1.999316714285714,109353347981.25,-0.16705454802337483,0,-1,-0.19566881080678022,0,-1,-0.13766713892693572,0,-1,-0.10982209785599073,0,-1,0.07691039744430017,1,1,0.1271452847886405,1,1,0.0
2023-02-27,24.62304,25.539385,24.21906,24.2585,2624171662.0,TRALT,24.2585,24.62304,25.539385,24.21906,0,-0.04795076981040247,-0.0559792971942249,-0.8145300343322326,0.17576896947133924,0.12006115844311989,89.26280047619049,105.28317733333336,58.0639229047619,-0.5822104538167446,10.559906730739073,-25.622208743278797,-15.918548081574418,-9.70366066170438,-79.25990839694657,2.0038077857142853,106729176319.25,-0.1470371210091308,0,-1,-0.14947338046457948,0,-1,-0.07473669023228979,0,-1,-0.05849083826287693,0,-1,0.11713420038337086,1,1,0.26636024486262544,1,1,0.0
2023-03-01,23.452486,23.943172,22.997269,23.1943,2632772308.0,TRALT,23.1943,23.452486,23.943172,22.997269,0,-0.043869159263763335,-0.07975194807255881,-0.8265476203194274,0.17500967147752905,0.12017275093428427,83.73644404761905,103.93819666666668,58.00556107142857,-0.6001366149800995,10.7235840565303,-26.26149188129009,-17.987136841517554,-8.274355039772537,-78.99411328370954,1.980617857142857,104096404011.25,-0.1401853041480019,0,-1,-0.08241248927538214,0,-1,-0.04842569079472103,0,-1,-0.010192159280512869,0,0,0.12872559206356748,1,1,0.31928965306131274,1,1,0.0
2023-03-02,21.689756,22.760794,20.888695,21.2434,4266136324.0,TRALT,21.2434,21.689756,22.760794,20.888695,0,-0.084111182488801,-0.16108930362600993,-0.8426092816166977,0.17457184091547984,0.1203283592358127,78.049995,102.61138847619048,57.93465426190477,-0.6333213640325681,9.194315463584388,-26.618705828378253,-19.713450638889697,-6.905255189488557,-82.50927639420362,1.9572897857142857,99830267687.25,-0.044526770667595694,0,-1,-0.014842256889198602,0,0,0.09462232975888973,1,1,0.09925906399163975,1,1,0.20037282167637938,1,1,0.3952568797838387,1,1,0.0
2023-03-03,21.065065,21.893715,20.396036,20.5931,2558461539.0,TRALT,20.5931,21.065065,21.893715,20.396036,0,-0.03061186062494714,-0.19615351585981844,-0.8479059486378695,0.17413993169884298,0.12035531427965754,72.30979285714287,101.31626,57.847215000000006,-0.6440087910887327,9.355256301050673,-26.64710301395013,-21.100181113901783,-5.546921900048346,-82.44400375108087,1.7894509285714286,97271806148.25,-0.016267584773540733,0,0,0.0239254896057417,1,1,0.11387794941023932,1,1,0.1741602769859807,1,1,0.3616211255226265,1,1,0.47428022007371395,1,1,0.0
2023-03-06,20.59704,20.987225,20.100441,20.2384,2734982324.0,TRALT,20.2384,20.59704,20.987225,20.100441,0,-0.01722421587813394,-0.2057236374767959,-0.8369661585202121,0.1742418305462925,0.12025342631064714,67.11490333333333,100.01984704761907,57.76101652380953,-0.6496183547660112,9.572144260816657,-26.39397598824206,-22.158940088769842,-4.235035899472219,-22.432084380940708,1.7083468571428573,94536823824.25,0.01655269191240416,1,0,0.0360255751442804,1,1,0.10613487232192265,1,1,0.21518993596331737,1,1,0.3617677286742036,1,1,0.5277887580045855,1,1,1.0
2023-03-07,20.499495,20.96752,19.883673,19.9428,2137287907.0,TRALT,19.9428,20.499495,20.96752,19.883673,0,-0.014605897699422887,-0.17790465197765748,-0.8408087304573911,0.17387111044574738,0.11955131189530785,61.84825761904763,98.80778876190476,57.67133052380952,-0.6541990653091202,10.099865564616849,-25.91845166908911,-22.910842404833698,-3.007609264255411,-22.39249717865899,1.6389724285714287,92399535917.25,-0.0049391259000740595,0,0,0.05731391780492201,1,1,0.09288565296748708,1,1,0.21640391519746482,1,1,0.4000040114728125,1,1,0.6447038530196361,1,1,1.0
2023-03-08,19.597929,20.179266,19.15454,19.2432,1967782168.0,TRALT,19.2432,19.597929,20.179266,19.15454,0,-0.035080329743064964,-0.17034788719642313,-0.8447878690111308,0.17362563729003472,0.1196117825037659,56.61141761904762,97.42087180952382,57.574127476190476,-0.6657665370967552,0.40159302541177055,-25.3063314569996,-23.38994021526688,-1.9163912417327218,-23.651425941502268,1.546609857142857,90431753749.25,0.07936829633325004,1,1,0.10599068761952268,1,1,0.03123700839777155,1,1,0.27701213935312197,1,1,0.45505944957179656,1,1,0.6421385216595992,1,1,1.0
2023-03-09,20.025557,20.731045,19.243217,19.9822,3202715845.0,TRALT,19.9822,20.025557,20.731045,19.243217,0,0.03840317618691258,-0.059369027556794185,-0.8348390016963763,0.17479073234017617,0.11709610647186672,51.5612180952381,95.92405866666668,57.483857523809526,-0.6523858895217067,1.1571633876196188,-24.479407285624635,-23.60783362933843,-0.8715736562862055,-21.089461587672677,1.4420804999999999,93634469594.25,0.08974487293691391,1,1,0.08875899550600042,1,1,-0.03352984155898742,0,-1,0.21597721972555584,1,1,0.3592096966300007,1,1,0.5213540050645074,1,1,1.0
2023-03-10,20.373373,20.96752,19.824554,20.4157,2619927722.0,TRALT,20.4157,20.373373,20.96752,19.824554,0,0.021694307934061463,-0.008614535936794288,-0.8338636900863756,0.17491982822783472,0.11714163568464117,46.43774119047619,94.16065838095237,57.39251697619048,-0.644279410006194,17.92814276511342,-23.517983421605784,-23.589863587791903,0.07188016618611925,-20.307828028510976,1.2436097142857143,96254397316.25,0.03378772219419357,1,1,0.07721998266040342,1,1,-0.08879930641614064,0,-1,0.10424820113931932,1,1,0.3283894257850575,1,1,0.5292152608041849,1,1,1.0
2023-03-13,21.006931,21.578415,20.514273,21.2237,2874016435.0,TRALT,21.2237,21.006931,21.578415,20.514273,0,0.03957738407206213,0.04868467863072201,-0.8232718859290864,0.17603226312807024,0.11726047696734673,41.494307142857146,92.39643714285714,57.30610928571429,-0.6296433266096673,25.851067275613005,-22.43226405895163,-23.35834368202385,0.9260796230722192,-16.70545480233748,1.2267217142857143,99128413751.25,-0.03435310525497448,0,-1,0.035281312871930925,1,1,-0.17316490527099426,0,-1,0.049209138840070166,1,1,0.2589699251308677,1,1,0.40314836715558555,1,1,0.0
2023-03-14,21.057182,21.420763,20.652218,20.6916,2457857289.0,TRALT,20.6916,21.057182,21.420763,20.652218,0,-0.025071029085409258,0.037547385522594734,-0.8230947175572519,0.17603925818531302,0.11663834978902898,36.68067285714286,90.62961200000001,57.22507680952381,-0.638417261214469,25.74128625798268,-21.368437617453925,-22.960362469109867,1.5919248516559428,-14.70371210091308,1.1619722857142858,96670556462.25,-0.0028562315142377503,0,0,0.08476386552997339,1,1,-0.22094956407431032,0,-1,-0.017142221964468685,0,0,0.316476251232384,1,1,0.3416072222544415,1,1,1.0
2023-03-15,20.03541,20.9084,19.53881,19.9428,2063862891.0,TRALT,19.9428,20.03541,20.9084,19.53881,0,-0.03618859827176257,0.03635569967572949,-0.8193882990193119,0.1760565514607203,0.11579903872158022,32.156908095238094,88.83753466666667,57.13728842857143,-0.6509669858601896,22.916834474426082,-20.351173737449123,-22.438524722777718,2.0873509853285945,-14.018530414800189,1.178159714285714,94606693571.25,0.06719216960507057,1,1,0.10672021982871027,1,1,-0.17490021461379546,0,-1,0.005926951080089227,1,0,0.3709208335840506,1,1,0.4040154842850554,1,1,1.0
2023-03-16,20.170399,20.474861,19.824554,20.2975,1239706695.0,TRALT,20.2975,20.170399,20.474861,19.824554,0,0.017785867581282533,0.01577904334858027,-0.8328808183300922,0.17334745311606714,0.11582913363483338,27.09902119047619,86.8483418095238,57.05517830952382,-0.6442478912275719,23.372801793596295,-19.29395475753141,-21.80961072972846,2.515655972197049,-4.45267706675957,1.1781596428571428,95846400266.25,0.031067865500677527,1,1,0.1456336987313709,1,1,-0.20631112205936686,0,-1,-0.024273925360265958,0,-1,0.3913043478260869,1,1,0.34696391181179953,1,1,1.0
2023-03-17,20.495554,20.868988,20.041323,20.2581,1678426195.0,TRALT,20.2581,20.495554,20.868988,20.041323,0,-0.0019411257544033056,-0.0077195491704914465,-0.8272959740834412,0.17367768025692923,0.1158179042359564,22.24695,84.90036095238094,56.96617595238095,-0.6443837125922914,23.60552332046177,-18.24891818058697,-21.097472219900162,2.8485540393131927,-1.6267584773540733,1.1992735714285716,94167974071.25,0.04085773098168133,1,1,0.13229769820466863,1,1,-0.1930931331171235,0,-1,0.03404564100285823,1,1,0.3594562175129947,1,1,0.4117809666256955,1,1,1.0
2023-03-20,21.228628,22.169603,20.00191,20.5734,4636356655.0,TRALT,20.5734,21.228628,22.169603,20.00191,0,0.015564144712485461,-0.03064027478714837,-0.21148126571411052,0.030947071799051696,0.11586285119350902,21.97106,82.79514323809525,56.88098104761905,-0.6383079261101955,29.49555424488932,-17.19704031340159,-20.317385838600448,3.120345525198857,1.655269191240416,1.2597998571428572,98804330726.25,0.019155803124422777,1,0,0.0881234992757638,1,1,-0.2255728270485189,0,-1,0.20019053729573133,1,1,0.25307435815178825,1,1,0.3619528128554348,1,1,1.0
2023-03-22,19.947718,20.21868,19.65705,19.8443,1844645161.0,TRALT,19.8443,19.947718,20.21868,19.65705,0,-0.035438964876977064,-0.040948984128825305,-0.22775810405883956,0.03140762310409495,0.11577403569225664,21.678425,80.59222923809524,56.788012071428575,-0.6505547689353939,30.63807652294534,-16.23510363326032,-19.500929397532424,3.2658257642721047,-0.49391259000740595,1.2351654999999997,96959685565.25,0.06256204552440736,1,1,0.09831034604395228,1,1,-0.18619956360264667,0,-1,0.2313762642169288,1,1,0.38377267023780126,1,1,0.46137681853227375,1,1,1.0
2023-03-23,20.40786,20.849281,19.962498,20.7705,2850965160.0,TRALT,20.7705,20.40786,20.849281,19.962498,0,0.046673352045675465,0.04150370058366937,-0.17591769691006343,0.034000401675724386,0.1151230139154105,21.45673,78.04543923809523,56.693536,-0.6336354818298863,46.899544995607286,-15.222549212827587,-18.645253360591457,3.42270414776387,7.936829633325004,1.1422637857142857,99810650725.25,0.024664789003635113,1,1,-0.04459208974266382,0,-1,-0.18169037818059253,0,-1,0.2865265641173782,1,1,0.2902915192219737,1,1,0.35576899930189465,1,1,1.0
2023-03-24,21.179363,21.913422,20.612804,21.7755,2872585127.0,TRALT,21.7755,21.179363,21.913422,20.612804,0,0.04838593197082419,0.07281684936568555,-0.14007645344474895,0.03626000495579269,0.11489589253764426,21.279374999999998,76.02324447619047,56.59482064285714,-0.6152386428183106,57.40759303345446,-14.175590060490514,-17.75132070057127,3.5757306400807565,8.974487293691391,1.1281879999999997,102683235852.25,-0.0009046864595532167,0,0,-0.11312254598057447,0,-1,-0.2362012353332874,0,-1,0.22534040550159573,1,1,0.2197194094280268,1,1,0.28584877499942585,1,1,0.0
2023-03-27,21.780403,22.24843,21.006931,21.1055,2646193427.0,TRALT,21.1055,21.780403,22.24843,21.006931,0,-0.030768524258914964,0.04183018150764384,-0.17615211060886404,0.036358476012034444,0.11307615299833426,21.053739999999998,73.92062114285714,56.489183857142855,-0.6263798030190291,55.225823559900206,-13.24722502591884,-16.850501565640783,3.603276539721943,3.378772219419357,1.1535247857142854,100037042425.25,0.04201274549288114,1,1,-0.11858046480775153,0,-1,-0.18347350216768132,0,-1,0.2642391793608303,1,1,0.2660207055033048,1,1,0.30297789675676956,1,1,1.0
2023-03-29,19.956585,21.381351,19.46984,20.4946,2000372165.0,TRALT,20.4946,19.956585,21.381351,19.46984,0,-0.028945061713771314,-0.0038301884958247268,-0.19566881080678022,0.03661565821317569,0.1130563586565789,20.804454999999997,71.49521790476192,56.38495685714285,-0.6365236200867335,53.20381810581077,-12.417640739278145,-15.963929400368258,3.546288661090113,-3.435310525497448,1.2126436428571423,98036670260.25,0.07211167819815967,1,1,-0.14375006099167575,0,-1,-0.0865398690386735,0,-1,0.29711241009826983,1,1,0.29790286221736473,1,1,0.4042723449103669,1,1,1.0
2023-03-30,20.76947,21.026638,20.396036,20.6325,1553488394.0,TRALT,20.6325,20.76947,21.026638,20.396036,0,0.006728601680442647,0.039719214081625376,-0.14947338046457948,0.035676817107514414,0.11308115279528126,20.623155,69.17087742857143,56.28164316666666,-0.6334062255627285,58.62929974285393,-11.61516939516617,-15.094177399327842,3.479008004161672,-0.28562315142377503,1.1844919285714284,99590158654.25,0.08787107718405429,1,1,-0.2187180419241488,0,-1,-0.07115473161274688,0,-1,0.29130740336847216,1,1,0.24560765782139815,1,1,0.3939173633830122,1,1,1.0
2023-03-31,21.133053,21.97254,20.53398,21.2828,2957247315.0,TRALT,21.2828,21.133053,21.97254,20.53398,0,0.031518235793045024,0.024664789003635113,-0.08241248927538214,0.0356091362619954,0.11321036979295594,20.52758,66.96455247619048,56.189280976190474,-0.6212302483632361,58.16836657790284,-10.802210143851468,-14.23578394823257,3.4335738043811013,6.719216960507057,1.1809715714285711,102547405969.25,0.03703929934031236,1,1,-0.22684985058357,0,-1,-0.15740879959403842,0,-1,0.3175944894468772,1,1,0.2451369180746894,1,1,0.3860958144605031,1,1,0.0
2023-04-03,21.002005,21.854303,20.553686,20.9281,2355447761.0,TRALT,20.9281,21.002005,21.854303,20.553686,0,-0.016666040182682806,-0.03891529471194688,-0.014842256889198602,0.030404810170874347,0.11233472113554452,20.511815000000002,64.73237161904761,56.084097666666665,-0.6268443129033612,53.25027910281132,-10.070469304287514,-13.40272101944356,3.332251715156046,3.1067865500677527,1.1922323571428568,100191958208.25,0.11111376570257203,1,1,-0.2302263463955161,0,-1,-0.0866299377392118,0,-1,0.35310897788141316,1,1,0.309244508579374,1,1,0.3570271548778914,1,1,1.0
2023-04-04,20.997078,21.243406,20.593098,21.0858,1834910029.0,TRALT,21.0858,20.997078,21.243406,20.593098,0,0.007535323321276044,-0.000933405984222091,0.0239254896057417,0.029589492907078924,0.11237429306010442,20.53645,62.83580190476191,55.979702857142854,-0.6233313339692101,49.04661163424177,-9.369824836774015,-12.596141782909651,3.2263169461356362,4.085773098168133,1.155631857142857,102026868237.25,0.0878505913932599,1,1,-0.22476737899439436,0,-1,-0.12196359635394438,0,-1,0.3317730415730018,1,1,0.23874835197146904,1,1,0.3724876457141775,1,1,1.0
2023-04-05,21.415838,21.71636,20.888695,20.9675,2502266528.0,TRALT,20.9675,21.415838,21.71636,20.888695,0,-0.0056104107977880124,0.023074370809871958,0.0360255751442804,0.0293133635055939,0.11183118742095503,20.572905,60.83096142857143,55.87672369047619,-0.6247543052783933,52.02323159731897,-8.723545270069433,-11.821622480341608,3.0980772102721748,1.9155803124422777,1.1598547142857143,99524601709.25,0.06767139620841767,1,1,-0.24012877071658523,0,-1,-0.10902110408966259,0,-1,0.2800763085727911,1,1,0.24573745081674025,1,1,0.35447716704423504,1,1,1.0
2023-04-06,21.172466,21.558708,20.80987,21.0858,1931083686.0,TRALT,21.0858,21.172466,21.558708,20.80987,0,0.005642065100751159,0.02197019265721556,0.05731391780492201,0.0290516902298412,0.11168139749538168,20.630055000000002,58.87987742857143,55.7770145952381,-0.6219625565653675,59.23591583438379,-8.108350221852803,-11.078968028643848,2.9706178067910454,6.256204552440736,1.1155152857142858,101455685395.25,0.03364349467414107,1,1,-0.23411490197194318,0,-1,-0.11963027250566716,0,-1,0.2890191503286572,1,1,0.25961547581784905,1,1,0.29471018410494265,1,1,1.0
2023-04-07,21.379381,21.617828,21.006931,21.2828,2943419576.0,TRALT,21.2828,21.379381,21.617828,21.006931,0,0.009342780449402177,0.0,0.10599068761952268,0.027635397646196394,0.10984223176691105,20.732035000000003,56.74058104761905,55.67360478571429,-0.6177218974428413,58.16984792955342,-7.518241848214672,-10.366822792558013,2.8485809443433414,2.4664789003635113,1.1127002857142856,104399104971.25,-0.06758979081699779,0,-1,-0.2013879752664124,0,-1,-0.08842351570282114,0,-1,0.34004924164113737,1,1,0.27990677918318996,1,1,0.30809855846035283,1,1,0.0
2023-04-10,21.940025,22.307549,21.65724,21.7558,3100381112.0,TRALT,21.7558,21.940025,22.307549,21.65724,0,0.02222451933016334,0.03954969634128269,0.08875899550600042,0.02684430199736032,0.1081501095092938,20.820715,54.69028752380953,55.57568378571428,-0.608537430076707,61.585469622661954,-6.932496064330497,-9.67995744691251,2.7474613825820136,-0.09046864595532167,1.1267777142857138,107499486083.25,-0.1123194734277756,0,-1,-0.23550961123010872,0,-1,-0.05706524237214916,0,-1,0.2281782329309885,1,1,0.2263396427619302,1,1,0.28977100359444363,1,1,0.0
2023-04-11,21.906525,22.209017,21.598122,21.9922,3189500338.0,TRALT,21.9922,21.906525,22.209017,21.598122,0,0.010866067899135023,0.04298627512354303,0.07721998266040342,0.02658941860112282,0.10805975077122996,20.899540000000002,52.6053981904762,55.47548526190476,-0.6035690378160219,61.1107630622729,-6.375717503574172,-9.019109458244843,2.643391954670671,4.201274549288114,1.0155778571428566,110688986421.25,-0.15411827829866964,0,-1,-0.2163949036476569,0,-1,-0.04121461245350633,0,-1,0.24134920562744977,1,1,0.29409517919989825,1,1,0.26863160575112977,1,1,0.0
2023-04-12,22.190296,22.484905,21.913422,21.9725,2432339841.0,TRALT,21.9725,22.190296,22.484905,21.913422,0,-0.000895772137394224,0.04793132228448793,0.035281312871930925,0.02525050963517181,0.1065275136610889,20.93698,50.41734342857143,55.37630490476191,-0.603214767800252,68.74933925362087,-5.868408745106123,-8.3889693156171,2.520560570510977,7.211167819815967,0.9909444999999997,108256646580.25,-0.20134258732506538,0,-1,-0.1479804300830584,0,-1,0.03229036295369214,1,1,0.24883376948458302,1,1,0.3070884059619978,1,1,0.244282626009785,1,1,0.0
2023-04-13,22.475052,22.93815,21.952835,22.4455,4828322392.0,TRALT,22.4455,22.475052,22.93815,21.952835,0,0.02152690863579476,0.06448415521346118,0.08476386552997339,0.024762676771847514,0.10662778042719025,21.024675000000002,48.25035819047619,55.27234669047619,-0.5939108551751158,66.0373022863927,-5.366335971433365,-7.784442646780354,2.418106675346989,8.78710771840543,0.9895397857142854,113084968972.25,-0.2818248646722059,0,-1,-0.1461807489251743,0,-1,0.017558085139560253,1,0,0.20736896037067565,1,1,0.36864850415450756,1,1,0.20915105477712692,1,1,0.0
2023-04-14,22.574568,22.997269,21.992247,22.0711,3385793342.0,TRALT,22.0711,22.574568,22.997269,21.992247,0,-0.016680403644382946,0.03703929934031236,0.10672021982871027,0.02342942660291618,0.10659198804064635,21.13109,46.01735161904762,55.16573552380952,-0.599912884502843,53.218921508842236,-4.9416859524996255,-7.215891307924208,2.2742053554245825,3.703929934031236,0.9684257857142854,109699175630.25,-0.25446398231171086,0,-1,-0.18750311493310257,0,-1,0.04017923891423614,1,1,0.18616652545636603,1,1,0.3864284063775707,1,1,0.2314746433118422,1,1,0.0
2023-04-18,24.85459,26.189692,23.253452,23.2535,7873576808.0,TRALT,23.2535,24.85459,26.189692,23.253452,0,0.053572318552314924,0.06884141240496788,0.1456336987313709,0.02568746986066971,0.10693796799602998,21.278889999999997,43.782974,55.06157445238095,-0.5776818910234689,71.04231974921632,-4.4583449296598054,-6.664382032271328,2.206037102611522,11.111376570257203,1.1739324285714283,117572752438.25,-0.3072053669340099,0,-1,-0.17796890790633657,0,-1,0.004235921474186721,1,0,0.09660911260670435,1,1,0.27464682735932233,1,1,0.09746919818521937,1,1,0.0
2023-04-19,23.529339,24.3373,22.918444,22.9382,5994738345.0,TRALT,22.9382,23.529339,24.3373,22.918444,0,-0.013559249145289942,0.04301525086166902,0.13229769820466863,0.026032496044900814,0.10597205787189116,21.412895,41.533795142857144,54.956172595238094,-0.5826092153661449,75.40969969220534,-4.054003730230775,-6.142306371863217,2.088302641632442,8.785059139325991,1.1387427857142856,111578014093.25,-0.2873721564900471,0,-1,-0.19287040831451463,0,-1,0.05411932932836927,1,1,0.2224150107680638,1,1,0.32355633833517894,1,1,0.06808729542858649,1,1,0.0
2023-04-20,22.814,23.292864,22.366669,22.3864,856013684.0,TRALT,22.3864,22.814,23.292864,22.366669,0,-0.02405594161704061,0.018837182842188938,0.0881234992757638,0.026806489926456446,0.1056848174822479,21.503545,39.49879933333334,54.842209357142856,-0.5918034619244545,66.7924094747525,-3.7350309531256265,-5.660851288115699,1.9258203349900729,6.767139620841767,1.1598565714285713,110722000409.25,-0.28829110531394053,0,-1,-0.16549333523925236,0,-1,0.09859110888753886,1,1,0.23110459922095572,1,1,0.381195725976486,1,1,0.04706428903262716,1,1,0.0
2023-04-24,22.236607,22.918444,21.736065,21.7952,1907409948.0,TRALT,21.7952,22.236607,22.918444,21.736065,0,-0.02640889111246103,-0.028972399812880023,0.09831034604395228,0.026165537100953415,0.10569173135776819,21.60109,37.42918904761905,54.72417345238095,-0.6017262824633538,54.96203904555315,-3.489720304930703,-5.2266250914787005,1.7369047865479974,3.3643494674141072,1.1415579285714286,108814590461.25,-0.25904327558361473,0,-1,-0.1482849434737924,0,-1,0.11302029804727654,1,1,0.2810160035237117,1,1,0.5049185141682571,1,1,0.09014828953164011,1,1,0.0
2023-04-26,20.238386,21.026638,19.745728,19.8443,1993383700.0,TRALT,19.8443,20.238386,21.026638,19.745728,0,-0.08951053442959922,-0.10089211684057431,-0.04459208974266382,0.03185670255253162,0.10534315246845667,21.55478,35.34647504761905,54.599954476190476,-0.636550979018608,41.98301624404532,-3.413383810704701,-4.863976835323901,1.4505930246191996,-6.758979081699779,1.1950475714285713,106821206761.25,-0.14349712511905177,0,-1,-0.022343947632317618,0,-1,0.2383304021809789,1,1,0.410984514444954,1,1,0.5923968091593053,1,1,0.21949375891313871,1,1,0.0
2023-04-27,19.616652,20.06103,19.184097,19.3122,1860103694.0,TRALT,19.3122,19.616652,20.06103,19.184097,0,-0.026813745004862888,-0.16949276453007067,-0.11312254598057447,0.030007253344007535,0.10533603785953423,21.431615,33.31299523809523,54.47307500000001,-0.6454725568549233,37.56903753960021,-3.357123778924162,-4.562606224043954,1.2054824451197916,-11.23194734277756,1.2112350714285713,104961103067.25,-0.13877756029867128,0,-1,0.062245627116537694,1,1,0.2581632336036286,1,1,0.40636488851606756,1,1,0.5741344849369827,1,1,0.1433187311647559,1,1,0.0
2023-04-28,18.803764,19.489546,18.021425,18.6028,1754280549.0,TRALT,18.6028,18.803764,19.489546,18.021425,0,-0.03673325669783878,-0.18900349635106506,-0.11858046480775153,0.03029932919324072,0.10526560545082699,21.30648,31.227346476190476,54.33773661904762,-0.6576449230776582,34.69430024984139,-3.3313778989944076,-4.316360559034045,0.9849826600396376,-15.411827829866965,1.256981928571428,103206822518.25,-0.07362332552088924,0,-1,0.13347453071580628,1,1,0.2118605801277229,1,1,0.4578450555830307,1,1,0.6782419850775152,1,1,0.23744812608854593,1,1,0.0
2023-05-02,18.107147,19.016594,17.44009,17.5485,1739207759.0,TRALT,17.5485,18.107147,19.016594,17.44009,0,-0.05667426408927678,-0.21610888753886281,-0.14375006099167575,0.03199870975523454,0.10507654419364518,21.159174999999998,29.176468857142854,54.21565530952381,-0.6763204299604336,29.578912122296757,-3.3573459087475115,-4.1245576289767385,0.767211720229227,-20.134258732506538,1.3161009285714282,101467614759.25,0.06681482747813194,1,1,0.29253212525287053,1,1,0.26894606376613384,1,1,0.5226372624440834,1,1,0.6970111405533237,1,1,0.30837393509416766,1,1,0.0
2023-05-03,16.229136,17.44009,15.794612,16.1198,2412560697.0,TRALT,16.1198,16.229136,17.44009,15.794612,0,-0.08141436590021933,-0.26039678461312576,-0.2187180419241488,0.03581678079676268,0.10534238649767995,20.93354,27.159579142857147,54.08062573809524,-0.7019302239943397,23.904736874027037,-3.4534012336680604,-3.9903263499150032,0.5369251162469428,-28.182486467220592,1.3977431428571427,99055054062.25,0.18887331108326388,1,1,0.41686621422102,1,1,0.2616099455328229,1,1,0.6898472685765329,1,1,0.7221057333217533,1,1,0.4317795506147717,1,1,1.0
2023-05-04,16.63213,17.183907,16.011381,16.4548,3476210239.0,TRALT,16.4548,16.63213,17.183907,16.011381,0,0.020781895557016705,-0.17080471470397052,-0.22684985058357,0.03521122894216194,0.105331172666818,20.692140000000002,25.280313238095243,53.95541878571429,-0.6950297047021213,22.828204129333812,-3.4625796080796825,-3.8847770015479393,0.4221973934682568,-25.446398231171084,1.4082986428571427,102531264301.25,0.08981573765709716,1,1,0.3952099083550089,1,1,0.2191579356783433,1,1,0.6615212582346794,1,1,0.7016311349879671,1,1,0.33456499015484864,1,1,1.0
2023-05-05,16.390728,16.898165,15.922702,16.1099,1901843854.0,TRALT,16.1099,16.390728,16.898165,15.922702,0,-0.02096044923061957,-0.16581746253663487,-0.2302263463955161,0.03525311594785433,0.10525015253220651,20.45123,23.173406476190475,53.83384447619048,-0.7007477330153329,20.180267867100568,-3.45782443580298,-3.7993864883989477,0.3415620525959677,-30.72053669340099,1.434339214285714,100629420447.25,0.18654367811097528,1,1,0.4495434484385379,1,1,0.2293558619234135,1,1,0.7529593603932985,1,1,0.6970930918255234,1,1,0.3780346246717856,1,1,1.0
2023-05-08,16.064589,16.513891,15.656668,16.3464,1872699179.0,TRALT,16.3464,16.064589,16.513891,15.656668,0,0.014680413906976497,-0.12129356871008667,-0.22476737899439436,0.03550101246322185,0.10530859566230759,20.214260000000003,21.154343999999995,53.709769333333334,-0.6956531334448479,22.09248107620111,-3.3958273699360113,-3.7186746647063607,0.32284729477034935,-28.73721564900471,1.4547492142857144,102502119626.25,0.13261023833994035,1,1,0.47920031321881273,1,1,0.281493172808692,1,1,0.6847746292761709,1,1,0.7496207115939904,1,1,0.393579014339549,1,1,1.0
2023-05-09,16.481375,16.986843,15.863584,15.9326,2084410365.0,TRALT,15.9326,16.481375,16.986843,15.863584,0,-0.025314442323691955,-0.0920819443257258,-0.24012877071658523,0.03558666990237566,0.10500778425446454,19.962515,20.951172,53.5836251904762,-0.7026591623212568,17.502769267616003,-3.3415649693857006,-3.6432527256422285,0.3016877562565279,-28.829110531394054,1.464602357142857,100417709261.25,0.1725393218934761,1,1,0.5435961487767218,1,1,0.5497784416856006,1,1,0.6180661034608288,1,1,0.7586583482921807,1,1,0.4096883120143604,1,1,1.0
2023-05-10,16.121737,16.356241,15.952262,16.1493,1135282718.0,TRALT,16.1493,16.121737,16.356241,15.952262,0,0.013601044399532913,0.0018300475191999066,-0.23411490197194318,0.035849860914749475,0.10503122865575125,19.715690000000002,20.760218,53.46392169047619,-0.6979402279261389,19.979722194058567,-3.243684570443026,-3.563339094602388,0.319654524159362,-25.904327558361473,1.4230751428571426,101552991979.25,0.14948016322688917,1,1,0.5021394116153641,1,1,0.5131182156502139,1,1,0.7003832983472968,1,1,0.7957434687571596,1,1,0.4043952369452546,1,1,1.0
2023-05-11,16.766134,17.35141,16.12962,16.9967,3423150168.0,TRALT,16.9967,16.766134,17.35141,16.12962,0,0.05247286260085571,0.032932639716070744,-0.2013879752664124,0.038443981301629494,0.10545580115219803,19.501385,20.596064000000002,53.3346170952381,-0.681319545809254,17.166246851385367,-3.0624337214657977,-3.4631580199750704,0.4007242985092727,-14.349712511905178,1.2161607142857147,104976142147.25,0.14145098754464103,1,1,0.4457983020233338,1,1,0.5721757752975578,1,1,0.5767766684121036,1,1,0.6567922008389864,1,1,0.3155494890184565,1,1,1.0
2023-05-12,16.668587,17.203611,16.395653,16.6321,1669708540.0,TRALT,16.6321,16.668587,17.203611,16.395653,0,-0.021451222884442234,0.032414850495658065,-0.23550961123010872,0.037723082951480406,0.10545474328147061,19.2452,20.422254,53.20248473809524,-0.6873811424057285,17.077882075323927,-2.914613441253259,-3.3534491042307084,0.43883566297744947,-13.877756029867127,1.1725251428571433,103306433607.25,0.23341610500177357,1,1,0.4609039147191272,1,1,0.6042712585903163,1,1,0.5969119954786224,1,1,0.683491561498548,1,1,0.3528057190613332,1,1,1.0
2023-05-15,17.457825,18.011572,16.592718,17.2332,2383298172.0,TRALT,17.2332,17.457825,18.011572,16.592718,0,0.036140956343456265,0.054250477169285105,-0.2163949036476569,0.03895552558760208,0.10560606431529636,19.00725,20.254554,53.072798357142865,-0.675291287939396,23.23457918683644,-2.717633866257639,-3.226286056636095,0.5086521903784558,-7.362332552088924,1.2077150714285716,105689731779.25,0.2235568553721885,1,1,0.30817259708005484,1,1,0.5483137200287818,1,1,0.5504955550913353,1,1,0.5957570271336723,1,1,0.29981663301070016,1,1,1.0
2023-05-16,17.960337,18.81953,17.045961,18.721,2647391475.0,TRALT,18.721,17.960337,18.81953,17.045961,0,0.08633335654434471,0.17501223905702767,-0.1479804300830584,0.044657468330678254,0.1064930838983498,18.844675000000002,20.119367999999998,52.95133192857143,-0.6464489311571303,35.39322639501292,-2.413650052614262,-3.0637588558317286,0.6501088032174667,6.681482747813194,1.249942928571429,108337123254.25,0.21158057796057905,1,1,0.18947171625447368,1,1,0.419998931681,1,1,0.4208642700710432,1,1,0.5373110410768656,1,1,0.1815608140590781,1,1,1.0
2023-05-17,19.113155,19.558517,18.523935,19.1644,2705588922.0,TRALT,19.1644,19.113155,19.558517,18.523935,0,0.023684632231184333,0.18670159078102455,-0.1461807489251743,0.044732615084961805,0.10662424979097072,18.680619999999998,20.017486,52.83520869047619,-0.6372797519875326,46.22935545770156,-2.112609172379546,-2.8735289191412923,0.7609197467617461,18.88733110832639,1.1774507857142855,111042712176.25,0.19177224436976892,1,1,0.061181148379286565,1,1,0.390228757487842,1,1,0.3410281563732753,1,1,0.5006992131243349,1,1,0.11665379557930322,1,1,0.0
2023-05-18,18.45595,19.391014,17.627298,17.9327,1798909768.0,TRALT,17.9327,18.45595,19.391014,17.627298,0,-0.06427020934649663,0.05506951349379574,-0.18750311493310257,0.046509819819567984,0.1066805927910349,18.4737,19.912254,52.710917428571435,-0.6597915408264217,42.90037363745843,-1.9509308853309264,-2.689009312379219,0.7380784270482925,8.981573765709715,1.2407924285714285,109243802408.25,0.28022550982283745,1,1,0.11868263005570823,1,1,0.5637410986633358,1,1,0.47774735538987434,1,1,0.6450395088302374,1,1,0.2268091252293296,1,1,1.0
2023-05-22,18.735779,19.50925,18.119955,19.1151,2508587950.0,TRALT,19.1151,18.735779,19.50925,18.119955,0,0.06593541407596182,0.1492896266857462,-0.17796890790633657,0.04746177158838605,0.10613478255472829,18.26678,19.869688,52.59265007142857,-0.6365442704629092,52.51415839737741,-1.7077045249899214,-2.4927483549013596,0.7850438299114382,18.65436781109753,1.248537357142857,111752390358.25,0.22165199240391087,1,1,0.03608142254029523,1,1,0.4814466050399946,1,1,0.4334217451125024,1,1,0.4857364073428858,1,1,0.17080214071597832,1,1,1.0
2023-05-23,18.6471,19.016594,18.356432,18.5141,981900817.0,TRALT,18.5141,18.6471,19.016594,18.356432,0,-0.031441112000460514,0.07432746094747333,-0.19287040831451463,0.04772628263613884,0.10612822491860788,18.045575000000003,19.828108,52.478744380952385,-0.647207641524292,54.95942475603492,-1.5456245614750053,-2.3033235962160887,0.7576990347410835,13.261023833994035,1.1901205000000001,110770489541.25,0.306010013989338,1,1,0.13145116424778958,1,1,0.5167628996278513,1,1,0.410816620845734,1,1,0.5631329635250972,1,1,0.21312945268741124,1,1,1.0
2023-05-24,18.853033,19.184097,18.523935,18.6816,1451501614.0,TRALT,18.6816,18.853033,19.184097,18.523935,0,0.00904715865205441,-0.002104588430105303,-0.16549333523925236,0.04777148867768007,0.03636365376393323,17.860335,19.796971999999997,52.37873333333334,-0.6433361631501844,65.11600462602374,-1.3876630565960788,-2.120191488292087,0.7325284316960081,17.25393218934761,1.1126997142857147,112221991155.25,0.3164557639602603,1,1,0.32172833162041803,1,1,0.43670777663583427,1,1,0.3981671805412814,1,1,0.5202124015073655,1,1,0.2150993490921549,1,1,1.0
2023-05-25,18.684542,18.888502,18.435257,18.5633,688599487.0,TRALT,18.5633,18.684542,18.888502,18.435257,0,-0.0063324340527576295,-0.03136544843564104,-0.1482849434737924,0.0475729602596756,0.03633952708118464,17.69874,19.769382,52.281814119047624,-0.644937722364976,62.76779983287113,-1.25752725583229,-1.9476586418001276,0.6901313859678375,14.948016322688918,1.0613225000000002,111533391668.25,0.30679889890267353,1,1,0.3163500024241379,1,1,0.4641793215645924,1,1,0.43078008759218434,1,1,0.4706436894302197,1,1,0.24546820877753417,1,1,1.0
2023-05-26,19.22351,19.804846,18.63232,19.4009,2179001367.0,TRALT,19.4009,19.22351,19.804846,18.63232,0,0.045121287702078794,0.08187277989371378,-0.022343947632317618,0.04470910675333386,0.03685141860570481,17.676569999999998,19.772536,52.15950671428572,-0.6280467124378233,68.80614414043751,-1.0744211184152768,-1.7730111371231576,0.6985900187078808,14.145098754464103,1.0803284285714287,113712393035.25,0.2666319603729723,1,1,0.37734847352442413,1,1,0.47003489528836284,1,1,0.4040585746022092,1,1,0.4349849749238437,1,1,0.19582081243653637,1,1,1.0
2023-05-29,20.36746,20.691631,20.06103,20.5143,1544932382.0,TRALT,20.5143,20.36746,20.691631,20.06103,0,0.05738909019684657,0.07319867539275227,0.062245627116537694,0.04601462740352491,0.03767313822173192,17.736675,19.783178,52.045668690476184,-0.6058403990925396,71.6476050983203,-0.8298995450154507,-1.5843888187016164,0.7544892736861657,23.341610500177357,1.1112932857142859,115257325417.25,0.1844371974671326,1,1,0.3006731889462475,1,1,0.3025060567506568,1,1,0.30055619738426365,1,1,0.36782634552482896,1,1,0.14359251838961118,1,1,1.0
2023-05-30,21.017769,21.420763,20.297504,21.0858,1737841613.0,TRALT,21.0858,21.017769,21.420763,20.297504,0,0.027858615697342826,0.13890494271933274,0.13347453071580628,0.045263643268252864,0.03783613300754946,17.860825,19.79658,51.94261197619048,-0.5940558397474248,76.33375577449817,-0.5832755254570081,-1.3841661600526947,0.8008906345956865,22.35568553721885,1.1112932857142859,116995167030.25,0.06915554543816227,1,1,0.2654203302696603,1,1,0.29471018410494265,1,1,0.3497235106090355,1,1,0.32316535298637006,1,1,0.0765538893473332,1,1,1.0
2023-05-31,22.178473,22.859325,20.928106,22.682,3473102153.0,TRALT,22.682,22.178473,22.859325,20.928106,0,0.07570023428089034,0.21413583418979099,0.29253212525287053,0.04510084117516991,0.03915750820974933,18.1175,19.825746,51.872588642857146,-0.5627363007432383,79.25814455521815,-0.25607237024219387,-1.1585474020905946,0.9024750318484007,21.158057796057903,1.2189774285714285,120468269183.25,-0.01824794991623302,0,0,0.1720218675601799,1,1,0.20976986156423605,1,1,0.26620227493166393,1,1,0.20536107926990566,1,1,-0.010669253152279179,0,0,0.0
2023-06-01,23.047522,23.706696,22.169603,22.8396,2382926684.0,TRALT,22.8396,23.047522,23.706696,22.169603,0,0.006948240895864766,0.23036313586485146,0.41686621422102,0.03921908542924275,0.03868465935151336,18.45349,19.868706,51.802124738095245,-0.5590991659999658,77.89213393036155,0.01577366156704585,-0.9236831893590666,0.9394568509261124,19.177224436976893,1.2414990714285714,122851195867.25,-0.10957722552058713,0,-1,0.1665221807737438,1,1,0.18653566612375005,1,1,0.3450323122996899,1,1,0.1882870102803902,1,1,-0.0008581586367537586,0,0,0.0
2023-06-02,23.28104,23.96288,22.622849,22.9579,2209575623.0,TRALT,22.9579,23.28104,23.96288,22.622849,0,0.005179600343263369,0.18334200990675686,0.3952099083550089,0.03932208002994349,0.038263562865568305,18.778645,19.929008,51.73839519047618,-0.5562695766755053,80.9245390015448,0.23801572453363207,-0.6913434065805268,0.9293591311141589,28.022550982283747,1.2795042857142858,125060771490.25,-0.12618314392866936,0,-1,0.22145753749254093,1,1,0.1403482025795042,1,1,0.3328745224955245,1,1,0.18390619351073068,1,1,0.009674229785825439,1,0,0.0
2023-06-05,23.318483,23.746109,22.977562,23.352,2205085230.0,TRALT,23.352,23.318483,23.746109,22.977562,0,0.01716620422599635,0.1383278981003495,0.4495434484385379,0.038268638474564416,0.03666594156292685,19.14075,19.990098,51.68076947619048,-0.5481491425788783,80.53049656714035,0.44086274566661743,-0.46490217613109797,0.9057649217977154,22.165199240391086,1.2344582142857146,127265856720.25,-0.15190133607399792,0,-1,0.21265844467283324,1,1,0.09198355601233299,1,1,0.26927029804727654,1,1,0.09284001370332295,1,1,-0.020212401507365585,0,-1,0.0
2023-06-06,24.099838,24.554068,23.371689,24.1796,3166826922.0,TRALT,24.1796,24.099838,24.554068,23.371689,0,0.03544021925316887,0.14672433580893318,0.47920031321881273,0.038414510167906514,0.03665444457741983,19.53241,20.068528,51.62270080952381,-0.5316091637820868,79.15731897527937,0.660783770820192,-0.23976498674083999,0.900548757561032,30.601001398933803,1.1936367142857145,130432683642.25,-0.13365812503101782,0,-1,0.16137156942215736,1,1,0.15965524657149,1,1,0.25560389750037227,1,1,0.013250839550695614,1,0,-0.038859203626197436,0,-1,0.0
2023-06-07,24.792515,25.322615,24.396418,24.5935,2842057185.0,TRALT,24.5935,24.792515,25.322615,24.396418,0,0.017117735611837936,0.0842738735561237,0.5435961487767218,0.03689503148350109,0.03659595183705358,19.965455,20.14893,51.56648021428572,-0.5230719665604258,79.09142544823224,0.8585739327402813,-0.02009720284461572,0.878671135584897,31.64557639602603,1.201381928571429,133274740827.25,0.004005123304938296,1,0,0.09134527415780602,1,1,0.12062130237664426,1,1,0.25724276739788987,1,1,-0.04690263687559715,0,-1,-0.04364974485128181,0,-1,0.0
2023-06-08,24.395433,25.007313,23.746109,24.2585,2154142198.0,TRALT,24.2585,24.395433,25.007313,23.746109,0,-0.013621485351820506,0.06212455559642027,0.5021394116153641,0.03773634967994177,0.03658772817006456,20.370915,20.237213999999998,51.509477476190476,-0.5290478337464567,87.50000000000003,0.9770297697689543,0.1793281916780983,0.797701578090856,30.679889890267354,1.1654882142857146,131120598629.25,0.007308778366345692,1,0,0.12043201352103372,1,1,0.15093678504441743,1,1,0.35210338644186545,1,1,-0.020549498114063147,0,-1,-0.01065605870107389,0,0,0.0
2023-06-09,24.645702,24.948195,24.258474,24.5738,2178238543.0,TRALT,24.5738,24.645702,24.948195,24.258474,0,0.012997506028814554,0.07038535754576847,0.4457983020233338,0.0370416820901944,0.036243749009320265,20.74977,20.31328,51.45539171428572,-0.522425169038651,86.0676859646109,1.0838549438538827,0.3602335421132552,0.7236214017406275,26.663196037297233,1.1021432857142859,133298837172.25,0.08741016855350026,1,1,0.16058566440680733,1,1,0.13942491596741258,1,1,0.28592240516322276,1,1,-0.015211322628164936,0,0,-0.0257916968478622,0,-1,0.0
2023-06-12,24.885136,25.24379,24.297886,24.2979,2687574410.0,TRALT,24.2979,24.885136,25.24379,24.297886,0,-0.011227404796978924,0.04050616649537497,0.4609039147191272,0.036517300755636244,0.0360279480957685,21.13306,20.363728000000002,51.40026216666667,-0.5272806212308133,89.93123636464063,1.133189140714105,0.5148246618334251,0.6183644788806799,18.44371974671326,1.115517285714286,130611262762.25,0.09813605290992244,1,1,0.09968351174381329,1,1,0.11779207256594204,1,1,0.25113692952888944,1,1,-0.09127949328954355,0,-1,-0.06576288485836224,0,-1,0.0
2023-06-13,23.133244,24.258474,21.97254,22.544,2377278244.0,TRALT,22.544,23.133244,24.258474,21.97254,0,-0.07218319278620777,-0.06764379890486194,0.30817259708005484,0.04163431646356589,0.0372596592619793,21.3986,20.392498,51.33357026190476,-0.5608331958018871,71.87436286613962,1.019015202177652,0.6156627699022705,0.4033524322753814,6.915554543816227,1.2337575,128233984518.25,0.18356990773598292,1,1,0.21096522356281056,1,1,0.20298083747338547,1,1,0.38484740951029095,1,1,0.021114265436479762,1,1,0.00958126330731024,1,0,0.0
2023-06-15,21.787302,22.268137,21.243406,22.2681,2073665819.0,TRALT,22.2681,21.787302,22.268137,21.243406,0,-0.01223828956706885,-0.09455343891678691,0.18947171625447368,0.038370000497995146,0.036981383405942245,21.575955,20.427968,51.26460361904762,-0.5656242625910761,70.61383009503463,0.8959408605644477,0.671718388034706,0.2242224725297417,-1.824794991623302,1.2942824285714287,126160318699.25,0.19380638671462758,1,1,0.2322560074725728,1,1,0.19992275946308835,1,1,0.33733906350339726,1,1,0.03107135319133647,1,1,-0.014734081488766426,0,0,0.0
2023-06-19,20.96752,21.854303,20.277798,20.3369,1442199843.0,TRALT,20.3369,20.96752,21.854303,20.277798,0,-0.08672495632766153,-0.16165880000824462,0.061181148379286565,0.04377113055557043,0.03855461072097116,21.63458,20.422056,51.187769071428576,-0.6027000127389528,54.642949264866374,0.6352491016302864,0.664424530753822,-0.029175429123535657,-10.957722552058712,1.3477650000000003,124718118856.25,0.31007675702786575,1,1,0.3325531423176591,1,1,0.3394371806912557,1,1,0.36500646607890097,1,1,0.13488289759009486,1,1,0.03555605819962726,1,1,1.0
2023-06-20,20.197,20.652218,19.72602,20.061,1350830225.0,TRALT,20.061,20.197,20.652218,19.72602,0,-0.013566472766252446,-0.18364274145634774,0.11868263005570823,0.04099575131885393,0.038300030757692366,21.740995,20.397620000000003,51.10720978571428,-0.6074722121572846,47.54768834597449,0.40175499874306553,0.6118906243516707,-0.21013562560860521,-12.618314392866935,1.321726928571429,123367288631.25,0.39784158317132756,1,1,0.30501968994566564,1,1,0.36284332785005735,1,1,0.3957429838991078,1,1,0.09466128308658606,1,1,0.04979811574697157,1,1,1.0
2023-06-21,20.25612,20.829575,19.745728,19.8048,1927648166.0,TRALT,19.8048,20.25612,20.829575,19.745728,0,-0.012771048302676835,-0.18491721506796877,0.03608142254029523,0.03869595624604517,0.03827383118276986,21.77548,20.375154,51.025033785714285,-0.6118611095257159,42.825137224151455,0.19380201216483428,0.5282729019143035,-0.33447088974946926,-15.190133607399792,1.318911785714286,121439640465.25,0.42985538859266437,1,1,0.28756665050896757,1,1,0.4259169494264017,1,1,0.38047342058490874,1,1,0.1209403780901599,1,1,0.012885765067054411,1,0,1.0
2023-06-22,20.43348,21.046345,19.824554,20.9478,2095709048.0,TRALT,20.9478,20.43348,21.046345,19.824554,0,0.057713281628696045,-0.07080376153300216,0.13145116424778958,0.039703173876761456,0.03898246686372207,21.897164999999998,20.372394,50.94533230952381,-0.5888180712468534,39.767282683093775,0.11984680031961759,0.4465876815953664,-0.3267408812757488,-13.365812503101782,1.2696493571428573,123535349513.25,0.3405465013032394,1,1,0.3385653863412863,1,1,0.3146965313779966,1,1,0.3652985039001708,1,1,0.0874650321274788,1,1,-0.009919896122743355,0,0,1.0
2023-06-26,24.256502,25.145258,23.273159,24.692,3747422777.0,TRALT,24.692,24.256502,25.145258,23.273159,0,0.17873953350709848,0.1088507775697074,0.32172833162041803,0.05525907081221217,0.04519122360427221,22.197685,20.446884,50.88524707142857,-0.5147512998150647,57.67967894928858,0.3592215283574731,0.4291144509477878,-0.06989292259031465,0.4005123304938296,1.4596754285714284,127282772290.25,0.08699173821480644,1,1,0.11615098007451796,1,1,0.04406285436578661,1,1,0.13478049570711148,1,1,-0.09039364976510611,0,-1,-0.14223230196014902,0,-1,1.0
2023-06-27,24.425978,24.71172,23.96288,24.4358,1369465909.0,TRALT,24.4358,24.425978,24.71172,23.96288,0,-0.01037583022841404,0.2015498920681127,0.3163500024241379,0.0553502227857055,0.04493532543190748,22.49131,20.513883999999997,50.81639511904762,-0.519135508476069,56.05781133436627,0.5222345314827699,0.44773846705478426,0.07449606442798562,0.7308778366345692,1.4174475,125913306381.25,0.11230244149976665,1,1,0.14258587809689072,1,1,0.12376103913111103,1,1,0.1867833261035039,1,1,-0.07185359186112183,0,-1,-0.16515931543063878,0,-1,1.0
2023-07-03,26.001497,26.879414,24.928488,26.7218,5185307304.0,TRALT,26.7218,26.001497,26.879414,24.928488,0,0.09355126494733135,0.33202731668411345,0.37734847352442413,0.05773462426353087,0.04607504139616221,22.857355000000002,20.622664,50.76187792857143,-0.47358527520197236,61.957956593944736,0.8263588555099091,0.5234625447458092,0.30289631076409984,8.741016855350026,1.5356907142857141,131098613685.25,0.06729337095554921,1,1,0.047833604023680865,1,1,0.002926449565523237,1,0,0.053821224618102015,1,1,-0.16323002192966052,0,-1,-0.23657837421131822,0,-1,1.0
2023-07-04,26.961195,27.92385,25.913803,26.6824,5473395104.0,TRALT,26.6824,26.961195,27.92385,25.913803,0,-0.0014744515713761563,0.3472693488447245,0.3006731889462475,0.057099313294908936,0.045731830450927394,23.16576,20.721196,50.701466119047616,-0.4737351393873025,59.407607878514526,1.0520726836735115,0.6291845725313497,0.42288811114216174,9.813605290992244,1.5934034999999998,125625218581.25,0.0014091685905315288,1,0,0.017899439330794742,1,0,-0.004587293496836953,0,0,0.04938086528947916,1,1,-0.15674751896381134,0,-1,-0.243696219230654,0,-1,1.0
2023-07-05,26.822266,27.312952,26.347343,26.6824,4317273073.0,TRALT,26.6824,26.822266,27.312952,26.347343,0,0.0,0.2737566713449622,0.2654203302696603,0.0571015137217397,0.045502749158383766,23.445590000000003,20.815,50.64094240476191,-0.47310617194416626,58.103987399228764,1.21692456974273,0.7467325719736259,0.47019199776910414,18.35699077359829,1.580731642857143,125625218581.25,0.023146343657242108,1,1,0.016400323808952733,1,0,0.0014091685905315288,1,0,0.03064192126645282,1,1,-0.1604953077684167,0,-1,-0.21296435103289058,0,-1,1.0
2023-07-06,27.020313,27.450897,26.504993,26.5838,3319277257.0,TRALT,26.5838,27.020313,27.450897,26.504993,0,-0.003695319761340854,0.0766159079863924,0.1720218675601799,0.0552667629147416,0.04530064176493495,23.64068,20.907226,50.59847092857143,-0.47461258191917155,59.18967411494107,1.3243484170078723,0.8622557409804752,0.4620926760273971,19.38063867146276,1.5582102142857146,122305941324.25,0.03220758507060695,1,1,0.005123421030853281,1,0,0.0006093936908944109,1,0,0.08261422370014815,1,1,-0.16791429366757193,0,-1,-0.24013873110691475,0,-1,1.0
2023-07-07,26.640966,26.899118,26.288225,26.6429,2174689199.0,TRALT,26.6429,26.640966,26.899118,26.288225,0,0.0022231584649297087,0.09032239582907042,0.1665221807737438,0.055287660150181696,0.04530202066749046,23.830845,20.991174,50.56176876190476,-0.47306234231121647,58.34617401476343,1.398134640169932,0.9694315208183666,0.42870311935156535,31.007675702786575,1.5525796428571432,124480630523.25,0.017156540766958495,1,0,0.022411224003392904,1,1,-0.03539029159738627,0,-1,0.07946207057039589,1,1,-0.19678413385930216,0,-1,-0.2834864072604709,0,-1,1.0
2023-07-10,27.379953,28.810633,26.761175,28.0421,3394414262.0,TRALT,28.0421,27.379953,28.810633,26.761175,0,0.052516805602993655,0.04940909669258797,0.22145753749254093,0.05611745538509877,0.04558854798311234,24.085055,21.110594000000003,50.532734023809525,-0.44507059549187666,63.84812261443324,1.5516282948961049,1.0858708756339144,0.4657574192621905,39.78415831713276,1.639853142857143,127875044785.25,-0.0664037286793786,0,-1,-0.025037354549053092,0,-1,-0.0549923151261853,0,-1,0.05198968693500117,1,1,-0.21546531821796522,0,-1,-0.3228039269526891,0,-1,0.0
2023-07-11,28.589922,29.204758,27.687372,28.318,5572642712.0,TRALT,28.318,28.589922,29.204758,27.687372,0,0.009838778122893688,0.061298833688123944,0.21265844467283324,0.05610229096289113,0.04549739681274516,24.333355,21.211884,50.50898830952381,-0.4393473132650243,73.97681217194871,1.6762135993693583,1.2039394203810032,0.4722741789883551,42.985538859266434,1.5821407142857145,133447687497.25,-0.09951267744897241,0,-1,-0.0027544318101562215,0,0,-0.03241754361183713,0,-1,0.002895684723497327,1,0,-0.20968994985521583,0,-1,-0.31810156084469254,0,-1,0.0
2023-07-12,28.143574,28.574156,27.510015,28.0815,4388890560.0,TRALT,28.0815,28.143574,28.574156,27.510015,0,-0.008351578501306745,0.05243531316523242,0.16137156942215736,0.05595724090276209,0.04553480792585801,24.52845,21.31475,50.48472914285714,-0.44376249062290707,74.21967437132332,1.7358549222544504,1.3103225207556928,0.4255324014987576,34.054650130323935,1.5652512142857145,129058796937.25,-0.0014778412834072219,0,0,-0.019283157950964136,0,0,-0.0698502572868257,0,-1,0.030571728718195468,1,1,-0.20018517529334257,0,-1,-0.30309990563182165,0,-1,0.0
2023-07-13,27.848965,28.357388,26.84,26.84,2914756742.0,TRALT,26.84,27.848965,28.357388,26.84,0,-0.04421060128554377,0.009637448370812374,0.09134527415780602,0.057152179264495326,0.04596912096176872,24.640775,21.403822,50.45091247619048,-0.46799772922508154,78.74501622214166,1.6637635949165102,1.3810107355878563,0.2827528593286539,8.699173821480644,1.531471642857143,126144040195.25,0.02682563338301036,1,1,-0.03949329359165421,0,-1,-0.02682563338301036,0,-1,0.05812220566318915,1,1,-0.15424739195230996,0,-1,-0.27235469448584193,0,-1,0.0
2023-07-14,27.218,27.74,26.8,27.18,2229459638.0,TRALT,27.18,27.218,27.74,26.8,1,0.012667660208643738,0.020159216902063903,0.12043201352103372,0.05698267457722951,0.04597936834362174,24.786849999999998,21.511518000000002,50.41321009523809,-0.46085559819236044,81.2901070693929,1.61544402398318,1.427897393266921,0.187546630716259,11.230244149976665,1.5324574999999998,128373499833.25,0.027225901398086894,1,1,0.010301692420897846,1,0,-0.022810890360559277,0,-1,0.004415011037527616,1,0,-0.14937454010301687,0,-1,-0.26747608535688006,0,-1,0.0
2023-07-17,28.063,28.7,27.42,28.52,3329404549.0,TRALT,28.52,28.063,28.7,27.42,0,0.04930095658572475,0.017042232928347056,0.16058566440680733,0.057751069609169335,0.046327609839231336,24.98416,21.685031999999996,50.38265295238096,-0.43393215067583657,84.97383543612955,1.6660717786766313,1.4755322703488631,0.19053950832776811,6.729337095554921,1.5636112857142856,131702904382.25,-0.018232819074333828,0,0,-0.060308555399719466,0,-1,-0.04488078541374474,0,-1,-0.02384291725105192,0,-1,-0.1865357643758766,0,-1,-0.32608695652173914,0,-1,0.0
2023-07-18,27.725,28.68,26.64,26.72,2785149764.0,TRALT,26.72,27.725,28.68,26.64,0,-0.06311360448807857,-0.05643053887986449,0.09968351174381329,0.05983475530756014,0.047121828666628236,25.105265,21.833188,50.34320771428571,-0.46924319658682057,72.00341551926564,1.543161081884584,1.4890580326560074,0.05410304922857656,0.14091685905315288,1.6206437857142857,128917754618.25,0.01646706586826352,1,0,-0.005988023952095856,0,0,-0.0014970059880239361,0,0,0.050149700598802305,1,1,-0.12200598802395202,0,-1,-0.2638473053892214,0,-1,0.0
2023-07-19,26.687,27.38,25.98,27.3,3096391903.0,TRALT,27.3,26.687,27.38,25.98,0,0.021706586826347296,-0.027829709951391446,0.21096522356281056,0.05695954927218171,0.047167408895290065,25.343065,22.007132,50.306326761904764,-0.4573247192304777,63.1023672681966,1.4755454524106497,1.486355516606936,-0.010810064196286273,2.3146343657242108,1.420825357142857,132014146521.25,-0.00659340659340657,0,0,-0.02124542124542128,0,-1,0.04249084249084256,1,1,0.0219780219780219,1,1,-0.16849816849816857,0,-1,-0.28021978021978033,0,-1,0.0
2023-07-20,27.486,27.94,26.76,27.44,2868539786.0,TRALT,27.44,27.486,27.94,26.76,0,0.00512820512820511,0.022354694485842153,0.2322560074725728,0.0567171097945695,0.04716174717418107,25.601660000000003,22.204962000000002,50.27215771428571,-0.4541710312902991,65.2711412944023,1.416923002510437,1.4724690137876364,-0.05554601127719949,3.2207585070606948,1.4516224999999998,134882686307.25,-0.026239067055393694,0,-1,-0.030612244897959218,0,-1,0.04664723032069973,1,1,-0.0036443148688046767,0,0,-0.18221574344023328,0,-1,-0.2791545189504373,0,-1,0.0
2023-07-21,27.326,27.86,26.74,27.1,3132238749.0,TRALT,27.1,27.326,27.86,26.74,0,-0.012390670553935834,-0.0029433406916850036,0.3325531423176591,0.052162933662128846,0.04716090634828772,25.939815,22.424566,50.23561961904762,-0.46054213712286707,52.39664393804972,1.327723954839211,1.4435200019979515,-0.11579604715874048,1.7156540766958495,1.3570786428571429,131750447558.25,0.005166051660516535,1,0,-0.05166051660516613,0,-1,0.1335793357933579,1,1,0.0014760147601475815,1,0,-0.15793357933579344,0,-1,-0.28228782287822884,0,-1,0.0
2023-07-24,26.949,27.56,26.08,26.18,2931258378.0,TRALT,26.18,26.949,27.56,26.08,0,-0.03394833948339493,-0.08204768583450206,0.30501968994566564,0.0529572684102812,0.04734292828002656,26.245765,22.619069999999997,50.189676761904764,-0.47837878844696435,47.13595111050302,1.169317590369289,1.388679519672219,-0.21936192930293008,-6.64037286793786,1.3192181428571428,128819189180.25,0.044308632543926585,1,1,0.012223071046600475,1,0,0.168831168831169,1,1,0.03819709702062646,1,1,-0.11459129106187926,0,-1,-0.2513368983957218,0,-1,1.0
2023-07-25,25.958,26.52,25.46,25.5,3044685463.0,TRALT,25.5,25.958,26.52,25.46,0,-0.025974025974025983,-0.045658682634730496,0.28756665050896757,0.05339757892816143,0.04704200098116203,26.530525,22.806872,50.140893428571424,-0.49143307475511555,43.74444491471621,0.9776394690282437,1.306471509543424,-0.32883204051518033,-9.95126774489724,1.325960357142857,125774503717.25,0.10745098039215684,1,1,0.07450980392156858,1,1,0.1623529411764706,1,1,0.0007843137254901489,1,0,-0.10274509803921572,0,-1,-0.21921568627450982,0,-1,1.0
2023-07-26,27.303,28.04,25.56,28.04,6848268426.0,TRALT,28.04,27.303,28.04,25.56,0,0.0996078431372549,0.02710622710622701,0.3385653863412863,0.05596307157074782,0.048625050040658785,26.885135000000002,23.040744,50.099000571428576,-0.44030819616806505,56.12250046248802,1.018944194826247,1.2489660465999886,-0.23002185177374157,-0.1477841283407222,1.4398243571428568,132622772143.25,-0.01783166904422251,0,0,-0.06847360912981448,0,-1,0.08273894436519269,1,1,-0.1262482168330955,0,-1,-0.17118402282453637,0,-1,-0.27246790299572043,0,-1,0.0
2023-07-27,28.967,29.96,27.56,27.56,10798318847.0,TRALT,27.56,28.967,29.96,27.56,0,-0.01711840228245365,0.004373177842565523,0.11615098007451796,0.04118910338899475,0.04856423274497029,27.028534999999998,23.273292,50.05794580952381,-0.44943805515174473,53.72408248125978,1.0014029492853567,1.1994534271370623,-0.1980504778517056,2.682563338301036,1.567617714285714,121824453296.25,-0.06458635703918714,0,-1,-0.0522496371552974,0,-1,0.12191582002902779,1,1,-0.1494920174165456,0,-1,-0.14658925979680693,0,-1,-0.25979680696661833,0,-1,0.0
2023-07-28,28.186,28.8,27.6,27.92,6069849979.0,TRALT,27.92,28.186,28.8,27.6,0,0.013062409288824517,0.030258302583025865,0.14258587809689072,0.041022935383926616,0.048404076686544166,27.202745000000004,23.508705999999997,50.003164857142856,-0.44163534288746764,49.458483754512635,1.004965757487959,1.1605558932072415,-0.1555901357192826,2.7225901398086894,1.5013510714285714,127894303275.25,-0.016475644699140424,0,0,-0.04871060171919783,0,-1,0.17478510028653282,1,1,-0.14899713467048714,0,-1,-0.1404011461318052,0,-1,-0.27148997134670494,0,-1,0.0
2023-07-31,28.606,29.14,27.94,28.0,5098304797.0,TRALT,28.0,28.606,29.14,27.94,0,0.002865329512893977,0.06951871657754016,0.047833604023680865,0.03566960982322942,0.04678039510942628,27.266655000000004,23.728772,49.939622,-0.43932294882007716,48.56472287416501,1.0026862965926995,1.1289819738843332,-0.1262956772916337,-1.8232819074333828,1.480109214285714,132992608072.25,-0.042857142857142816,0,-1,-0.027142857142857246,0,-1,0.12857142857142856,1,1,-0.1357142857142858,0,-1,-0.1449999999999999,0,-1,-0.2728571428571429,0,-1,0.0
2023-08-01,27.819,28.4,27.0,27.16,3571284965.0,TRALT,27.16,27.819,28.4,27.0,0,-0.030000000000000027,0.06509803921568635,0.017899439330794742,0.03641754695975384,0.046820992878185516,27.290535,23.939329999999998,49.863164857142856,-0.4553093435241635,46.05572914437359,0.9224652227107413,1.0876786236496148,-0.1652134009388735,1.646706586826352,1.5040991428571426,129421323107.25,-0.022091310751104598,0,-1,-0.0176730486008837,0,0,0.11929307805596467,1,1,-0.1870397643593521,0,-1,-0.1642120765832107,0,-1,-0.2592047128129602,0,-1,0.0
2023-08-02,27.328,27.76,26.96,27.12,2098346366.0,TRALT,27.12,27.328,27.76,26.96,0,-0.0014727540500736325,-0.032810271041369354,0.016400323808952733,0.03642224059258876,0.04648606223527147,27.312415000000005,24.137066000000004,49.783381523809524,-0.4552398979360307,51.335877862595424,0.8459106466184849,1.0393250282433888,-0.19341438162490387,-0.659340659340657,1.4528571428571426,127322976741.25,-0.014749262536873253,0,0,0.04941002949852513,1,1,0.15117994100294974,1,1,-0.15117994100294985,0,-1,-0.1607669616519174,0,-1,-0.2551622418879057,0,-1,0.0
2023-08-03,27.192,27.86,26.52,26.72,2459056512.0,TRALT,26.72,27.192,27.86,26.52,0,-0.014749262536873253,-0.030478955007256836,0.005123421030853281,0.036587637864810285,0.04581787397713865,27.319225000000007,24.297046,49.717124380952384,-0.46255942328319855,47.81783681214421,0.7443831508582441,0.98033665276636,-0.23595350190811581,-2.6239067055393694,1.4814285714285713,124863920229.25,-0.004491017964071808,0,0,0.0748502994011977,1,1,0.11452095808383245,1,1,-0.14071856287425144,0,-1,-0.17889221556886215,0,-1,-0.24775449101796398,0,-1,1.0
2023-08-04,27.209,27.62,26.6,27.24,2926723988.0,TRALT,27.24,27.209,27.62,26.6,0,0.019461077844311392,-0.024355300859598916,0.022411224003392904,0.03682323677588072,0.04430576672892215,27.349079999999997,24.458557999999996,49.63794104761905,-0.45122623088117386,43.4156378600823,0.6978372991844601,0.92383678204998,-0.22599948286551985,0.5166051660516535,1.4457142857142855,127790644217.25,-0.05653450807635829,0,-1,0.12775330396475781,1,1,0.0190895741556536,1,0,-0.15271659324522757,0,-1,-0.22687224669603523,0,-1,-0.2764317180616739,0,-1,0.0
2023-08-07,27.466,27.9,27.16,27.34,2679602928.0,TRALT,27.34,27.466,27.9,27.16,0,0.0036710719530104186,-0.023571428571428577,-0.025037354549053092,0.03484502784887503,0.04428840155786347,27.313975,24.646704,49.562272,-0.4483707284444103,53.86533665835412,0.661394397739933,0.8713483051879707,-0.20995390744803766,4.4308632543926585,1.3528571428571428,130470247145.25,-0.0307242136064374,0,-1,0.11923920994879311,1,1,0.024140453547915053,1,1,-0.1967812728602779,0,-1,-0.22970007315288954,0,-1,-0.27103145574250187,0,-1,0.0
2023-08-08,28.361,29.24,27.54,28.24,6474688787.0,TRALT,28.24,28.361,29.24,27.54,0,0.032918800292611516,0.03976435935198808,-0.0027544318101562215,0.035586744619368185,0.04420788454366258,27.310075,24.829202,49.492222,-0.4294052911990899,55.6354916067146,0.6970998806795201,0.8364986202862806,-0.13939873960676052,10.745098039215684,1.3885714285714283,136944935932.25,-0.029745042492917873,0,-1,0.0495750708215299,1,1,-0.031869688385269046,0,-1,-0.21388101983002827,0,-1,-0.28966005665722383,0,-1,-0.27478753541076484,0,-1,0.0
2023-08-09,27.911,28.74,27.54,27.54,3517899585.0,TRALT,27.54,27.911,28.74,27.54,0,-0.024787535410764838,0.015486725663716783,-0.019283157950964136,0.035988279966445165,0.044435098421120665,27.282999999999998,25.00972,49.428279142857136,-0.4428290752262656,50.561797752808985,0.661289647875158,0.8014568258040561,-0.1401671779288981,-1.783166904422251,1.39,133427036347.25,-0.0515613652868554,0,-1,0.10239651416121998,1,1,0.038489469862019066,1,1,-0.17283950617283939,0,-1,-0.24691358024691357,0,-1,-0.24183006535947715,0,-1,0.0
2023-08-10,26.847,27.66,25.64,25.78,2838467860.0,TRALT,25.78,26.847,27.66,25.64,0,-0.06390704429920113,-0.03517964071856283,-0.03949329359165421,0.03748935183982595,0.04522245935814821,27.23,25.151688,49.34268866666666,-0.4775315108149828,43.604651162790695,0.48529827291019956,0.7382251152252848,-0.2529268423150852,-6.458635703918714,1.454285714285714,130588568487.25,0.013188518231187052,1,0,0.1993793638479442,1,1,0.08688906128781992,1,1,-0.12878200155159036,0,-1,-0.17843289371605897,0,-1,-0.18774243599689677,0,-1,1.0
2023-08-11,26.648,27.52,25.68,27.46,3300136710.0,TRALT,27.46,26.648,27.52,25.68,0,0.06516679596586505,0.008076358296622788,0.010301692420897846,0.04025846515820609,0.04579716935856127,27.244,25.329622,49.262929142857146,-0.4425828817371176,55.77617328519857,0.47589992189309527,0.685760076558847,-0.2098601546657517,-1.6475644699140424,1.4799999999999998,133888705197.25,-0.03277494537509107,0,-1,0.19446467589220662,1,1,0.056081573197378054,1,1,-0.17407137654770577,0,-1,-0.2571012381646032,0,-1,-0.24471959213401318,0,-1,0.0
2023-08-14,27.376,27.88,26.66,26.8,2879217048.0,TRALT,26.8,27.376,27.88,26.66,0,-0.024034959941733436,-0.019751280175566932,-0.060308555399719466,0.03897286364325711,0.04565626734539017,27.158000000000005,25.477604,49.17685295238095,-0.45502816079038155,55.87703435804702,0.41046360788375935,0.6307007828238295,-0.2202371749400701,-4.285714285714281,1.491428571428571,131009488149.25,0.016417910447761086,1,0,0.17910447761194037,1,1,0.05074626865671639,1,1,-0.16567164179104477,0,-1,-0.23880597014925375,0,-1,-0.22537313432835815,0,-1,1.0
2023-08-15,26.848,27.24,26.14,26.56,2100704772.0,TRALT,26.56,26.848,27.24,26.14,0,-0.008955223880597107,-0.059490084985835634,-0.005988023952095856,0.03632345547027612,0.04554516807869597,27.15,25.598518,49.095721999999995,-0.45901600143491117,41.55251141552512,0.33537289339913556,0.5716352049388908,-0.2362623115397552,-2.20913107511046,1.3885714285714281,128908783377.25,0.004518072289156683,1,0,0.14457831325301207,1,1,0.054216867469879526,1,1,-0.15286144578313254,0,-1,-0.24021084337349397,0,-1,-0.2018072289156626,0,-1,1.0
2023-08-16,26.7,27.0,26.38,26.72,2369669098.0,TRALT,26.72,26.7,27.0,26.38,0,0.006024096385542244,-0.02977487291212777,-0.02124542124542128,0.03600518466402671,0.045404716205221206,27.121,25.711202,49.02108866666667,-0.4549284659569577,45.02369668246446,0.2854827564849849,0.5144047152481096,-0.2289219587631247,-1.4749262536873253,1.261428571428571,131278452475.25,0.06511976047904189,1,1,0.1684131736526946,1,1,0.0291916167664672,1,1,-0.16167664670658688,0,-1,-0.2140718562874251,0,-1,-0.21107784431137733,0,-1,1.0
2023-08-17,26.913,27.36,26.46,26.6,2663235522.0,TRALT,26.6,26.913,27.36,26.46,0,-0.004491017964071808,0.031807602792862655,-0.030612244897959218,0.035990688850907046,0.04425927072474582,27.079,25.789561999999997,48.95099342857143,-0.45659938365062336,41.95121951219512,0.2335690280595344,0.45823757781039454,-0.22466854975086015,-0.44910179640718084,1.2371428571428564,128615216953.25,0.07969924812030071,1,1,0.11954887218045118,1,1,0.08195488721804511,1,1,-0.16842105263157892,0,-1,-0.2406015037593986,0,-1,-0.1969924812030076,0,-1,1.0
2023-08-18,26.372,26.94,25.36,25.7,2379747967.0,TRALT,25.7,26.372,26.94,25.36,0,-0.03383458646616544,-0.06409322651128924,-0.05166051660516613,0.036662520585475214,0.0445096933910011,27.008999999999997,25.846769999999996,48.875393428571435,-0.47417303069776684,37.25055432372505,0.11843925190786564,0.39027791262988876,-0.2718386607220231,-5.65345080763583,1.2628571428571422,126235468986.25,0.19533073929961087,1,1,0.08015564202334646,1,1,0.1190661478599222,1,1,-0.16731517509727634,0,-1,-0.2571984435797665,0,-1,-0.17354085603112845,0,-1,1.0
2023-08-21,26.091,26.7,25.42,26.5,3041367468.0,TRALT,26.5,26.091,26.7,25.42,0,0.031128404669260812,-0.011194029850746245,0.012223071046600475,0.03656784581429761,0.04365829447474039,27.025,25.917612,48.79128152380952,-0.45687017900793736,46.32516703786192,0.0907057890892311,0.33036348792175724,-0.23965769883252613,-3.07242136064374,1.2542857142857138,129276836454.25,0.15471698113207544,1,1,0.05660377358490565,1,1,0.1132075471698113,1,1,-0.16981132075471694,0,-1,-0.28339622641509443,0,-1,-0.20301886792452828,0,-1,1.0
2023-08-22,27.393,28.28,26.56,27.4,6188069732.0,TRALT,27.4,27.393,28.28,26.56,0,0.03396226415094339,0.031626506024096335,0.07450980392156858,0.036676952125863,0.04312402720559532,27.120000000000005,25.998572,48.714572,-0.4375399623751185,51.42276422764226,0.13973848016762958,0.29223848637093175,-0.15250000620330217,-2.9745042492917873,1.3242857142857136,135464906186.25,0.08175182481751841,1,1,-0.0021897810218978186,0,0,0.03649635036496357,1,1,-0.18321167883211675,0,-1,-0.29525547445255473,0,-1,-0.22554744525547443,0,-1,1.0
2023-08-23,26.993,27.96,26.12,26.12,3083345300.0,TRALT,26.12,26.993,27.96,26.12,0,-0.046715328467153205,-0.022455089820359153,-0.06847360912981448,0.030766982928444517,0.04339843241621876,27.023999999999994,26.03738,48.636826761904764,-0.46295838484967267,47.20149253731344,0.07445368280549403,0.2486815256578442,-0.17422784285235018,-5.15613652868554,1.3599999999999994,132381560886.25,0.16232771822358338,1,1,0.09494640122511488,1,1,0.10796324655436451,1,1,-0.14012251148545174,0,-1,-0.25076569678407357,0,-1,-0.1523736600306279,0,-1,1.0
2023-08-24,26.473,27.12,25.5,26.12,4356015958.0,TRALT,26.12,26.473,27.12,25.5,0,0.0,-0.018045112781954864,-0.0522496371552974,0.03059381397463582,0.04340567611631924,26.951999999999998,26.06791,48.55003152380952,-0.46199828959553946,44.50980392156864,0.022456150025409016,0.2034364505313572,-0.18098030050594818,1.3188518231187052,1.4028571428571424,132381560886.25,0.18376722817764168,1,1,0.07274119448698313,1,1,0.08728943338437967,1,1,-0.13093415007656972,0,-1,-0.2522970903522205,0,-1,-0.12327718223583473,0,-1,1.0
2023-08-25,26.14,26.6,25.62,26.56,2679755059.0,TRALT,26.56,26.14,26.6,25.62,0,0.016845329249617125,0.033463035019455134,-0.04871060171919783,0.030704856107673636,0.0433926852951853,26.883999999999997,26.11394,48.46979342857143,-0.45202984949501124,46.299810246679314,0.016561146849838337,0.16606138979505344,-0.1495002429452151,-3.277494537509107,1.4199999999999997,135061315945.25,0.2349397590361446,1,1,0.0918674698795181,1,1,0.027861445783132543,1,1,-0.12951807228915657,0,-1,-0.25037650602409633,0,-1,-0.14759036144578308,0,-1,1.0
2023-08-28,27.465,27.9,26.82,27.24,4605492087.0,TRALT,27.24,27.465,27.9,26.82,0,0.025602409638554313,0.027924528301886742,-0.027142857142857246,0.03131117599017737,0.043173781921939006,26.845999999999997,26.167264,48.388486285714286,-0.4370561658168246,45.15503875968992,0.06599883784505067,0.1460488794050529,-0.08005004156000223,1.6417910447761086,1.3799999999999997,139666808032.25,0.1600587371512483,1,1,0.03377386196769461,1,1,0.022026431718061623,1,1,-0.1483113069016152,0,-1,-0.29441997063142433,0,-1,-0.16666666666666663,0,-1,1.0
2023-08-29,27.002,27.46,26.5,26.68,2248155566.0,TRALT,26.68,27.002,27.46,26.5,0,-0.0205580029368575,-0.026277372262773713,-0.0176730486008837,0.0309181710566674,0.04278939169259089,26.821999999999996,26.214906,48.30449104761905,-0.4476704045241138,45.776031434184674,0.05930758335018638,0.1287006201940796,-0.06939303684389322,0.45180722891566827,1.3628571428571428,137418652466.25,0.13943028485757125,1,1,0.0494752623688155,1,1,0.051724137931034475,1,1,-0.1206896551724137,0,-1,-0.262743628185907,0,-1,-0.13343328335832083,0,-1,1.0
2023-08-31,28.367,29.3,26.8,28.46,8486226984.0,TRALT,28.46,28.367,29.3,26.8,0,0.06671664167916047,0.08958652373660025,0.04941002949852513,0.03436543760992913,0.04342654452645257,26.889,26.333226000000003,48.22850295238095,-0.4098925270788447,63.137254901960794,0.1953835795909633,0.14203721207345635,0.05334636751750696,6.511976047904189,1.4057142857142857,145904879450.25,0.09697821503865067,1,1,-0.03373155305692199,0,-1,-0.01967673928320457,0,0,-0.20238931834153207,0,-1,-0.3095572733661279,0,-1,-0.15600843288826427,0,-1,1.0
2023-09-01,28.97,30.28,27.56,28.72,10668129140.0,TRALT,28.72,28.97,30.28,27.56,0,0.009135628952916308,0.09954058192955584,0.0748502994011977,0.03413136260934701,0.042452691325431786,26.988999999999997,26.462264,48.15716485714285,-0.40361937657257785,57.175398633257394,0.32050997459908004,0.1777317645785811,0.14277821002049895,7.969924812030071,1.4685714285714286,156573008590.25,0.03690807799442908,1,1,0.002089136490250665,1,0,-0.04805013927576596,0,-1,-0.21866295264623947,0,-1,-0.3112813370473537,0,-1,-0.18384401114206117,0,-1,1.0
2023-09-04,30.258,31.08,29.42,30.72,7616947758.0,TRALT,30.72,30.258,31.08,29.42,0,0.0696378830083566,0.15662650602409633,0.12775330396475781,0.037035293416702,0.04327007191237946,27.163,26.669926,48.08912438095238,-0.36118612273656026,69.36758893280633,0.5744350991826579,0.25707243149939646,0.31736266768326143,19.533073929961088,1.5500000000000003,164189956348.25,-0.09635416666666663,0,-1,-0.06380208333333326,0,-1,-0.11653645833333326,0,-1,-0.25716145833333326,0,-1,-0.36686197916666663,0,-1,-0.21809895833333337,0,-1,0.0
2023-09-05,30.86,31.52,30.34,30.6,6988566116.0,TRALT,30.6,30.86,31.52,30.34,0,-0.003906249999999889,0.12334801762114544,0.11923920994879311,0.037106343695341375,0.04328832912434016,27.326,26.880706,48.0097600952381,-0.36262959991264165,70.20000000000003,0.7572603666007609,0.3571100185196694,0.4001503480810915,15.471698113207545,1.555714285714286,157201390232.25,-0.08496732026143794,0,-1,-0.03594771241830075,0,-1,-0.11176470588235299,0,-1,-0.24248366013071898,0,-1,-0.3594771241830065,0,-1,-0.2261437908496733,0,-1,0.0
2023-09-06,30.438,31.18,29.58,29.64,4031845763.0,TRALT,29.64,30.438,31.18,29.58,0,-0.03137254901960784,0.11094452773613206,0.0495750708215299,0.0374618355203798,0.04352317469033861,27.395999999999997,27.07741,47.931850571428576,-0.381622039486455,63.51851851851854,0.8152885918816004,0.44874573319205563,0.3665428586895448,8.175182481751841,1.6257142857142861,153169544469.25,-0.0775978407557355,0,-1,-0.04183535762483137,0,-1,-0.1390013495276653,0,-1,-0.22807017543859653,0,-1,-0.328272604588394,0,-1,-0.19568151147098523,0,-1,1.0
2023-09-07,30.141,30.78,29.64,30.36,3879891220.0,TRALT,30.36,30.141,30.78,29.64,0,0.02429149797570851,0.06676036542515806,0.10239651416121998,0.03714622903577263,0.043414168392960875,27.537,27.265653999999998,47.862010095238105,-0.3656764532123029,66.49122807017545,0.9088971604989915,0.5407760186534428,0.36812114184554867,16.232771822358337,1.6428571428571435,157049435689.25,-0.05797101449275355,0,-1,-0.04677206851119886,0,-1,-0.19301712779973645,0,-1,-0.23451910408432153,0,-1,-0.32806324110671936,0,-1,-0.22793148880105396,0,-1,0.0
2023-09-08,30.641,31.22,30.02,30.92,5678935377.0,TRALT,30.92,30.641,31.22,30.02,0,0.01844532279314892,0.07660167130919238,0.1993793638479442,0.033420834365786294,0.04342094374010452,27.794,27.390213999999997,47.79318152380952,-0.35304578991887514,73.59855334538881,1.0165517694100679,0.6359311688047679,0.3806206006053,18.37672281776417,1.615714285714286,162728371066.25,-0.09379042690815009,0,-1,-0.08150064683053049,0,-1,-0.24191461836998707,0,-1,-0.239327296248383,0,-1,-0.34023285899094446,0,-1,-0.26261319534282024,0,-1,0.0
2023-09-11,32.77,33.86,31.18,32.8,10231950931.0,TRALT,32.8,32.77,33.86,31.18,0,0.060802069857697205,0.06770833333333326,0.19446467589220662,0.03305147250800118,0.04394794788696222,28.061,27.557498,47.733752952380954,-0.31285520263363376,75.94728171334432,1.2392834228941254,0.7566016196226395,0.4826818032714859,23.493975903614462,1.7342857142857147,172960321997.25,-0.11585365853658525,0,-1,-0.16768292682926822,0,-1,-0.2756097560975609,0,-1,-0.2682926829268292,0,-1,-0.3798780487804878,0,-1,-0.3292682926829268,0,-1,0.0
2023-09-12,32.449,33.92,31.2,31.6,6727178849.0,TRALT,31.6,32.449,33.92,31.2,0,-0.03658536585365846,0.03267973856209161,0.17910447761194037,0.03383037154655804,0.04427829544284035,28.301,27.655061999999997,47.67234819047619,-0.3371419449752858,66.88102893890678,1.3039388958757172,0.8660690748732551,0.4378698210024621,16.005873715124828,1.8014285714285718,166233143148.25,-0.10886075949367091,0,-1,-0.11898734177215198,0,-1,-0.23417721518987344,0,-1,-0.2424050632911392,0,-1,-0.3556962025316456,0,-1,-0.319620253164557,0,-1,0.0
2023-09-13,31.297,32.36,30.06,30.4,4121295139.0,TRALT,30.4,31.297,32.36,30.06,0,-0.03797468354430389,0.02564102564102555,0.14457831325301207,0.03522589210724558,0.044579424550646216,28.492999999999995,27.729414000000002,47.60907676190476,-0.3614662987053533,67.31391585760518,1.2440086949823765,0.9416569988950795,0.30235169608729706,13.943028485757125,1.8342857142857147,162111848009.25,-0.07894736842105254,0,-1,-0.0769736842105263,0,-1,-0.27368421052631586,0,-1,-0.2532894736842105,0,-1,-0.338157894736842,0,-1,-0.2467105263157895,0,-1,0.0
2023-09-14,30.361,31.22,29.68,31.22,6111881619.0,TRALT,31.22,30.361,31.22,29.68,0,0.026973684210526372,0.02832674571805005,0.1684131736526946,0.035494603437781366,0.04350645457506673,28.718,27.820166,47.54800533333333,-0.34340042697620066,69.34749620637331,1.2482912020319503,1.0029838395224537,0.24530736250949658,9.697821503865068,1.828571428571429,168223729628.25,-0.11915438821268409,0,-1,-0.1063420884048687,0,-1,-0.2626521460602178,0,-1,-0.27098014093529776,0,-1,-0.35297885970531706,0,-1,-0.27033952594490707,0,-1,0.0
2023-09-15,30.772,31.38,29.78,29.78,5053132882.0,TRALT,29.78,30.772,31.38,29.78,0,-0.046124279308135785,-0.03686934023285904,0.11954887218045118,0.03745731124340743,0.04396919209890134,28.877,27.88409,47.483867238095236,-0.3728396246523876,61.35401974612132,1.1225491069621647,1.026896893010396,0.0956522139517686,3.690807799442908,1.872857142857143,163170596746.25,-0.033579583613163155,0,-1,-0.0819341840161183,0,-1,-0.22901276024177297,0,-1,-0.2632639355271994,0,-1,-0.32505036937541976,0,-1,-0.23237071860308933,0,-1,0.0
2023-09-18,28.837,30.14,27.68,27.76,3672886652.0,TRALT,27.76,28.837,30.14,27.68,0,-0.0678307588985897,-0.15365853658536577,0.08015564202334646,0.040056768053711556,0.043358908992118805,28.98,27.906432,47.405607714285715,-0.41441526987039334,51.67525773195877,0.8501010369563566,0.9915377217995882,-0.14143668484323157,-9.635416666666663,1.952857142857143,159497710094.25,0.036023054755043304,1,1,-0.022334293948126804,0,-1,-0.16858789625360238,0,-1,-0.2413544668587897,0,-1,-0.28998559077809805,0,-1,-0.12103746397694537,0,-1,0.0
2023-09-19,27.971,28.44,27.5,28.0,3646319071.0,TRALT,28.0,27.971,28.44,27.5,0,0.008645533141210304,-0.11392405063291144,0.05660377358490565,0.039586514372997025,0.043282991590644714,29.055,27.905590000000004,47.3215100952381,-0.408302906148855,54.3421052631579,0.6461021098924746,0.9224505994181655,-0.2763484895256909,-8.496732026143794,1.9514285714285717,163144029165.25,0.0535714285714286,1,1,-0.02928571428571425,0,-1,-0.21571428571428564,0,-1,-0.2478571428571429,0,-1,-0.28821428571428576,0,-1,-0.15785714285714292,0,-1,0.0
2023-09-20,28.182,28.86,27.1,27.34,3778501834.0,TRALT,27.34,28.182,28.86,27.1,0,-0.023571428571428577,-0.10065789473684206,-0.0021897810218978186,0.03934603918379538,0.04338666187949165,29.052,27.88603,47.232324380952385,-0.42115912442739023,46.02272727272726,0.42626133102598374,0.8232127457397292,-0.3969514147137455,-7.759784075573551,1.8900000000000001,159365527331.25,0.038771031455742566,1,1,-0.06656912948061444,0,-1,-0.18800292611558156,0,-1,-0.266276517922458,0,-1,-0.2509144111192392,0,-1,-0.09144111192392101,0,-1,0.0
2023-09-21,27.62,28.6,26.8,28.6,3219428973.0,TRALT,28.6,27.62,28.6,26.8,0,0.04608632040965621,-0.0839205637411915,0.09494640122511488,0.038939574379769595,0.04317851418652303,29.176,27.8964,47.1533481904762,-0.3934683093028697,49.60212201591512,0.3496765460904001,0.7285055058098634,-0.3788289597194633,-5.797101449275354,1.8242857142857143,162584956304.25,0.011888111888111785,1,0,-0.14335664335664344,0,-1,-0.2034965034965035,0,-1,-0.2748251748251749,0,-1,-0.26993006993006996,0,-1,-0.11888111888111896,0,-1,0.0
2023-09-22,28.247,28.8,27.82,28.02,2473148573.0,TRALT,28.02,28.247,28.8,27.82,0,-0.02027972027972036,-0.05910006715916727,0.07274119448698313,0.0393457578933935,0.036874658845734834,29.270999999999997,27.92,47.068121999999995,-0.40469262827184815,40.11713030746706,0.23942149753870012,0.6306887041556307,-0.3912672066169306,-9.379042690815009,1.7257142857142858,160111807731.25,0.013561741613133504,1,0,-0.1634546752319771,0,-1,-0.19842969307637393,0,-1,-0.24411134903640253,0,-1,-0.25267665952890783,0,-1,-0.0956459671663098,0,-1,0.0
2023-09-25,28.668,29.2,28.12,29.0,4239231930.0,TRALT,29.0,28.668,29.2,28.12,0,0.03497501784439683,0.04466858789625361,0.0918674698795181,0.039856764797462654,0.03706494284130131,29.393,27.956400000000002,46.97975295238095,-0.3827128033347763,44.49035812672176,0.22848752505473513,0.5502484683354516,-0.32176094328071647,-11.585365853658525,1.7257142857142858,164351039661.25,-0.05862068965517242,0,-1,-0.18068965517241375,0,-1,-0.21793103448275863,0,-1,-0.29655172413793107,0,-1,-0.28482758620689663,0,-1,-0.16758620689655168,0,-1,0.0
2023-09-26,28.878,29.48,28.0,28.16,3876270715.0,TRALT,28.16,28.878,29.48,28.0,0,-0.0289655172413793,0.005714285714285783,0.03377386196769461,0.040249191858121904,0.03535669306687066,29.439000000000004,27.9492,46.89187438095237,-0.3994695163766224,44.86111111111111,0.15030862894843722,0.4702605004580488,-0.3199518715096116,-10.886075949367092,1.717142857142857,160474768946.25,-0.011363636363636354,0,0,-0.140625,0,-1,-0.20596590909090906,0,-1,-0.2755681818181819,0,-1,-0.26278409090909083,0,-1,-0.1796875,0,-1,0.0
2023-09-27,28.222,28.66,27.86,28.0,2825942388.0,TRALT,28.0,28.222,28.66,27.86,0,-0.005681818181818232,0.024140453547915053,0.0494752623688155,0.039938325765888044,0.035366829909665706,29.505000000000003,27.974800000000002,46.79224819047619,-0.40161028625893314,41.47398843930635,0.07458090545833684,0.3911245814581064,-0.31654367599976957,-7.894736842105255,1.6928571428571428,157648826558.25,0.002142857142857002,1,0,-0.21142857142857152,0,-1,-0.1964285714285714,0,-1,-0.27928571428571425,0,-1,-0.24285714285714288,0,-1,-0.18499999999999994,0,-1,0.0
2023-09-28,27.9,28.42,27.36,27.5,2210503417.0,TRALT,27.5,27.9,28.42,27.36,0,-0.017857142857142905,-0.03846153846153855,-0.03373155305692199,0.0372423089644813,0.03545395439885731,29.457000000000004,27.9788,46.67984342857143,-0.4108806289789735,37.590711175616825,-0.025485896768476124,0.3078024858127899,-0.33328838258126603,-11.91543882126841,1.682857142857143,155438323141.25,0.014545454545454417,1,0,-0.1629090909090909,0,-1,-0.18545454545454554,0,-1,-0.23636363636363633,0,-1,-0.23345454545454547,0,-1,-0.15563636363636368,0,-1,0.0
2023-09-29,28.551,29.42,27.52,28.78,5812891503.0,TRALT,28.78,28.551,29.42,27.52,0,0.04654545454545467,0.02712348322626701,0.002089136490250665,0.038692439856152894,0.03592851300333105,29.46,28.0056,46.554512476190475,-0.38179999168245937,34.7496206373293,-0.00148711336477092,0.24594456597727776,-0.24743167934204868,-3.3579583613163155,1.6100000000000005,161251214644.25,-0.050034746351633075,0,-1,-0.202223766504517,0,-1,-0.23141070187630297,0,-1,-0.29812369701181385,0,-1,-0.2578179291174427,0,-1,-0.22654621264767194,0,-1,0.0
2023-10-02,29.091,29.48,28.64,28.76,3430876366.0,TRALT,28.76,29.091,29.48,28.64,0,-0.0006949270326616075,-0.008275862068965467,-0.06380208333333326,0.035141084007378615,0.035930116349495014,29.362000000000002,28.038799999999995,46.42975295238095,-0.380569609545485,38.16666666666667,0.015736857830322748,0.19990302434788676,-0.184166166517564,3.6023054755043304,1.475714285714286,157820338278.25,-0.05632823365785822,0,-1,-0.1974965229485397,0,-1,-0.25591098748261487,0,-1,-0.336230876216968,0,-1,-0.2614742698191934,0,-1,-0.2273991655076496,0,-1,0.0
2023-10-03,29.179,29.66,28.72,29.5,4097599375.0,TRALT,29.5,29.179,29.66,28.72,0,0.025730180806675884,0.04758522727272729,-0.03594771241830075,0.03570799695730209,0.03545384287235713,29.307,28.1052,46.30344342857143,-0.3628983545142326,46.100519930675915,0.08808342377712819,0.17753910423373506,-0.08945568045660687,5.35714285714286,1.3785714285714288,161917937653.25,-0.07864406779661015,0,-1,-0.255593220338983,0,-1,-0.2542372881355932,0,-1,-0.356271186440678,0,-1,-0.28406779661016945,0,-1,-0.24881355932203386,0,-1,0.0
2023-10-04,29.111,29.72,28.4,28.4,4098924074.0,TRALT,28.4,29.111,29.72,28.4,0,-0.03728813559322042,0.014285714285714235,-0.04183535762483137,0.03599423847923002,0.03578550566690508,29.244999999999997,28.163200000000003,46.15342438095238,-0.38466104344533225,38.07106598984771,0.05601211876363621,0.1532337071397153,-0.09722158837607908,3.8771031455742566,1.3628571428571432,157819013579.25,-0.10140845070422533,0,-1,-0.2183098591549295,0,-1,-0.21197183098591554,0,-1,-0.32007042253521123,0,-1,-0.2528169014084507,0,-1,-0.21971830985915486,0,-1,0.0
2023-10-05,28.638,29.12,27.8,28.94,3582953538.0,TRALT,28.94,28.638,29.12,27.8,0,0.01901408450704234,0.05236363636363639,-0.04677206851119886,0.03581396619108421,0.035842885203814234,29.174,28.181200000000004,46.01269580952381,-0.3710431547023173,46.15384615384615,0.0733236362742744,0.13725169296662712,-0.06392805669235271,1.1888111888111785,1.3428571428571434,161401967117.25,-0.15342087076710442,0,-1,-0.2128541810642709,0,-1,-0.2239115411195577,0,-1,-0.3237733241188666,0,-1,-0.23496890117484448,0,-1,-0.21907394609536968,0,-1,0.0
2023-10-06,28.712,29.02,28.22,28.4,3152767862.0,TRALT,28.4,28.712,29.02,28.22,0,-0.018659295093296557,-0.013203613620569876,-0.08150064683053049,0.03567177759410495,0.03544464815423664,29.048000000000002,28.197999999999997,45.85865533333334,-0.38070578403207445,53.38983050847456,0.04297427094757822,0.11839620856281734,-0.07542193761523912,1.3561741613133504,1.2242857142857149,158249199255.25,-0.17464788732394354,0,-1,-0.20915492957746473,0,-1,-0.20070422535211263,0,-1,-0.3123239436619718,0,-1,-0.19366197183098588,0,-1,-0.22394366197183102,0,-1,0.0
2023-10-09,28.23,28.88,27.08,27.3,2819471028.0,TRALT,27.3,28.23,28.88,27.08,0,-0.03873239436619713,-0.05076495132127956,-0.16768292682926822,0.033055749466814215,0.035790958713498924,28.773000000000003,28.1856,45.670850571428566,-0.4022445463917256,46.601941747572816,-0.06904274486048934,0.08090841787815602,-0.14995116273864534,-5.862068965517242,1.2857142857142863,155429728227.25,-0.12967032967032965,0,-1,-0.1692307692307693,0,-1,-0.15311355311355312,0,-1,-0.27069597069597073,0,-1,-0.17069597069597064,0,-1,-0.22417582417582416,0,-1,0.0
2023-10-10,27.793,28.08,27.4,27.84,2438800006.0,TRALT,27.84,27.793,28.08,27.4,0,0.01978021978021971,-0.05627118644067797,-0.11898734177215198,0.03294806297817225,0.035311189447530346,28.585,28.1824,45.488091047619044,-0.38797167876629957,52.4557956777996,-0.1129416290991685,0.04213840848269112,-0.15508003758185962,-1.1363636363636354,1.2157142857142862,157868528233.25,-0.13074712643678166,0,-1,-0.19683908045977017,0,-1,-0.16666666666666674,0,-1,-0.3096264367816093,0,-1,-0.18462643678160917,0,-1,-0.22413793103448265,0,-1,0.0
2023-10-11,28.203,28.78,27.66,28.06,5257988257.0,TRALT,28.06,28.203,28.78,27.66,0,0.007902298850574585,-0.011971830985915477,-0.0769736842105263,0.03217780812718038,0.034329347975620754,28.467999999999996,28.2004,45.24666485714286,-0.37984379426431225,47.045951859956226,-0.12849840017962322,0.008011046750228252,-0.13650944692985148,0.2142857142857002,1.1671428571428577,163126516490.25,-0.21311475409836067,0,-1,-0.19814682822523166,0,-1,-0.16393442622950816,0,-1,-0.2990021382751247,0,-1,-0.1760513186029935,0,-1,-0.20242337847469705,0,-1,0.0
2023-10-12,28.183,28.92,26.96,27.9,5307500313.0,TRALT,27.9,28.183,28.92,26.96,0,-0.005702066999287214,-0.03593642017968224,-0.1063420884048687,0.03136837765396938,0.034236646660644146,28.302000000000003,28.216000000000005,45.013710095238096,-0.3801888371127293,49.31192660550458,-0.15198591712095677,-0.023988346024008754,-0.127997571096948,1.4545454545454417,1.2371428571428578,157819016177.25,-0.17491039426523292,0,-1,-0.19713261648745517,0,-1,-0.18637992831541217,0,-1,-0.29569892473118287,0,-1,-0.13906810035842287,0,-1,-0.16487455197132606,0,-1,0.0
2023-10-13,27.546,28.06,27.1,27.34,2648485477.0,TRALT,27.34,27.546,28.06,27.1,0,-0.02007168458781361,-0.03732394366197178,-0.0819341840161183,0.030091610719106612,0.03433872371274257,28.179999999999996,28.2284,44.77181247619048,-0.38934792924589934,39.99999999999999,-0.21332814928728894,-0.06185630667666479,-0.15147184261062413,-5.0034746351633075,1.2214285714285718,155170530700.25,-0.16020482809070957,0,-1,-0.19092904169714697,0,-1,-0.1792245793708851,0,-1,-0.27651792245793705,0,-1,-0.14264813460131676,0,-1,-0.19970738844184344,0,-1,0.0
2023-10-16,27.953,28.7,26.98,27.14,6275852976.0,TRALT,27.14,27.953,28.7,26.98,0,-0.007315288953913646,-0.00586080586080584,-0.022334293948126804,0.026094844445726184,0.03431264031974983,28.148999999999994,28.2264,44.496405333333335,-0.39006308944087287,43.34203655352481,-0.2749116286280078,-0.10446737106693339,-0.1704442575610744,-5.632823365785821,1.2385714285714289,148894677724.25,-0.1495946941783346,0,-1,-0.21149594694178342,0,-1,-0.159174649963154,0,-1,-0.28334561532792935,0,-1,-0.11495946941783353,0,-1,-0.2122328666175387,0,-1,0.0
2023-10-17,27.062,27.62,26.62,27.18,2707805050.0,TRALT,27.18,27.062,27.62,26.62,0,0.0014738393515105752,-0.023706896551724088,-0.02928571428571425,0.026007243110360186,0.034011596958649214,28.107999999999997,28.2232,44.18008866666667,-0.3847907321990738,44.56233421750663,-0.31683701411001763,-0.14694129967555025,-0.16989571443446738,-7.8644067796610155,1.2528571428571431,151602482774.25,-0.1920529801324503,0,-1,-0.1905813097866078,0,-1,-0.14716703458425318,0,-1,-0.2788815305371596,0,-1,-0.12877115526122151,0,-1,-0.2178072111846946,0,-1,0.0
2023-10-18,26.421,27.08,25.52,25.52,2308299373.0,TRALT,25.52,26.421,27.08,25.52,0,-0.0610743193524651,-0.09052031361368496,-0.06656912948061444,0.02889897770521592,0.03477988862540532,28.017000000000003,28.168799999999997,43.86976961904762,-0.4182782307359192,38.62068965517241,-0.4784955125462389,-0.213252142249688,-0.2652433702965509,-10.140845070422532,1.2957142857142858,149294183401.25,-0.1300940438871474,0,-1,-0.12304075235109724,0,-1,-0.10344827586206895,0,-1,-0.21982758620689657,0,-1,-0.0658307210031348,0,-1,-0.13636363636363635,0,-1,0.0
2023-10-19,25.299,25.9,24.16,24.5,2433392031.0,TRALT,24.5,25.299,25.9,24.16,0,-0.03996865203761757,-0.12186379928315405,-0.14335664335664344,0.027575538580235846,0.03264812685955225,27.812,28.107999999999997,43.565522,-0.4376286826082332,24.644549763033154,-0.6810656123176742,-0.30681483626328526,-0.3742507760543889,-15.342087076710442,1.2828571428571427,146860791370.25,-0.07020408163265301,0,-1,-0.08326530612244898,0,-1,-0.05142857142857149,0,-1,-0.1673469387755102,0,-1,-0.04326530612244894,0,-1,-0.032653061224489854,0,-1,0.0
2023-10-20,23.821,24.32,23.02,23.44,2155477901.0,TRALT,23.44,23.821,24.32,23.02,0,-0.04326530612244894,-0.14264813460131676,-0.1634546752319771,0.028602916708024676,0.03302937303201203,27.583000000000006,28.0612,43.25742676190476,-0.45812773078211033,21.94092827004218,-0.9165713530238726,-0.4287661396154028,-0.48780521340846983,-17.464788732394354,1.3285714285714285,144705313469.25,-0.04180887372013653,0,-1,-0.03156996587030725,0,-1,0.0034129692832762792,1,0,-0.12969283276450527,0,-1,-0.027303754266211677,0,-1,0.05460750853242313,1,1,0.0
2023-10-23,23.618,24.04,23.24,23.76,1757707908.0,TRALT,23.76,23.618,24.04,23.24,0,0.013651877133105783,-0.12453942520265282,-0.18068965517241375,0.027263444706041442,0.033034064775140294,27.321000000000005,27.987199999999998,42.973498190476185,-0.4471010971765452,18.32229580573953,-1.065112074625322,-0.5560353266173866,-0.5090767480079353,-12.967032967032965,1.3185714285714283,146463021377.25,-0.045454545454545525,0,-1,-0.026936026936026924,0,-1,0.010101010101009944,1,0,-0.14393939393939403,0,-1,-0.07407407407407418,0,-1,0.04040404040404022,1,1,0.0
2023-10-24,24.144,24.4,23.78,24.2,2233795650.0,TRALT,24.2,24.144,24.4,23.78,0,0.01851851851851838,-0.10963944076526855,-0.140625,0.027550531278449166,0.03313599446985949,27.122999999999998,27.9352,42.65155295238095,-0.4326115152942145,24.999999999999986,-1.134252388419899,-0.6716787389778891,-0.46257364944200985,-13.074712643678165,1.2699999999999996,148696817027.25,-0.0760330578512397,0,-1,-0.04132231404958675,0,-1,-0.01074380165289246,0,0,-0.1586776859504132,0,-1,-0.11157024793388426,0,-1,0.012396694214876103,1,0,0.0
2023-10-25,23.764,24.82,22.08,22.08,2273894261.0,TRALT,22.08,23.764,24.82,22.08,0,-0.08760330578512399,-0.13479623824451414,-0.21142857142857152,0.032888116657477755,0.03475900120377571,26.826999999999998,27.8456,42.287838666666666,-0.47786406928844705,15.631262525050062,-1.34461300591229,-0.8062655923647694,-0.5383474135475207,-21.311475409836067,1.3714285714285712,146422922766.25,0.01902173913043481,1,0,0.06250000000000022,1,1,0.028079710144927494,1,1,-0.08876811594202882,0,-1,0.0371376811594204,1,1,0.11050724637681175,1,1,1.0
2023-10-26,22.612,23.3,21.84,23.02,2122960366.0,TRALT,23.02,22.612,23.3,21.84,0,0.042572463768115965,-0.06040816326530618,-0.1629090909090909,0.0349625929930645,0.03525018594433192,26.603,27.7716,41.8600100952381,-0.4500718000873416,24.084778420038532,-1.4191164753902363,-0.9288357689698628,-0.4902807064203736,-17.49103942652329,1.4185714285714284,148545883132.25,-0.026933101650738478,0,-1,-0.013900955690703709,0,0,-0.011294526498696666,0,0,-0.12250217202432667,0,-1,-0.010425716768027726,0,0,0.02953953084274552,1,1,0.0
2023-10-27,22.641,23.02,22.12,22.96,1384156159.0,TRALT,22.96,22.641,23.02,22.12,0,-0.0026064291920069316,-0.020477815699658675,-0.202223766504517,0.03255187888093471,0.03521125395573261,26.312,27.698800000000002,41.427636285714286,-0.4457805933784974,26.76659528907922,-1.4661021967716437,-1.036289054530219,-0.42981314224142464,-16.020482809070955,1.3542857142857139,147161726973.25,-0.03658536585365857,0,-1,-0.022648083623693416,0,-1,-0.04442508710801396,0,-1,-0.12456445993031351,0,-1,-0.004355400696864131,0,0,0.010452961672473782,1,0,0.0
2023-10-30,23.211,23.54,22.84,23.08,1339942586.0,TRALT,23.08,23.211,23.54,22.84,0,0.00522648083623678,-0.028619528619528767,-0.1974965229485397,0.03267452737352537,0.03511262185325664,26.028,27.646400000000003,40.997872,-0.43704395193974954,23.318385650224172,-1.4766340047283393,-1.1243580445698431,-0.35227596015849616,-14.95946941783346,1.3485714285714283,148501669559.25,-0.07279029462738296,0,-1,-0.011265164644713943,0,0,-0.08752166377816295,0,-1,-0.14601386481802414,0,-1,0.05719237435008662,1,1,0.019930675909878737,1,0,0.0
2023-10-31,22.498,23.16,21.96,21.96,1277188523.0,TRALT,21.96,22.498,23.16,21.96,0,-0.048526863084921934,-0.09256198347107436,-0.255593220338983,0.03256922704326055,0.03560909365202278,25.651,27.5556,40.55993866666667,-0.4585790629400689,18.94093686354377,-1.5574024126177335,-1.2109669181794211,-0.34643549443831234,-19.20529801324503,1.3542857142857139,147224481036.25,0.0018214936247722413,1,0,0.05555555555555558,1,1,-0.040983606557377095,0,-1,-0.09244080145719491,0,-1,0.07377049180327866,1,1,0.06830601092896171,1,1,1.0
2023-11-01,21.976,22.56,21.42,22.2,1673381690.0,TRALT,22.2,21.976,22.56,21.42,0,0.010928961748633892,0.005434782608695787,-0.2183098591549295,0.03254963897909864,0.035345122967982166,25.341,27.4516,40.072152952380954,-0.44599931961776595,21.212121212121176,-1.5837890294813057,-1.285531340439798,-0.2982576890415076,-13.00940438871474,1.295714285714285,148897862726.25,0.008108108108108025,1,0,0.03063063063063054,1,1,-0.09639639639639641,0,-1,-0.07747747747747746,0,-1,0.11891891891891904,1,1,0.03153153153153143,1,1,1.0
2023-11-02,22.522,22.92,22.12,22.78,1532106366.0,TRALT,22.78,22.522,22.92,22.12,0,0.026126126126126303,-0.010425716768027726,-0.2128541810642709,0.03293962391616557,0.035433661934694355,25.033,27.3848,39.59776723809524,-0.42471503852660697,27.01612903225805,-1.5401456207051112,-1.3364541964928607,-0.2036914242122505,-7.0204081632653015,1.2842857142857138,150429969092.25,-0.014047410008779626,0,0,0.02019315188762061,1,1,-0.0895522388059703,0,-1,-0.0834064969271292,0,-1,0.10623353819139592,1,1,0.0114135206321333,1,0,0.0
2023-11-03,22.518,22.98,22.1,22.46,1696544069.0,TRALT,22.46,22.518,22.98,22.1,0,-0.014047410008779626,-0.021777003484320545,-0.20915492957746473,0.0329020103605879,0.03454349630639131,24.735999999999997,27.3116,39.08089580952381,-0.42529464755701385,26.693227091633446,-1.5139276153026238,-1.3719488802548134,-0.14197873504781033,-4.180887372013653,1.2242857142857138,148733425023.25,0.010685663401602818,1,0,0.047195013357079096,1,1,-0.05699020480854855,0,-1,-0.06767586821015137,0,-1,0.12822796081923404,1,1,0.0418521816562778,1,1,1.0
2023-11-06,22.72,22.94,22.52,22.68,1448848936.0,TRALT,22.68,22.72,22.94,22.52,0,0.00979519145146912,-0.017331022530329254,-0.1692307692307693,0.03254727222890522,0.03344894786955719,24.505000000000003,27.234,38.544345809523804,-0.4115868482480233,27.984344422700573,-1.4585838490721557,-1.389275874018282,-0.06930797505387365,-4.545454545454552,1.1871428571428566,150182273959.25,0.01940035273368612,1,0,0.05820105820105814,1,1,-0.10052910052910058,0,-1,-0.08553791887125228,0,-1,0.06437389770723101,1,1,0.05379188712522032,1,1,0.0
2023-11-07,22.648,23.06,22.3,22.36,1957933818.0,TRALT,22.36,22.648,23.06,22.3,0,-0.014109347442680775,0.01821493624772308,-0.19683908045977017,0.03186087414684655,0.03336572929437214,24.231,27.1364,37.91559580952381,-0.4102690588767297,32.20720720720719,-1.4241283758252372,-1.3962463743796731,-0.027882001445564075,-7.60330578512397,1.1228571428571423,148224340141.25,0.0375670840787119,1,1,0.07066189624329167,1,1,-0.08765652951699465,0,-1,-0.07155635062611798,0,-1,0.03309481216457977,1,1,0.0402504472271914,1,1,1.0
2023-11-08,22.682,23.08,22.3,22.5,1971478089.0,TRALT,22.5,22.682,23.08,22.3,0,0.0062611806797854275,0.013513513513513598,-0.19814682822523166,0.031813321675714566,0.033373380994971974,23.953,27.052799999999998,37.41366961904762,-0.3986155266484457,37.499999999999986,-1.3697358725597013,-1.3909442740156788,0.021208401455977466,1.9021739130434812,1.0542857142857136,150195818230.25,0.04266666666666663,1,1,0.008888888888888946,1,0,-0.10311111111111115,0,-1,-0.05777777777777782,0,-1,0.014222222222222136,1,0,0.047111111111111104,1,1,1.0
2023-11-09,22.311,22.56,22.08,22.4,1278878072.0,TRALT,22.4,22.311,22.56,22.08,0,-0.004444444444444473,-0.01668129938542595,-0.19713261648745517,0.0318245176910776,0.03335696295543585,23.678,26.9316,36.89448628571429,-0.3928632092467058,42.61363636363634,-1.3194883458125162,-1.3766530883750463,0.057164742562530124,-2.693310165073848,0.9828571428571422,148916940158.25,0.013392857142857206,1,0,0.016071428571428736,1,0,-0.06249999999999989,0,-1,-0.05892857142857144,0,-1,0.03660714285714284,1,1,0.043749999999999956,1,1,1.0
2023-11-10,22.21,22.44,22.06,22.12,1171781779.0,TRALT,22.12,22.21,22.44,22.06,0,-0.012499999999999845,-0.015138023152270752,-0.19092904169714697,0.03174865337716573,0.033381550002014405,23.416999999999998,26.7996,36.29626247619048,-0.39057086071850466,38.28571428571426,-1.2874199035369465,-1.3588064514074265,0.07138654787048004,-3.658536585365857,0.9528571428571423,147745158379.25,0.014466546112115841,1,0,-0.008137432188065064,0,0,-0.08679927667269449,0,-1,-0.034358047016274984,0,-1,0.006329113924050667,1,0,0.04792043399638324,1,1,0.0
2023-11-13,21.915,22.28,21.3,21.4,1354339982.0,TRALT,21.4,21.915,22.28,21.3,0,-0.032549728752260476,-0.0564373897707231,-0.21149594694178342,0.03213353593783565,0.03336152612884169,23.13,26.613200000000003,35.71901485714286,-0.40087933316222,30.76923076923076,-1.3050595011439867,-1.3480570613547387,0.04299756021075196,-7.279029462738295,0.9771428571428569,146390818397.25,0.06635514018691602,1,1,-0.015887850467289688,0,0,-0.10794392523364482,0,-1,-0.00747663551401867,0,0,0.03831775700934581,1,1,0.08504672897196253,1,1,1.0
2023-11-14,21.587,22.1,21.04,22.0,1471702244.0,TRALT,22.0,21.587,22.1,21.04,0,0.028037383177570208,-0.01610017889087656,-0.1905813097866078,0.03322021510789962,0.033311070301085086,22.871,26.4412,35.17101961904762,-0.37448500958199604,49.30555555555557,-1.2561439778886019,-1.3296744446615114,0.07353046677290953,0.18214936247722413,0.8571428571428569,147862520641.25,0.053636363636363704,1,1,-0.042727272727272836,0,-1,-0.13681818181818184,0,-1,-0.039999999999999925,0,-1,0.0072727272727273196,1,0,0.05909090909090908,1,1,0.0
2023-11-15,22.399,22.6,22.24,22.38,1627008113.0,TRALT,22.38,22.399,22.6,22.24,0,0.01727272727272733,-0.005333333333333412,-0.12304075235109724,0.031450097910957854,0.033069835206000556,22.714,26.296000000000003,34.62023390476191,-0.3535572272109434,43.84615384615383,-1.1731914285815215,-1.2983778414455134,0.1251864128639919,0.8108108108108025,0.7957142857142855,149489528754.25,0.022341376228775633,1,1,-0.10366398570151925,0,-1,-0.1371760500446828,0,-1,-0.05183199285075957,0,-1,-0.009830205540661274,0,0,0.02502234137622894,1,1,0.0
2023-11-16,22.458,22.68,22.24,22.46,1098148059.0,TRALT,22.46,22.458,22.68,22.24,0,0.0035746201966042612,0.00267857142857153,-0.08326530612244898,0.03047123410318107,0.03257216671744349,22.612000000000002,26.137999999999998,34.15296247619048,-0.34237037224346656,45.21072796934866,-1.0884486457502582,-1.2563920023064625,0.1679433565562043,-1.4047410008779626,0.7628571428571428,150587676813.25,0.034728406055209105,1,1,-0.07658058771148724,0,-1,-0.128673196794301,0,-1,-0.014247551202137165,0,0,0.006233303650934996,1,0,-0.022261798753339224,0,-1,0.0
2023-11-17,22.529,22.7,22.3,22.7,1162385892.0,TRALT,22.7,22.529,22.7,22.3,0,0.010685663401602818,0.026220614828209587,-0.03156996587030725,0.029161364054732308,0.03261241046138966,22.575,25.9736,33.66041485714286,-0.3256173432104038,46.44194756554308,-0.9905054552613741,-1.203214692897445,0.21270923763607086,1.0685663401602818,0.7414285714285713,151750062705.25,0.03612334801762107,1,1,-0.06696035242290743,0,-1,-0.13964757709251097,0,-1,0.008810572687224738,1,0,-0.029074889867841458,0,-1,-0.05638766519823779,0,-1,0.0
2023-11-20,23.161,23.48,22.94,23.12,1576355439.0,TRALT,23.12,23.161,23.48,22.94,0,0.018502202643171817,0.08037383177570101,-0.026936026936026924,0.029311047210062172,0.03262917194667842,22.543,25.78,33.18281485714286,-0.303253804731902,62.49999999999999,-0.8689772523967321,-1.1363672047973026,0.2673899524005705,1.9400352733686121,0.7114285714285715,153326418144.25,0.03806228373702414,1,1,-0.11764705882352955,0,-1,-0.13884083044982698,0,-1,-0.02076124567474047,0,-1,-0.08391003460207613,0,-1,-0.08737024221453282,0,-1,0.0
2023-11-21,23.196,23.48,22.94,23.2,1330326138.0,TRALT,23.2,23.196,23.48,22.94,0,0.0034602076124565784,0.05454545454545445,-0.04132231404958675,0.028976281603125792,0.03243885672696086,22.493,25.612,32.657576761904764,-0.2895982402753494,61.16071428571428,-0.7574782073899975,-1.0605894053158416,0.30311119792584407,3.75670840787119,0.6685714285714288,154656744282.25,0.03189655172413808,1,1,-0.12068965517241381,0,-1,-0.17155172413793107,0,-1,-0.02155172413793105,0,-1,-0.06896551724137923,0,-1,-0.09310344827586203,0,-1,0.0
2023-11-22,23.259,23.58,23.06,23.46,2030745230.0,TRALT,23.46,23.259,23.58,23.06,0,0.011206896551724244,0.04825737265415553,0.06250000000000022,0.02083943638443341,0.03239254073152162,22.562,25.4732,32.15352438095238,-0.2703754735546935,58.17307692307692,-0.6407484347221626,-0.9766212111971058,0.3358727764749432,4.266666666666663,0.6485714285714287,156687489512.25,-0.03239556692242118,0,-1,-0.13981244671781756,0,-1,-0.16155157715260016,0,-1,-0.01449275362318836,0,0,-0.04603580562659859,0,-1,-0.09633418584825237,0,-1,0.0
2023-11-23,23.184,23.5,22.5,22.7,1328835381.0,TRALT,22.7,23.184,23.5,22.5,0,-0.03239556692242118,0.010685663401602818,-0.013900955690703709,0.020122904753387214,0.031359156274881055,22.546,25.3028,31.635841047619046,-0.28245941159486165,52.6086956521739,-0.6026182887889853,-0.9018206267154817,0.2992023379264964,1.3392857142857206,0.6571428571428574,155358654131.25,0.002643171806167466,1,0,-0.07488986784140961,0,-1,-0.13436123348017626,0,-1,0.058149779735682916,1,1,0.026431718061673992,1,1,-0.053744493392070436,0,-1,0.0
2023-11-24,22.396,22.76,22.12,22.44,1104331515.0,TRALT,22.44,22.396,22.76,22.12,0,-0.011453744493391982,-0.011453744493391982,-0.022648083623693416,0.02026825099555684,0.031333700026144565,22.520000000000003,25.156,31.091164857142857,-0.27825155142604263,47.4137931034483,-0.5866175386842052,-0.8387800091092265,0.25216247042502127,1.4466546112115841,0.6685714285714288,154254322616.25,-0.022281639928698804,0,-1,-0.09982174688057044,0,-1,-0.11853832442067735,0,-1,0.04456327985739761,1,1,-0.024955436720142665,0,-1,-0.035650623885918,0,-1,0.0
2023-11-27,22.793,23.08,22.52,22.82,1996306434.0,TRALT,22.82,22.793,23.08,22.52,0,0.01693404634581097,-0.012975778546712835,-0.011265164644713943,0.020621929624901666,0.02995363419725417,22.506999999999998,25.057199999999998,30.551291047619046,-0.2530593890637419,54.893617021276604,-0.5370828479903231,-0.7784405768854459,0.24135772889512275,6.635514018691602,0.6600000000000001,156250629050.25,-0.07712532865907107,0,-1,-0.16345311130587203,0,-1,-0.1476774758983348,0,-1,0.05258545135845738,1,1,-0.06310254163014906,0,-1,-0.04382120946538126,0,-1,0.0
2023-11-28,23.01,23.3,22.76,23.18,1881456682.0,TRALT,23.18,23.01,23.3,22.76,0,0.015775635407537125,-0.0008620689655172153,0.05555555555555558,0.017492639845929265,0.03006775197296805,22.568,24.9608,29.998583904761908,-0.22729685929206622,56.91056910569105,-0.46343506641545673,-0.7154394747914481,0.25200440837599136,5.36363636363637,0.6428571428571431,158132085732.25,-0.091458153580673,0,-1,-0.18075927523727353,0,-1,-0.15444348576358924,0,-1,0.021570319240724833,1,1,-0.08283002588438304,0,-1,-0.046591889559965405,0,-1,0.0
2023-11-29,23.111,23.5,22.66,22.88,1298473321.0,TRALT,22.88,23.111,23.5,22.66,0,-0.012942191544434878,-0.024722932651321528,0.03063063063063054,0.01772544005864016,0.029878663098608205,22.602,24.871599999999997,29.438122000000003,-0.22277650727855547,54.6875,-0.42438412567827655,-0.6572284049688139,0.2328442792905373,2.2341376228775633,0.6685714285714288,156833612411.25,-0.12325174825174823,0,-1,-0.15603146853146854,0,-1,-0.1298076923076923,0,-1,0.04195804195804209,1,1,-0.036713286713286664,0,-1,-0.05157342657342656,0,-1,0.0
2023-11-30,23.182,23.6,22.78,23.24,1893394526.0,TRALT,23.24,23.182,23.6,22.78,0,0.015734265734265618,0.023788546255506526,0.02019315188762061,0.017112193873519557,0.029762203459707755,22.625,24.764400000000002,28.877336285714286,-0.1952166304377283,60.76923076923074,-0.36023442423828556,-0.5978296088227082,0.23759518458442264,3.4728406055209105,0.7000000000000001,158727006937.25,-0.10757314974182441,0,-1,-0.15791738382099818,0,-1,-0.1222030981067126,0,-1,0.008605851979346157,1,0,0.019793459552495785,1,0,-0.058519793459552494,0,-1,0.0
2023-12-01,23.456,23.82,23.06,23.52,1556794615.0,TRALT,23.52,23.456,23.82,23.06,0,0.012048192771084487,0.048128342245989275,0.047195013357079096,0.016886626480404763,0.029691797462829014,22.678,24.674399999999995,28.37425533333333,-0.1710795675976976,72.26890756302521,-0.28353326870281137,-0.5349703407987288,0.2514370720959175,3.612334801762107,0.6842857142857144,160283801552.25,-0.09948979591836737,0,-1,-0.1696428571428571,0,-1,-0.13265306122448983,0,-1,-0.030612244897959107,0,-1,0.05102040816326525,1,1,-0.05527210884353739,0,-1,0.0
2023-12-04,24.074,24.54,23.64,24.0,2352888991.0,TRALT,24.0,24.074,24.54,23.64,0,0.020408163265306145,0.051709027169149824,0.05820105820105814,0.017291662598948307,0.028634151325855124,22.744,24.574399999999997,27.867876761904757,-0.1387933783025811,71.55172413793103,-0.1819180241242755,-0.46435987746383817,0.2824418533395627,3.806228373702414,0.6814285714285714,162636690543.25,-0.15000000000000002,0,-1,-0.17041666666666666,0,-1,-0.15249999999999997,0,-1,-0.08333333333333337,0,-1,0.030000000000000027,1,1,-0.06166666666666665,0,-1,0.0
2023-12-05,23.9,24.26,23.58,23.94,1708237238.0,TRALT,23.94,23.9,24.26,23.58,0,-0.0024999999999999467,0.032786885245901676,0.07066189624329167,0.016877866244354348,0.028329003643600217,22.823,24.49,27.367676761904765,-0.12524544161074047,68.05555555555557,-0.10501812567528646,-0.39249152710612784,0.2874734014308414,3.189655172413808,0.6871428571428572,160928453305.25,-0.14786967418546382,0,-1,-0.1971595655806183,0,-1,-0.14954051796157064,0,-1,-0.10192147034252297,0,-1,0.023391812865497075,1,1,-0.09690893901420217,0,-1,0.0
2023-12-06,23.307,24.0,22.64,22.7,1753471419.0,TRALT,22.7,23.307,24.0,22.64,0,-0.05179615705931506,-0.007867132867132809,0.008888888888888946,0.02090123328205891,0.028662408455452537,22.833,24.384,26.876245809523812,-0.15538798979297652,52.189781021897794,-0.142489508649156,-0.3424911234147335,0.20000161476557748,-3.239556692242118,0.7528571428571428,159174981886.25,-0.11101321585903079,0,-1,-0.1334801762114537,0,-1,-0.11365638766519814,0,-1,0.008810572687224738,1,0,0.08017621145374454,1,1,-0.05110132158590308,0,-1,0.0
2023-12-07,22.464,22.88,21.92,22.76,1469102424.0,TRALT,22.76,22.464,22.88,21.92,0,0.002643171806167466,-0.0206540447504302,0.016071428571428736,0.020870321318065925,0.028381098859715778,22.851,24.2892,26.37561961904762,-0.13708188362090779,50.56603773584908,-0.16543729293181997,-0.30708035731815075,0.14164306438633079,0.2643171806167466,0.7928571428571427,160644084310.25,-0.077328646748682,0,-1,-0.1366432337434096,0,-1,-0.11247803163444647,0,-1,0.0008787346221441616,1,0,0.041300527240773155,1,1,-0.08260105448154664,0,-1,0.0
2023-12-08,22.316,22.84,21.9,21.94,1228028311.0,TRALT,21.94,22.316,22.84,21.9,0,-0.03602811950790863,-0.06717687074829926,-0.008137432188065064,0.022286805101190407,0.028161322046140105,22.842000000000002,24.152400000000004,25.88485771428571,-0.1524002085631927,39.649122807017555,-0.2469441063392459,-0.29505310712236976,0.048109000783123856,-2.2281639928698804,0.8042857142857142,159416055999.25,-0.07930720145852332,0,-1,-0.09845031905195989,0,-1,-0.08386508659981773,0,-1,0.0419325432999087,1,1,0.057429352780309806,1,1,-0.027347310847766648,0,-1,0.0
2023-12-11,21.444,21.96,21.06,21.06,1198587092.0,TRALT,21.06,21.444,21.96,21.06,0,-0.040109389243391136,-0.12250000000000005,-0.015887850467289688,0.02291999341280319,0.027322646194304547,22.825,23.9984,25.405336285714288,-0.1710402978667801,33.53846153846155,-0.3781879731816531,-0.31168008033422645,-0.06650789284742664,-7.712532865907107,0.8300000000000001,158217468907.25,-0.09354226020892686,0,-1,-0.07644824311490972,0,-1,-0.06410256410256399,0,-1,0.15859449192782527,1,1,0.11775878442545107,1,1,0.013295346628680038,1,0,0.0
2023-12-12,20.934,21.18,20.64,21.06,1217629459.0,TRALT,21.06,20.934,21.18,20.64,0,0.0,-0.12030075187969935,-0.042727272727272836,0.021915048639684475,0.027276402742597742,22.778,23.8296,24.95854580952381,-0.15620083955517083,30.769230769230774,-0.4767045301301849,-0.34468497029341816,-0.13201955983676672,-9.1458153580673,0.8314285714285715,158217468907.25,-0.09829059829059827,0,-1,-0.06932573599240255,0,-1,-0.05365622032288697,0,-1,0.11965811965811968,1,1,0.11396011396011407,1,1,-0.0047483380816712994,0,0,0.0
2023-12-13,20.518,21.06,20.06,20.06,1275711984.0,TRALT,20.06,20.518,21.06,20.06,0,-0.047483380816714105,-0.11629955947136572,-0.10366398570151925,0.023641354471065246,0.027732661259051192,22.662,23.662799999999997,24.451569619047618,-0.17960276937095332,29.629629629629633,-0.6282294162849631,-0.4013938594917271,-0.22683555679323597,-12.325174825174823,0.8314285714285715,156941756923.25,-0.03738783649052846,0,-1,-0.0074775672981055585,0,0,0.020937188434696052,1,1,0.23828514456630123,1,1,0.14157527417746762,1,1,0.03688933200398803,1,1,0.0
2023-12-14,20.45,20.8,20.1,20.74,1185739769.0,TRALT,20.74,20.45,20.8,20.1,0,0.03389830508474567,-0.08875219683655544,-0.07658058771148724,0.02515662963840908,0.02739649132295732,22.576,23.498799999999996,23.968771999999998,-0.13470744350190322,37.681159420289845,-0.6855411713488486,-0.4582233218631514,-0.22731784948569722,-10.757314974182442,0.8385714285714287,158127496692.25,-0.05641272902603656,0,-1,-0.016393442622950838,0,0,0.0067502410800386325,1,0,0.2150433944069432,1,1,0.1108968177434908,1,1,-0.0077145612343297865,0,0,0.0
2023-12-15,21.028,21.34,20.64,21.18,1244657548.0,TRALT,21.18,21.028,21.34,20.64,0,0.02121504339440694,-0.034639927073837784,-0.06696035242290743,0.0255795082716662,0.027526797100842434,22.5,23.354400000000002,23.944216,-0.11544399699702013,38.21839080459771,-0.6875313934490528,-0.5040849361803317,-0.1834464572687211,-9.948979591836737,0.8428571428571432,159372154240.25,-0.07790368271954673,0,-1,-0.03682719546742219,0,-1,-0.011331444759206777,0,0,0.1964117091595845,1,1,0.10481586402266285,1,1,-0.006610009442870712,0,0,0.0
2023-12-18,20.891,21.5,20.3,20.4,1131586819.0,TRALT,20.4,20.891,21.5,20.3,0,-0.03682719546742219,-0.031339031339031376,-0.11764705882352955,0.026101857863123603,0.027351747150696527,22.363999999999997,23.216400000000004,23.917731,-0.14707628411741902,31.165311653116547,-0.743477790895664,-0.5519635071233981,-0.19151428377226587,-15.000000000000002,0.8900000000000003,158240567421.25,-0.02401960784313717,0,-1,-0.002941176470588225,0,0,0.016666666666666607,1,0,0.18333333333333335,1,1,0.17156862745098045,1,1,0.02941176470588247,1,1,0.0
2023-12-19,20.316,20.52,20.06,20.4,961017518.0,TRALT,20.4,20.316,20.52,20.06,0,0.0,-0.031339031339031376,-0.12068965517241381,0.026047888350351635,0.027185158669171906,22.224,23.0676,23.893709000000005,-0.14621878085147877,32.48587570621471,-0.7788377570900664,-0.5973383571167319,-0.18149939997333453,-14.786967418546382,0.8628571428571432,158240567421.25,-0.05784313725490198,0,-1,-0.0019607843137254832,0,0,0.01764705882352957,1,0,0.13235294117647078,1,1,0.14019607843137272,1,1,0.0372549019607844,1,1,0.0
2023-12-20,20.501,20.9,20.12,20.18,979007952.0,TRALT,20.18,20.501,20.9,20.12,0,-0.010784313725490158,0.005982053838484491,-0.13981244671781756,0.02574195017811783,0.027195343242031784,22.06,22.91,23.867995999999998,-0.15451636576443195,27.95389048991359,-0.8152156479023205,-0.6409138152738496,-0.17430183262847088,-11.10132158590308,0.8600000000000002,157261559469.25,-0.0252725470763131,0,-1,-0.0029732408325073845,0,0,0.050545094152626424,1,1,0.13082259663032714,1,1,0.16749256689791858,1,1,0.08027750247770071,1,1,0.0
2023-12-21,20.403,21.02,19.99,21.0,995159865.0,TRALT,21.0,20.403,21.02,19.99,0,0.04063429137760166,0.012536162005786,-0.07488986784140961,0.027120091036891825,0.027771580841457352,21.975,22.772,23.844904999999997,-0.11930871605485527,33.15508021390376,-0.7690135321808391,-0.6665337586552476,-0.10247977352559157,-7.732864674868201,0.8792857142857144,158256719334.25,-0.06428571428571439,0,-1,-0.03809523809523818,0,-1,0.003809523809523707,1,0,0.10571428571428565,1,1,0.11333333333333329,1,1,0.020952380952381056,1,1,0.0
2023-12-22,20.662,21.08,20.06,20.2,1341862488.0,TRALT,20.2,20.662,21.08,20.06,0,-0.03809523809523818,-0.04627006610009443,-0.09982174688057044,0.02816388130905174,0.02730118113127579,21.863,22.6292,23.8185035,-0.15191985088399862,25.64102564102565,-0.787869270208958,-0.6908008609659897,-0.09706840924296833,-7.930720145852332,0.8792857142857144,156914856846.25,-0.0207920792079207,0,-1,-0.004950495049504844,0,0,0.05742574257425748,1,1,0.10198019801980207,1,1,0.14752475247524766,1,1,0.07326732673267333,1,1,0.0
2023-12-25,19.501,20.08,18.88,19.09,606338113.0,TRALT,19.09,19.501,20.08,18.88,0,-0.05495049504950489,-0.0642156862745098,-0.16345311130587203,0.029776403294072083,0.028027861146908677,21.676499999999997,22.468199999999996,23.792661,-0.19765174647762174,22.59887005649719,-0.8822107256986911,-0.72908283391253,-0.15312789178616104,-9.354226020892686,0.9249999999999999,156308518733.25,0.0188580408590886,1,0,0.03247773703509704,1,1,0.11262441068622309,1,1,0.1639601885804085,1,1,0.21634363541121004,1,1,0.1608171817705606,1,1,1.0
2023-12-26,19.068,19.42,18.64,18.99,1193292480.0,TRALT,18.99,19.068,19.42,18.64,0,-0.005238344683080265,-0.0691176470588235,-0.18075927523727353,0.029242244705710352,0.02770922600831202,21.467,22.3044,23.771639500000003,-0.2011489152862176,25.94033722438394,-0.9540484959462212,-0.7740759663192683,-0.17997252962695287,-9.829059829059828,0.8835714285714287,155115226253.25,0.03212216956292813,1,1,0.04949973670352814,1,1,0.11216429699842045,1,1,0.16692996313849395,1,1,0.22696155871511325,1,1,0.17324907846234883,1,1,1.0
2023-12-27,19.163,19.49,18.52,19.31,1140379828.0,TRALT,19.31,19.163,19.49,18.52,0,0.01685097419694581,-0.04311199207135785,-0.15603146853146854,0.02981145024133502,0.027585096337686764,21.2885,22.1802,23.761972500000002,-0.18735702602130366,28.356336260978665,-0.9739322362148357,-0.8140472202983818,-0.15988501591645388,-3.738783649052846,0.8842857142857145,156255606081.25,0.03107198342827555,1,1,0.06059036768513737,1,1,0.09891248058001034,1,1,0.14759192128430865,1,1,0.18798549974106704,1,1,0.12169860176074576,1,1,1.0
2023-12-28,19.649,19.87,19.27,19.57,1052137655.0,TRALT,19.57,19.649,19.87,19.27,0,0.013464526152252798,-0.0680952380952381,-0.15791738382099818,0.029720447834377894,0.02750890768823824,21.104999999999997,22.0816,23.756857,-0.17623783314434227,34.00809716599191,-0.9576709815966318,-0.8427719725580318,-0.11489900903859995,-5.641272902603656,0.8600000000000002,157307743736.25,0.042411854879918165,1,1,0.0669391926417986,1,1,0.13132345426673475,1,1,0.15482881962187034,1,1,0.12212570260602962,1,1,0.08124680633622883,1,1,1.0
2023-12-29,19.473,19.8,19.16,19.53,1053904077.0,TRALT,19.53,19.473,19.8,19.16,0,-0.0020439448134900173,-0.03316831683168309,-0.1696428571428571,0.029381945893223814,0.027464133071898676,20.9055,22.003400000000003,23.753315,-0.17779897248026222,38.35616438356167,-0.937207936165315,-0.8616591652794885,-0.07554877088582646,-7.790368271954673,0.8414285714285715,156253839659.25,0.04454685099846367,1,1,0.07219662058371745,1,1,0.1725550435227854,1,1,0.12852022529441864,1,1,0.09677419354838701,1,1,0.10803891449052738,1,1,1.0
2024-01-02,19.767,19.96,19.6,19.91,1172445285.0,TRALT,19.91,19.767,19.96,19.6,0,0.019457245263696743,0.04295442640125713,-0.17041666666666666,0.029332858774090715,0.027310020991973962,20.701,21.926399999999997,23.753151000000003,-0.16179541821630328,41.72661870503599,-0.8801818129793482,-0.8653636948194605,-0.01481811815988765,-2.401960784313717,0.8335714285714287,157426284944.25,0.02159718734304361,1,1,0.04168759417378198,1,1,0.13711702661978897,1,1,0.06378704168759408,1,1,0.05976896032144663,1,1,0.07081868407835268,1,1,1.0
2024-01-03,19.799,20.46,19.18,19.22,1517055919.0,TRALT,19.22,19.799,20.46,19.18,0,-0.03465595178302372,0.012111637704054878,-0.1971595655806183,0.029841344847150963,0.027381247476172946,20.465,21.8268,23.753035,-0.1908402442045828,43.674698795180724,-0.8805153995091004,-0.8683940357573885,-0.012121363751711911,-5.784313725490198,0.8535714285714288,155909229025.25,0.0593132154006244,1,1,0.08012486992715928,1,1,0.18106139438085322,1,1,0.12382934443288263,1,1,0.09469302809573366,1,1,0.04578563995837692,1,1,1.0
2024-01-04,19.35,19.69,19.06,19.67,1053054331.0,TRALT,19.67,19.35,19.69,19.06,0,0.02341311134235191,0.018643190056965464,-0.1334801762114537,0.029091851228902833,0.027585081774494064,20.313499999999998,21.7786,23.751473999999998,-0.17184087185494246,41.6536661466459,-0.8348449570522476,-0.8616842200163604,0.026839262964112764,-2.52725470763131,0.845714285714286,156962283356.25,0.022877478393492634,1,1,0.07778342653787473,1,1,0.1753940010167767,1,1,0.1377732587696998,1,1,0.07778342653787473,1,1,0.014234875444839812,1,0,1.0
2024-01-05,19.502,19.68,19.33,19.65,823381472.0,TRALT,19.65,19.502,19.68,19.33,0,-0.0010167768174886849,0.004087889626980035,-0.1366432337434096,0.029041241661081137,0.027591194192144747,20.158,21.711200000000005,23.747645499999997,-0.17254954812257073,37.228714524207014,-0.7911448103176539,-0.8475763380766191,0.056431527758965205,-6.4285714285714395,0.8207142857142861,156138901884.25,0.027989821882951738,1,1,0.07277353689567434,1,1,0.22239185750636148,1,1,0.18575063613231557,1,1,0.09312977099236641,1,1,0.03511450381679393,1,1,1.0
2024-01-08,19.824,19.99,19.69,19.78,1181356951.0,TRALT,19.78,19.824,19.99,19.69,0,0.006615776081425162,0.01280081925243226,-0.09845031905195989,0.028348454177229778,0.027566485931474646,20.05,21.6476,23.740427,-0.16682206263602584,44.194756554307155,-0.737520537972113,-0.825565178055718,0.08804464008360502,-2.07920792079207,0.7592857142857147,157320258835.25,0.016177957532861553,1,0,0.07987866531850352,1,1,0.18503538928210306,1,1,0.10616784630940335,1,1,0.09403437815975724,1,1,0.05055611729019205,1,1,1.0
2024-01-09,19.926,20.36,19.45,19.45,2007782980.0,TRALT,19.45,19.926,20.36,19.45,0,-0.016683518705763456,-0.023103967855349072,-0.07644824311490972,0.02727567095060878,0.02760632947565478,19.9695,21.575,23.734219,-0.1805081094094565,41.62257495590831,-0.7134272130521353,-0.8031375850550015,0.08971037200286625,1.8858040859088598,0.7914285714285718,155312475855.25,0.013367609254498758,1,0,0.09203084832904884,1,1,0.23496143958868898,1,1,0.09922879177377886,1,1,0.12185089974293062,1,1,0.12287917737789211,1,1,1.0
2024-01-10,19.57,19.77,19.39,19.6,1495549508.0,TRALT,19.6,19.57,19.77,19.39,0,0.007712082262210984,0.019771071800208206,-0.06932573599240255,0.027383714883477888,0.027643441191344795,19.8965,21.527800000000003,23.732505,-0.1741284790627875,44.8214285714286,-0.6744546398179416,-0.7774009960075896,0.10294635618964798,3.2122169562928127,0.7628571428571433,156808025363.25,0.016836734693877364,1,0,0.07755102040816331,1,1,0.20816326530612228,1,1,0.08469387755102042,1,1,0.12755102040816335,1,1,0.12040816326530601,1,1,1.0
2024-01-11,20.02,20.24,19.68,19.91,1999873648.0,TRALT,19.91,20.02,20.24,19.68,0,0.015816326530612157,0.012201321809862664,-0.0074775672981055585,0.025599164126424472,0.026770767439668493,19.889000000000003,21.482000000000003,23.730567499999996,-0.16099773003742945,39.29273084479374,-0.6115051349784082,-0.7442218238017534,0.1327166888233452,3.107198342827555,0.7350000000000002,158807899011.25,0.028628829733802208,1,1,0.06579608237066803,1,1,0.1973882471120041,1,1,0.10698141637368153,1,1,0.08990457056755385,1,1,0.1049723756906078,1,1,1.0
2024-01-12,20.078,21.52,19.61,20.4,2098973416.0,TRALT,20.4,20.078,21.52,19.61,0,0.02461074836765431,0.03816793893129766,-0.016393442622950838,0.02502859046502225,0.02658830742710618,19.872,21.4344,23.731277,-0.14037495748753848,52.09205020920501,-0.5161286837795913,-0.698603195797321,0.18247451201772968,4.2411854879918165,0.7985714285714288,160906872427.25,0.0235294117647058,1,1,0.08529411764705896,1,1,0.1490196078431374,1,1,0.16176470588235303,1,1,0.0725490196078431,1,1,0.07352941176470584,1,1,1.0
2024-01-15,20.473,20.68,20.24,20.4,1609714786.0,TRALT,20.4,20.473,20.68,20.24,0,0.0,0.03134479271991908,-0.03682719546742219,0.024502746046105875,0.026050578325837917,19.833,21.3932,23.730410000000003,-0.14034355074353977,67.84741144414161,-0.4355217355892975,-0.6459869037557163,0.2104651681664188,4.454685099846367,0.735714285714286,160906872427.25,0.026470588235294246,1,1,0.12254901960784315,1,1,0.11764705882352944,1,1,0.21176470588235308,1,1,0.08921568627450993,1,1,0.0980392156862746,1,1,1.0
2024-01-16,20.437,20.6,20.28,20.34,2000999207.0,TRALT,20.34,20.437,20.6,20.28,0,-0.002941176470588225,0.04575835475578405,-0.002941176470588225,0.023067168063690704,0.025969851953834625,19.830000000000002,21.3464,23.732888499999998,-0.14296146463587855,68.59504132231402,-0.37219125782665685,-0.5912277745699044,0.21903651674324753,2.159718734304361,0.7028571428571431,158905873220.25,0.019665683382497523,1,0,0.11307767944936087,1,1,0.08161258603736488,1,1,0.21533923303834812,1,1,0.10717797443461152,1,1,0.13077679449360868,1,1,1.0
2024-01-17,20.483,20.68,20.18,20.36,1770810334.0,TRALT,20.36,20.483,20.68,20.18,0,0.000983284169124854,0.03877551020408143,-0.0019607843137254832,0.023067973013219067,0.02583047631591015,19.828,21.306400000000004,23.730836,-0.14204455333979804,65.76576576576574,-0.3167364247325466,-0.5363295046024328,0.2195930798698862,5.93132154006244,0.6692857142857146,160676683554.25,0.01964636542239706,1,0,0.11493123772102165,1,1,0.055992141453831135,1,1,0.20333988212180754,1,1,0.06188605108055012,1,1,0.14243614931237736,1,1,1.0
2024-01-18,20.333,20.58,20.1,20.12,1260334325.0,TRALT,20.12,20.333,20.58,20.1,0,-0.011787819253438081,0.010547463586137562,-0.0029732408325073845,0.02309410163155208,0.023332426136008933,19.825,21.2588,23.7225585,-0.15186213999640896,58.30815709969788,-0.2888246731661326,-0.48682853831517275,0.19800386514904017,2.2877478393492634,0.6607142857142857,159416349229.25,0.05367793240556651,1,1,0.14910536779324057,1,1,0.1381709741550694,1,1,0.2186878727634194,1,1,0.07057654075546704,1,1,0.14512922465208744,1,1,1.0
2024-01-19,20.193,20.36,20.04,20.2,1160549130.0,TRALT,20.2,20.193,20.36,20.04,0,0.00397614314115291,-0.009803921568627416,-0.03809523809523818,0.021074741304220584,0.022624298871957906,19.785,21.2148,23.718030999999996,-0.1483272789381208,59.99999999999996,-0.25728327609083834,-0.4409194858703059,0.18363620977946754,2.7989821882951738,0.6378571428571428,160576898359.25,0.0435643564356436,1,1,0.18910891089108905,1,1,0.12772277227722784,1,1,0.1732673267326732,1,1,0.03366336633663369,1,1,0.13762376237623775,1,1,1.0
2024-01-22,20.312,20.54,20.04,20.1,1281277452.0,TRALT,20.1,20.312,20.54,20.04,0,-0.004950495049504844,-0.014705882352941013,-0.004950495049504844,0.019292040692026342,0.0226275265130897,19.779999999999998,21.174400000000002,23.716057999999997,-0.15247297843511753,53.094462540716634,-0.23761656013622812,-0.40025890072349035,0.16264234058726224,1.6177957532861553,0.6428571428571429,159295620907.25,0.06268656716417897,1,1,0.1661691542288557,1,1,0.13731343283582076,1,1,0.1542288557213929,1,1,0.06169154228855711,1,1,0.13830845771144262,1,1,1.0
2024-01-23,20.143,20.42,19.67,19.71,1252504543.0,TRALT,19.71,20.143,20.42,19.67,0,-0.0194029850746269,-0.030973451327433565,0.03247773703509704,0.015165881863973017,0.02271817031987944,19.811,21.1406,23.7114455,-0.16875586517911778,58.844765342960315,-0.25061139452920855,-0.370329399484634,0.11971800495542545,1.3367609254498758,0.6049999999999999,158043116364.25,0.07762557077625565,1,1,0.2186707255200404,1,1,0.2379502790461694,1,1,0.1943176052765092,1,1,0.08269913749365809,1,1,0.18315575849822419,1,1,1.0
2024-01-24,19.855,20.1,19.53,19.93,1294001794.0,TRALT,19.93,19.855,20.1,19.53,0,0.011161846778285023,-0.02111984282907664,0.04949973670352814,0.015213773513096532,0.021956860752076417,19.858,21.0992,23.704681500000003,-0.15923780709730284,55.11811023622043,-0.24038670472850754,-0.34434086053340873,0.1039541558049012,1.6836734693877364,0.6007142857142854,159337118158.25,0.05970898143502268,1,1,0.18815855494229794,1,1,0.18314099347716994,1,1,0.17711991971901653,1,1,0.051680883090817975,1,1,0.13597591570496737,1,1,1.0
2024-01-25,20.312,20.56,20.04,20.48,1621042117.0,TRALT,20.48,20.312,20.56,20.04,0,0.02759658805820364,0.017892644135188762,0.06059036768513737,0.015919553434686273,0.022219045938260643,19.9165,21.0612,23.702441,-0.1359539719980739,63.5179153094463,-0.18576181437492423,-0.31262505130171186,0.12686323692678764,2.862882973380221,0.6207142857142853,160958160275.25,0.0361328125,1,1,0.1640625,1,1,0.212890625,1,1,0.1181640625,1,1,0.015625,1,0,0.13671875,1,1,1.0
2024-01-26,20.683,20.92,20.34,20.88,1863139639.0,TRALT,20.88,20.683,20.92,20.34,0,0.01953125,0.03366336633663369,0.0669391926417986,0.016183720320141568,0.0220980731231133,19.982,21.029600000000002,23.701412,-0.11903982766933896,66.46706586826348,-0.10893875994547741,-0.271887793030465,0.1629490330849876,2.35294117647058,0.6378571428571426,162821299914.25,0.06034482758620707,1,1,0.12260536398467448,1,1,0.2068965517241379,1,1,0.10344827586206895,1,1,-0.014367816091954033,0,0,0.11877394636015337,1,1,1.0
2024-01-29,20.977,21.14,20.76,20.94,1760618905.0,TRALT,20.94,20.977,21.14,20.76,0,0.00287356321839094,0.04179104477611939,0.07219662058371745,0.016134425252239716,0.022039329680244583,20.0525,20.9944,23.7012745,-0.11650320745409704,74.26710097719878,-0.04272196505123915,-0.22605462743461985,0.1833326623833807,2.6470588235294246,0.5999999999999996,164581918819.25,0.09360076408786999,1,1,0.08882521489971351,1,1,0.21012416427889202,1,1,0.11747851002865306,1,1,0.0047755491881564804,1,0,0.11174785100286533,1,1,1.0
2024-01-30,20.951,21.2,20.64,20.74,1622750543.0,TRALT,20.74,20.951,21.2,20.64,0,-0.009551098376313405,0.05225773718924387,0.04168759417378198,0.015938031159010654,0.02202133580809162,20.094,20.9468,23.6995455,-0.12487773235988853,68.26923076923076,-0.006310265746048316,-0.18210575509690555,0.17579548935085723,1.9665683382497523,0.6128571428571424,162959168276.25,0.0916104146576664,1,1,0.06075216972034725,1,1,0.16393442622950838,1,1,0.15236258437801342,1,1,0.012536162005786,1,0,0.13018322082931544,1,1,1.0
2024-01-31,20.838,21.04,20.54,20.76,1547341139.0,TRALT,20.76,20.838,21.04,20.54,0,0.0009643201542912649,0.041645760160561984,0.08012486992715928,0.013394051429713312,0.02195801494109984,20.171,20.898000000000003,23.696931499999994,-0.12393720680671227,65.017667844523,0.023884772350566408,-0.14090764960741117,0.16479242195797758,1.964636542239706,0.6028571428571426,164506509415.25,0.09344894026974937,1,1,0.035645472061657024,1,1,0.11271676300578037,1,1,0.12042389210019278,1,1,0.019267822736030782,1,0,0.1329479768786126,1,1,1.0
2024-02-01,21.193,21.42,20.78,21.2,2274960558.0,TRALT,21.2,21.193,21.42,20.78,0,0.021194605009633882,0.03515625,0.07778342653787473,0.013232559091764882,0.022125671995196865,20.247500000000002,20.8528,23.6941525,-0.10526447400893546,64.38848920863312,0.08236937744220896,-0.09625224419748715,0.1786216216396961,5.367793240556651,0.5135714285714285,166781469973.25,0.09056603773584904,1,1,0.08018867924528306,1,1,0.07641509433962268,1,1,0.11132075471698122,1,1,0.028301886792452935,1,1,0.09339622641509426,1,1,1.0
2024-02-02,21.407,21.84,20.96,21.08,1798742091.0,TRALT,21.08,21.407,21.84,20.96,0,-0.005660377358490565,0.00957854406130254,0.07277353689567434,0.013362274705666343,0.022129671571223322,20.319,20.8204,23.689591500000002,-0.1101577247543506,61.724137931034484,0.11767931730099335,-0.05346593189779106,0.1711452491987844,4.35643564356436,0.5449999999999997,164982727882.25,0.13946869070208745,1,1,0.08064516129032273,1,1,0.10151802656546494,1,1,0.1091081593927894,1,1,0.01707779886148031,1,0,0.14611005692599632,1,1,1.0
2024-02-05,21.265,21.38,21.1,21.36,1457894514.0,TRALT,21.36,21.265,21.38,21.1,0,0.013282732447817969,0.02005730659025784,0.07987866531850352,0.013523577715743588,0.02214831986284281,20.398000000000003,20.7988,23.686529,-0.09822160942196301,66.34615384615384,0.1663389075914843,-0.009504963999935986,0.1758438715914203,6.2686567164178975,0.5435714285714283,166440622396.25,0.09737827715355807,1,1,0.0702247191011236,1,1,0.042134831460674205,1,1,0.08520599250936334,1,1,0.014981273408239737,1,0,0.13764044943820242,1,1,1.0
2024-02-06,21.254,21.46,21.08,21.24,1997855512.0,TRALT,21.24,21.254,21.46,21.08,0,-0.005617977528089901,0.024108003857280513,0.09203084832904884,0.0128449066170731,0.02175384599610769,20.487499999999997,20.7672,23.680501500000002,-0.10305953613355712,63.6645962732919,0.19299426855877044,0.0309948825118053,0.16199938604696515,7.762557077625565,0.5349999999999999,164442766884.25,0.13088512241054628,1,1,0.1487758945386064,1,1,0.04613935969868166,1,1,0.09322033898305082,1,1,0.043314500941619594,1,1,0.04143126177024503,1,1,1.0
2024-02-07,21.337,21.6,21.08,21.12,2208156143.0,TRALT,21.12,21.337,21.6,21.08,0,-0.005649717514124131,0.01734104046242768,0.07755102040816331,0.013014839284723018,0.021453498453388786,20.563499999999998,20.726,23.675746,-0.10794785515945304,66.12903225806451,0.20210608391994,0.06521712279343225,0.13688896112650775,5.970898143502268,0.5378571428571431,162234610741.25,0.1212121212121211,1,1,0.11647727272727249,1,1,0.04924242424242431,1,1,0.10321969696969702,1,1,0.05492424242424243,1,1,0.10511363636363624,1,1,1.0
2024-02-08,21.258,21.44,21.12,21.22,1566257781.0,TRALT,21.22,21.258,21.44,21.12,0,0.004734848484848397,0.0009433962264151496,0.06579608237066803,0.012709616976582575,0.021338690331754617,20.628999999999998,20.6928,23.665578499999995,-0.10333905423017642,66.34615384615384,0.21491897534057003,0.0951574933028598,0.11976148203771023,3.61328125,0.5378571428571431,163800868522.25,0.12346842601319508,1,1,0.17059377945334586,1,1,0.04429783223374173,1,1,0.08105560791705946,1,1,0.020735155513666337,1,1,0.1545711592836947,1,1,1.0
2024-02-09,21.999,22.44,21.34,22.14,4368538515.0,TRALT,22.14,21.999,22.44,21.34,0,0.043355325164938785,0.050284629981024676,0.08529411764705896,0.01487330290328448,0.022077709976727714,20.716,20.6708,23.6615875,-0.06430623050968154,75.8883248730964,0.29589865978304886,0.1353057265988976,0.16059293318415124,6.034482758620707,0.5892857142857147,168169407037.25,0.05871725383920512,1,1,0.1382113821138211,1,1,0.020776874435411097,1,1,-0.008130081300812941,0,0,-0.0442637759710931,0,-1,0.10117434507678413,1,1,1.0
2024-02-12,22.763,23.1,22.42,22.9,2370466805.0,TRALT,22.9,22.763,23.1,22.42,0,0.03432700993676585,0.07209737827715346,0.12254901960784315,0.016276958904431916,0.022478915978468735,20.841,20.6584,23.664155499999996,-0.032291686893284544,87.0069605568445,0.41659899762506925,0.19156438080413196,0.22503461682093728,9.360076408786998,0.6042857142857149,170539873842.25,-0.004366812227074135,0,0,0.10655021834061151,1,1,-0.03755458515283838,0,-1,-0.06462882096069855,0,-1,-0.055021834061135255,0,-1,0.046288209606986985,1,1,0.0
2024-02-13,23.019,23.62,22.52,22.64,3182347991.0,TRALT,22.64,23.019,23.62,22.52,0,-0.011353711790392906,0.06591337099811678,0.11307767944936087,0.016623045640663105,0.02240165684090303,20.956,20.6312,23.6683795,-0.04344951034776168,81.14942528735632,0.48567648171639277,0.25038680098658417,0.2352896807298086,9.16104146576664,0.6421428571428578,167357525851.25,-0.028268551236749095,0,-1,0.06625441696113077,1,1,-0.06448763250883394,0,-1,-0.06802120141342749,0,-1,-0.05830388692579502,0,-1,0.014134275618374659,1,0,0.0
2024-02-14,22.508,22.7,22.26,22.7,1271537579.0,TRALT,22.7,22.508,22.7,22.26,0,0.0026501766784452485,0.07481060606060597,0.11493123772102165,0.01660337299750782,0.02239971849253062,21.073,20.606399999999997,23.682658,-0.04149272433862794,78.75647668393782,0.5390485677512942,0.3081191543395262,0.23092941341176798,9.344894026974938,0.6285714285714291,168629063430.25,-0.052863436123347984,0,-1,0.017621145374449476,1,0,-0.048458149779735615,0,-1,-0.07312775330396482,0,-1,-0.1145374449339206,0,-1,0.023788546255506526,1,1,0.0
2024-02-15,23.078,23.44,22.66,23.12,2253256576.0,TRALT,23.12,23.078,23.44,22.66,0,0.018502202643171817,0.08953817153628663,0.14910536779324057,0.016314363985968562,0.022481861403073483,21.223,20.6148,23.701697,-0.024542419895081657,78.86597938144331,0.6082255745563998,0.3681404383829009,0.24008513617349891,9.056603773584904,0.6428571428571433,170882320006.25,-0.009515570934256146,0,0,-0.012975778546712835,0,0,-0.032006920415225015,0,-1,-0.08304498269896199,0,-1,-0.1371107266435987,0,-1,0.015570934256055269,1,0,0.0
2024-02-16,23.656,24.2,23.2,24.02,3964754899.0,TRALT,24.02,23.656,24.2,23.2,0,0.03892733564013828,0.08491418247515803,0.18910891089108905,0.017769396291036448,0.022624657663176118,21.413999999999998,20.64,23.728783000000004,0.012272732234097194,82.62711864406779,0.7272876103774202,0.43996987278180477,0.2873177375956154,13.946869070208745,0.6928571428571433,174847074905.25,-0.051623646960865854,0,-1,-0.033305578684429626,0,-1,-0.029975020815986686,0,-1,-0.10574521232306411,0,-1,-0.15320566194837637,0,-1,0.004163197335553814,1,0,0.0
2024-02-19,23.998,24.42,23.32,23.44,2145734588.0,TRALT,23.44,23.998,24.42,23.32,0,-0.024146544546211457,0.02358078602620095,0.1661691542288557,0.019027693114738356,0.022803575452574835,21.581,20.67,23.758240499999996,-0.01339495237452426,76.47058823529417,0.7660138480106689,0.5051786678275776,0.26083518018309126,9.737827715355806,0.7314285714285721,172701340317.25,-0.024744027303754357,0,-1,-0.05034129692832767,0,-1,-0.06655290102389089,0,-1,-0.07679180887372017,0,-1,-0.11348122866894195,0,-1,0.024744027303754246,1,1,0.0
2024-02-20,23.821,24.12,23.54,24.02,1986742699.0,TRALT,24.02,23.821,24.12,23.54,0,0.024744027303754246,0.06095406360424027,0.2186707255200404,0.018239731252635782,0.022918162823777333,21.7965,20.729200000000002,23.7977415,0.009339478706414273,78.7985865724382,0.8338932211078252,0.5709215784836271,0.26297164262419803,13.088512241054628,0.7442857142857149,174688083016.25,0.01582014987510405,1,0,-0.07493755203996677,0,-1,-0.10990840965861781,0,-1,-0.09159034138218147,0,-1,-0.09075770191507071,0,-1,0.005828476269775118,1,0,0.0
2024-02-21,23.721,24.16,23.42,23.68,1502581742.0,TRALT,23.68,23.721,24.16,23.42,0,-0.014154870940882636,0.043171806167400906,0.18815855494229794,0.0190233296423896,0.022919379490128716,21.983999999999998,20.781599999999997,23.833867499999997,-0.006455834329027632,72.30215827338134,0.8504495023536549,0.6268271632576328,0.22362233909602214,12.12121212121211,0.7500000000000006,173185501274.25,-0.004222972972973027,0,0,-0.06418918918918914,0,-1,-0.10219594594594583,0,-1,-0.06672297297297292,0,-1,-0.07263513513513509,0,-1,0.12162162162162149,1,1,0.0
2024-02-22,23.789,24.1,23.52,23.84,1755838287.0,TRALT,23.84,23.789,24.1,23.52,0,0.006756756756756799,0.03114186851211076,0.1640625,0.018504833042443183,0.022862892407628434,22.152,20.8572,23.872518,-0.0013621520779667495,74.6428571428572,0.8664927483171567,0.6747602802695376,0.19173246804761912,12.346842601319509,0.7285714285714293,174941339561.25,0.04194630872483218,1,1,-0.07046979865771807,0,-1,-0.07550335570469802,0,-1,-0.08976510067114096,0,-1,-0.07718120805369122,0,-1,0.12835570469798663,1,1,0.0
2024-02-23,23.656,23.98,23.36,23.44,1307992046.0,TRALT,23.44,23.656,23.98,23.36,0,-0.016778523489932806,-0.024146544546211457,0.12260536398467448,0.019064511218431644,0.022891687790901092,22.28,20.911199999999997,23.907986,-0.019574463528630126,68.18181818181824,0.8372788498746928,0.7072639941905687,0.13001485568412408,5.871725383920512,0.7514285714285721,173633347515.25,0.07508532423208192,1,1,-0.03583617747440271,0,-1,0.011092150170648463,1,0,-0.06655290102389089,0,-1,-0.06569965870307182,0,-1,0.2235494880546074,1,1,0.0
2024-02-26,23.408,23.76,22.8,22.8,2197083773.0,TRALT,22.8,23.408,23.76,22.8,0,-0.027303754266211677,-0.027303754266211677,0.08882521489971351,0.020465217857044422,0.023115013429389594,22.373,20.943599999999996,23.942323,-0.04771145222625217,62.50000000000004,0.7537946975351595,0.716570134859487,0.037224562675672535,-0.4366812227074135,0.7928571428571435,171436263742.25,0.11140350877192984,1,1,-0.03333333333333344,0,-1,0.08421052631578929,1,1,-0.02543859649122815,0,-1,-0.01754385964912286,0,0,0.23947368421052628,1,1,0.0
2024-02-27,22.406,22.86,21.98,22.0,1508970914.0,TRALT,22.0,22.406,22.86,21.98,0,-0.03508771929824561,-0.08409658617818483,0.06075216972034725,0.02211553526724302,0.023382999527726055,22.436,20.9756,23.971576499999998,-0.08224642630408552,56.35838150289017,0.6159789690920974,0.6964519017060091,-0.08047293261391175,-2.8268551236749095,0.8185714285714288,169927292828.25,0.0972727272727274,1,1,-0.037272727272727235,0,-1,0.12363636363636354,1,1,0.023636363636363678,1,1,0.045454545454545414,1,1,0.19818181818181824,1,1,1.0
2024-02-28,21.917,22.2,21.5,21.5,1134555994.0,TRALT,21.5,21.917,22.2,21.5,0,-0.022727272727272707,-0.09206081081081074,0.035645472061657024,0.022862585103803748,0.023547608558252005,22.473000000000003,20.9976,23.994093,-0.10394612540678239,51.91256830601094,0.46109794003736937,0.6493811093722812,-0.18828316933491185,-5.286343612334798,0.845714285714286,168792736834.25,0.07441860465116279,1,1,0.0046511627906977715,1,0,0.13953488372093026,1,1,0.005581395348837281,1,0,0.08186046511627909,1,1,0.19999999999999996,1,1,1.0
2024-02-29,22.81,23.64,21.48,22.9,5856543200.0,TRALT,22.9,22.81,23.64,21.48,0,0.06511627906976747,-0.03942953020134232,0.08018867924528306,0.02660634890508008,0.024146009184335872,22.558,21.052,24.0254325,-0.046843381487513325,54.87179487179486,0.4461786387547484,0.6087406152487747,-0.16256197649402626,-0.9515570934256146,0.9128571428571429,174649280034.25,-0.00349344978165933,0,0,-0.022707423580786035,0,-1,0.07074235807860263,1,1,-0.05938864628820961,0,-1,0.006113537117903967,1,0,0.11179039301310056,1,1,1.0
2024-03-01,22.86,23.34,22.46,22.78,2945105117.0,TRALT,22.78,22.86,23.34,22.46,0,-0.00524017467248894,-0.028156996587030747,0.08064516129032273,0.026598320868114842,0.02415522537547771,22.643,21.0876,24.053166499999996,-0.05293134689771495,49.162011173184375,0.4198324210688824,0.5709589764127962,-0.15112655534391384,-5.162364696086586,0.9071428571428571,171704174917.25,0.019315188762071944,1,0,0.022827041264266823,1,1,0.04038630377524144,1,1,-0.0834064969271292,0,-1,0.008779631255487308,1,0,0.1035996488147497,1,1,1.0
2024-03-04,23.104,23.56,22.54,22.86,2838648740.0,TRALT,22.86,23.104,23.56,22.54,0,0.0035118525021948788,0.002631578947368318,0.0702247191011236,0.02651263404859772,0.023682010785542808,22.717999999999996,21.1408,24.0738615,-0.05042238446042402,51.57593123209168,0.40078814885267633,0.5369248109007723,-0.13613666204809594,-2.4744027303754357,0.9014285714285712,174542823657.25,-0.026246719160104903,0,-1,-0.04286964129483817,0,-1,0.014873140857392775,1,0,-0.06649168853893261,0,-1,0.0008748906386701893,1,0,0.11898512685914264,1,1,1.0
2024-03-05,24.287,25.14,22.92,24.4,6791994328.0,TRALT,24.4,24.287,25.14,22.92,0,0.0673665791776028,0.10909090909090913,0.1487758945386064,0.029957530658646342,0.024570863663420543,22.876,21.247,24.1000395,0.012446473376112044,60.04728132387708,0.5041490392946493,0.5303696565795477,-0.02622061728489844,1.582014987510405,1.032857142857143,181334817985.25,-0.08934426229508197,0,-1,-0.1237704918032787,0,-1,-0.03524590163934427,0,-1,-0.12540983606557377,0,-1,-0.04426229508196711,0,-1,0.028688524590164022,1,1,0.0
2024-03-06,24.125,24.84,23.34,23.58,4510962976.0,TRALT,23.58,24.125,24.84,23.34,0,-0.03360655737704921,0.09674418604651147,0.11647727272727249,0.031222903898585546,0.025013708703810447,22.999000000000002,21.338799999999996,24.128276,-0.022723380650984004,52.595936794582386,0.5139714003042322,0.5270900053244846,-0.013118605020252416,-0.4222972972973027,1.0842857142857143,176823855009.25,-0.06022052586938076,0,-1,-0.09838846480067842,0,-1,-0.0050890585241729624,0,0,-0.11111111111111105,0,-1,-0.039864291772688576,0,-1,0.03647158608990675,1,1,0.0
2024-03-07,24.334,24.86,23.72,24.84,3148061965.0,TRALT,24.84,24.334,24.86,23.72,0,0.05343511450381677,0.08471615720524017,0.17059377945334586,0.032970807923459695,0.025009819233458463,23.18,21.4494,24.156900500000003,0.028277613678128866,54.44685466377441,0.6163225788695286,0.5449365200334934,0.07138605883603522,4.194630872483218,1.0985714285714288,179971916974.25,-0.10789049919484706,0,-1,-0.11272141706924321,0,-1,-0.0780998389694042,0,-1,-0.1626409017713365,0,-1,-0.0628019323671497,0,-1,-0.0346215780998389,0,-1,0.0
2024-03-08,25.136,25.68,24.6,25.2,3963891349.0,TRALT,25.2,25.136,25.68,24.6,0,0.01449275362318847,0.10623353819139592,0.1382113821138211,0.031977665741108996,0.024738971064187345,23.333000000000002,21.562,24.19033,0.04173857901070388,59.77777777777777,0.7182065782711717,0.579590531681029,0.1386160465901427,7.508532423208192,1.0971428571428572,183935808323.25,-0.10317460317460314,0,-1,-0.059523809523809534,0,-1,-0.08571428571428574,0,-1,-0.18333333333333335,0,-1,-0.07301587301587298,0,-1,-0.06428571428571428,0,-1,0.0
2024-03-11,25.474,25.88,25.08,25.34,2074387352.0,TRALT,25.34,25.474,25.88,25.08,0,0.005555555555555536,0.10848643919510059,0.10655021834061151,0.031322721635594075,0.024631823034254777,23.455,21.6782,24.223622,0.046086336717110266,57.710280373831786,0.8010136253434439,0.623875150413512,0.17713847492993184,11.140350877192983,1.1057142857142856,186010195675.25,-0.1302288871349645,0,-1,-0.024467245461720633,0,-1,-0.0765588003157065,0,-1,-0.16969218626677196,0,-1,-0.08129439621152323,0,-1,-0.10339384372533544,0,-1,0.0
2024-03-12,24.702,25.58,24.08,24.14,1565145517.0,TRALT,24.14,24.702,25.58,24.08,0,-0.04735595895816891,-0.0106557377049179,0.06625441696113077,0.03331541131654515,0.02495780756760061,23.529999999999998,21.7628,24.251505499999997,-0.004597879500717883,52.44161358811041,0.7610360852964391,0.6513073373900975,0.10972874790634157,9.72727272727274,1.1600000000000001,184445050158.25,-0.12261806130903063,0,-1,0.024026512013255896,1,1,-0.009942004971002616,0,0,-0.13007456503728254,0,-1,-0.028997514498757204,0,-1,-0.05219552609776312,0,-1,0.0
2024-03-13,23.68,24.32,23.08,23.1,1599794640.0,TRALT,23.1,23.68,24.32,23.08,0,-0.04308202154101071,-0.02035623409669196,0.017621145374449476,0.03492420777606789,0.025658798979196155,23.55,21.8404,24.270000999999997,-0.04820770299927035,46.407766990291265,0.6380789119229,0.6486616522966581,-0.01058274037375806,7.441860465116279,1.2071428571428573,182845255518.25,-0.06493506493506496,0,-1,0.06060606060606055,1,1,0.006926406926407003,1,0,-0.08398268398268405,0,-1,0.018181818181818077,1,0,-0.051948051948052076,0,-1,0.0
2024-03-14,23.045,23.34,22.6,22.82,1573504778.0,TRALT,22.82,23.045,23.34,22.6,0,-0.0121212121212122,-0.0813204508856683,-0.012975778546712835,0.03480818604470798,0.02567101590174405,23.535,21.9034,24.281529499999998,-0.06019099826475094,46.95481335952848,0.5121372072920884,0.6213567632957442,-0.10921955600365574,-0.349344978165933,1.2157142857142857,181271750740.25,-0.019281332164767795,0,0,0.07449605609114807,1,1,0.03242769500438203,1,1,-0.04469763365468882,0,-1,0.015775635407537125,1,0,-0.024539877300613466,0,-1,0.0
2024-03-15,23.09,23.44,22.76,23.22,1451082167.0,TRALT,23.22,23.09,23.44,22.76,0,0.01752848378615246,-0.07857142857142863,-0.033305578684429626,0.03386192315323514,0.02525730320882372,23.495,21.974800000000002,24.2922005,-0.044137644096919115,52.112676056338024,0.43953744204240053,0.5849928990450755,-0.14545545700267493,1.9315188762071944,1.1957142857142855,182722832907.25,0.003445305770887197,1,0,0.02067183462532296,1,1,0.006890611541774394,1,0,-0.0766580534022393,0,-1,0.040482342807924176,1,1,0.013781223083548788,1,0,0.0
2024-03-18,22.724,23.34,22.14,22.26,1170726611.0,TRALT,22.26,22.724,23.34,22.14,0,-0.04134366925064592,-0.12154696132596676,-0.05034129692832767,0.0346848235549414,0.02534799995346035,23.436,22.0244,24.2900905,-0.08357690145287844,51.287128712871294,0.30106711380355833,0.528207741996772,-0.22714062819321368,-2.6246719160104903,1.2185714285714284,181552106296.25,-0.017070979335130354,0,0,0.04222821203953275,1,1,0.04132973944294682,1,1,-0.02605570530098844,0,-1,0.09164420485175206,1,1,0.07726864330637917,1,1,1.0
2024-03-19,22.268,22.48,22.04,22.22,1141286169.0,TRALT,22.22,22.268,22.48,22.04,0,-0.0017969451931717506,-0.07953603976801993,-0.07493755203996677,0.03411011472366392,0.02423042671732156,23.345999999999997,22.0798,24.2869925,-0.085106976501928,53.73443983402489,0.18595711744772814,0.4597576170869633,-0.27380049963923514,-8.934426229508198,1.2,180410820127.25,-0.03780378037803778,0,-1,0.05940594059405946,1,1,0.045004500450045004,1,1,-0.0027002700270026825,0,0,-0.004500450045004434,0,0,0.08190819081908196,1,1,1.0
2024-03-20,22.434,22.72,22.14,22.16,2018892584.0,TRALT,22.16,22.434,22.72,22.14,0,-0.0027002700270026825,-0.04069264069264078,-0.06418918918918914,0.03401503264420782,0.02421833224322537,23.270000000000003,22.131000000000004,24.283002999999997,-0.08742753110066315,45.54216867469881,0.08886572865102238,0.3855792393997751,-0.29671351074875274,-6.022052586938075,1.087142857142857,178391927543.25,-0.04061371841155226,0,-1,0.05866425992779778,1,1,0.051444043321299704,1,1,0.005415162454873723,1,0,0.05324909747292428,1,1,0.06859205776173294,1,1,1.0
2024-03-21,22.444,22.76,22.04,22.16,1794435375.0,TRALT,22.16,22.444,22.76,22.04,0,0.0,-0.02892199824715158,-0.07046979865771807,0.03394893272132303,0.024150977233449087,23.186,22.176,24.277043,-0.08720349508793135,46.21026894865525,0.011784261888351466,0.3108202438974904,-0.29903598200913895,-10.789049919484706,1.0757142857142858,178391927543.25,-0.005415162454873723,0,0,0.03339350180505418,1,1,0.035198555956678756,1,1,-0.022563176895306847,0,-1,0.10559566787003605,1,1,0.09476534296028882,1,1,1.0
2024-03-22,22.605,23.04,22.1,22.6,2542783421.0,TRALT,22.6,22.605,23.04,22.1,0,0.019855595667870096,-0.02670111972437539,-0.03583617747440271,0.03416009416500765,0.02421380197573668,23.144,22.22,24.269145,-0.06877642372650539,48.47775175644029,-0.013641779158053424,0.24592783928638165,-0.25956961844443505,-10.317460317460315,1.07,180934710964.25,0.04867256637168138,1,1,0.019469026548672552,1,0,-0.02831858407079646,0,-1,-0.06371681415929209,0,-1,0.07876106194690258,1,1,0.07699115044247784,1,1,0.0
2024-03-25,22.58,23.04,21.9,22.04,2096970717.0,TRALT,22.04,22.58,23.04,21.9,0,-0.024778761061946986,-0.009883198562443907,-0.03333333333333344,0.03406336311971988,0.024465682542362185,23.106,22.2528,24.256377500000003,-0.09137298015748652,34.39153439153441,-0.07807936938919369,0.18112639755126658,-0.25920576694046027,-13.02288871349645,0.9885714285714285,178837740247.25,0.12159709618874781,1,1,0.06170598911070768,1,1,-0.028130671506351956,0,-1,-0.01814882032667875,0,0,0.08711433756805809,1,1,0.06987295825771311,1,1,1.0
2024-03-26,21.749,22.34,21.08,21.18,1449638222.0,TRALT,21.18,21.749,22.34,21.08,0,-0.03901996370235927,-0.046804680468046755,-0.037272727272727235,0.034280224604528765,0.024931316565435572,23.064999999999998,22.2696,24.240985000000002,-0.1262731279277638,34.21052631578948,-0.19627885610146478,0.10564534682072031,-0.3019242029221851,-12.261806130903064,0.9714285714285715,177388102025.25,0.16713881019830024,1,1,0.12842304060434362,1,1,-0.0037771482530688516,0,0,0.006610009442870712,1,0,0.08404154863078372,1,1,0.12370160528800755,1,1,1.0
2024-03-27,21.433,21.88,21.06,21.6,1640050188.0,TRALT,21.6,21.433,21.88,21.06,0,0.019830028328611915,-0.025270758122743597,0.0046511627906977715,0.03420388659336727,0.02458811333690491,23.07,22.2944,24.226116,-0.10840020744555168,26.035502958579897,-0.2531442219745976,0.03388743306165672,-0.28703165503625433,-6.493506493506496,0.9385714285714286,179028152213.25,0.13425925925925908,1,1,0.07685185185185195,1,1,-0.02592592592592602,0,-1,-0.06944444444444442,0,-1,0.07592592592592573,1,1,0.1157407407407407,1,1,1.0
2024-03-28,22.223,22.58,21.7,22.38,1976652288.0,TRALT,22.38,22.223,22.58,21.7,0,0.03611111111111098,0.009927797833934937,-0.022707423580786035,0.03186766419310914,0.02482690557445175,23.044,22.339599999999997,24.2165265,-0.075837734201889,30.362116991643447,-0.23258980239400628,-0.01940801402947588,-0.2131817883645304,-1.9281332164767795,0.9314285714285714,181004804501.25,0.0956210902591601,1,1,0.05272564789991052,1,1,-0.05272564789991063,0,-1,-0.10857908847184983,0,-1,0.04915102770330648,1,1,0.05808757819481691,1,1,0.0
2024-03-29,22.84,23.44,22.32,23.3,1740347106.0,TRALT,23.3,22.84,23.44,22.32,0,0.04110813226094745,0.030973451327433565,0.022827041264266823,0.0331760356041692,0.02531785429311202,23.07,22.401600000000002,24.220306500000003,-0.03799731023222197,37.185929648241206,-0.14044500298021845,-0.043615411819624396,-0.09682959116059406,0.3445305770887197,0.9542857142857143,182745151607.25,0.01716738197424883,1,0,0.0034334763948498104,1,0,-0.07811158798283258,0,-1,-0.1270386266094421,0,-1,0.03519313304721039,1,1,0.014592274678111528,1,0,0.0
2024-04-01,22.293,23.08,21.78,21.88,1508985006.0,TRALT,21.88,22.293,23.08,21.78,0,-0.060944206008583746,-0.007259528130671544,-0.04286964129483817,0.03599642595309638,0.02662975330881106,23.021,22.437199999999997,24.218365999999996,-0.09655341735276435,36.18581907090464,-0.1799276244881618,-0.07087785435333188,-0.10904977013482992,-1.7070979335130354,0.9557142857142856,181236166601.25,0.06032906764168189,1,1,0.0594149908592323,1,1,-0.010968921389396646,0,0,-0.05027422303473483,0,-1,0.09780621572212067,1,1,0.0612431444241317,1,1,1.0
2024-04-02,22.138,22.52,21.24,21.38,1802536383.0,TRALT,21.38,22.138,22.52,21.24,0,-0.022851919561243106,0.009442870632672351,-0.1237704918032787,0.0323730011572033,0.026714995191052953,22.869999999999997,22.4706,24.2235815,-0.11738897899965794,38.743455497382186,-0.24869688493469155,-0.10644166046960382,-0.14225522446508773,-3.7803780378037777,0.9585714285714284,179433630218.25,0.10102899906454632,1,1,0.08606173994387278,1,1,0.020579981290926197,1,1,0.021515434985968307,1,1,0.13002806361085129,1,1,0.018709073900841977,1,0,1.0
2024-04-03,21.59,22.02,21.08,21.26,1633155331.0,TRALT,21.26,21.59,22.02,21.08,0,-0.005612722170252438,-0.015740740740740722,-0.09838846480067842,0.03171897510896593,0.026721477614904832,22.753999999999998,22.497200000000003,24.229576499999997,-0.12255998366294163,39.57219251336899,-0.309314432179864,-0.14701621481165586,-0.16229821736820813,-4.061371841155226,0.972857142857143,177800474887.25,0.10348071495766686,1,1,0.09595484477892757,1,1,0.03951081843838189,1,1,0.03292568203198498,1,1,0.249294449670743,1,1,0.0611476952022576,1,1,1.0
2024-04-04,22.027,22.62,21.42,22.04,1946293733.0,TRALT,22.04,22.027,22.62,21.42,0,0.036688617121354516,-0.015192135835567444,-0.11272141706924321,0.030292951902106124,0.02704222851990784,22.614,22.5284,24.2407525,-0.0907873012605529,42.49363867684479,-0.29105963948386204,-0.1758248997460971,-0.11523473973776494,-0.5415162454873723,1.0214285714285716,179746768620.25,0.039019963702359384,1,1,0.04083484573502738,1,1,-0.015426497277676976,0,0,-0.001814882032667886,0,0,0.22050816696914688,1,1,-0.07350272232304889,0,-1,1.0
2024-04-05,23.233,23.8,22.26,23.7,2306579903.0,TRALT,23.7,23.233,23.8,22.26,0,0.07531760435571688,0.01716738197424883,-0.059523809523809534,0.035082645227091126,0.028511550177283435,22.538999999999998,22.5848,24.254513499999998,-0.022862280869908935,58.41121495327101,-0.14101888008404728,-0.16886369581368715,0.02784481572963987,4.867256637168138,1.0614285714285716,182053348523.25,-0.027848101265822822,0,-1,-0.07341772151898729,0,-1,-0.07679324894514772,0,-1,-0.07594936708860767,0,-1,0.21012658227848102,1,1,-0.12827004219409277,0,-1,0.0
2024-04-08,24.068,24.72,23.56,24.72,2609018092.0,TRALT,24.72,24.068,24.72,23.56,0,0.04303797468354431,0.12979890310786102,-0.024467245461720633,0.03650678677981975,0.02897500508492045,22.508000000000003,22.660400000000003,24.2546535,0.019185864683657572,63.102725366876314,0.05950899557203826,-0.12318915753654207,0.18269815310858034,12.159709618874782,1.112857142857143,184662366615.25,-0.05339805825242716,0,-1,-0.1334951456310679,0,-1,-0.10113268608414239,0,-1,-0.09385113268608414,0,-1,0.14320388349514568,1,1,-0.17394822006472477,0,-1,0.0
2024-04-09,24.775,25.06,24.4,24.72,1242756136.0,TRALT,24.72,24.775,25.06,24.4,0,0.0,0.15622076707202992,0.024026512013255896,0.03481144035336464,0.02896621059850496,22.537,22.74,24.2560745,0.019126157449755432,63.50210970464135,0.21593956486871946,-0.05536341305548977,0.2713029779242092,16.713881019830023,1.1185714285714288,184662366615.25,-0.03317152103559873,0,-1,-0.14644012944983809,0,-1,-0.0889967637540453,0,-1,-0.06957928802588997,0,-1,0.06634304207119746,1,1,-0.18608414239482196,0,-1,0.0
2024-04-15,24.569,25.28,24.16,24.5,3154084237.0,TRALT,24.5,24.569,25.28,24.16,0,-0.008899676375404453,0.15239887111947303,0.06060606060606055,0.033300231542063255,0.029009784583710358,22.607,22.8148,24.244965500000003,0.010519070443717471,62.0618556701031,0.31848842041604897,0.01940695363881797,0.299081466777231,13.425925925925908,1.1471428571428572,181508282378.25,-0.050612244897959124,0,-1,-0.1412244897959184,0,-1,-0.11755102040816323,0,-1,-0.050612244897959124,0,-1,0.05306122448979589,1,1,-0.17142857142857137,0,-1,0.0
2024-04-16,24.892,25.32,24.12,24.52,5216661176.0,TRALT,24.52,24.892,25.32,24.12,0,0.0008163265306122547,0.11252268602540827,0.07449605609114807,0.033106510311683,0.02894276124841632,22.692,22.8812,24.234153499999998,0.01179519226863035,60.34482758620689,0.3967989092874191,0.0948853447685382,0.3019135645188809,9.56210902591601,1.165714285714286,186724943554.25,-0.039151712887438905,0,-1,-0.13539967373572592,0,-1,-0.12153344208809136,0,-1,-0.06035889070146816,0,-1,0.03833605220228398,1,1,-0.18923327895595432,0,-1,0.0
2024-04-17,24.513,25.1,23.6,23.7,2534091404.0,TRALT,23.7,24.513,25.1,23.6,0,-0.03344208809135396,0.0,0.02067183462532296,0.03397036322567273,0.02933737369376811,22.716,22.9336,24.2192415,-0.021439213940700808,58.70020964360588,0.3882182506050178,0.1535519259358341,0.2346663246691837,1.716738197424883,1.1914285714285717,184190852150.25,-0.013502109704641385,0,0,-0.09367088607594931,0,-1,-0.11898734177215187,0,-1,-0.030379746835442978,0,-1,0.06075949367088618,1,1,-0.15654008438818567,0,-1,0.0
2024-04-18,23.356,23.92,22.94,23.2,1843739498.0,TRALT,23.2,23.356,23.92,22.94,0,-0.021097046413502074,-0.06148867313915851,0.04222821203953275,0.03290935873042176,0.029486025271751884,22.762999999999998,22.970399999999998,24.2023225,-0.04141431054808897,61.00217864923747,0.337185332827012,0.1902786073140697,0.14690672551294232,6.032906764168189,1.1714285714285715,182347112652.25,-0.0008620689655172153,0,0,-0.0672413793103448,0,-1,-0.08017241379310347,0,-1,-0.01379310344827589,0,0,0.10258620689655173,1,1,-0.1637931034482759,0,-1,0.0
2024-04-19,23.259,23.68,22.86,23.54,1920229833.0,TRALT,23.54,23.259,23.68,22.86,0,0.014655172413793105,-0.047734627831715226,0.05940594059405946,0.03299966078634056,0.02937864062242121,22.829,23.016399999999997,24.186808,-0.02674218110963633,60.65934065934065,0.3204822168148773,0.21631932921423125,0.10416288760064607,10.102899906454631,1.1714285714285715,184267342485.25,-0.0135938827527613,0,0,-0.0730671197960917,0,-1,-0.09345794392523366,0,-1,-0.009345794392523366,0,0,0.06627017841971128,1,1,-0.16312659303313504,0,-1,0.0
2024-04-22,23.775,24.12,23.3,23.46,1692942673.0,TRALT,23.46,23.775,24.12,23.3,0,-0.003398470688190214,-0.04244897959183669,0.05866425992779778,0.033006826505787984,0.029373449369351295,22.894,23.063200000000002,24.163897500000004,-0.02913013101466777,56.428571428571445,0.2973617445339727,0.23252781227817954,0.06483393225579315,10.348071495766686,1.1600000000000004,182574399812.25,-0.006820119352088705,0,0,-0.05797101449275355,0,-1,-0.10656436487638532,0,-1,-0.03495311167945436,0,-1,0.04177323103154307,1,1,-0.14407502131287309,0,-1,0.0
2024-04-24,23.303,23.84,22.88,22.9,1655630983.0,TRALT,22.9,23.303,23.84,22.88,0,-0.023870417732310356,-0.0660685154975531,0.03339350180505418,0.033561959163309465,0.029398694422923834,22.931,23.0968,24.1368075,-0.05124155296842803,47.51243781094526,0.2311863118975488,0.2322595122020534,-0.0010732003045046123,3.9019963702359384,1.148571428571429,180918768829.25,0.0017467248908298316,1,0,-0.05240174672489084,0,-1,-0.09170305676855883,0,-1,0.01659388646288229,1,0,0.0471615720524019,1,1,-0.10567685589519649,0,-1,0.0
2024-04-25,23.087,23.36,22.78,23.04,1466002541.0,TRALT,23.04,23.087,23.36,22.78,0,0.006113537117903967,-0.027848101265822822,0.019469026548672552,0.033320746364910926,0.029316196942160096,22.953,23.1148,24.1116,-0.04444333847608617,58.57988165680474,0.1878729522889806,0.22338220021943886,-0.03550924793045826,-2.784810126582282,1.0814285714285716,182384771370.25,-0.04687499999999989,0,-1,-0.05034722222222221,0,-1,-0.10677083333333337,0,-1,0.01388888888888884,1,0,0.0234375,1,1,-0.1328125,0,-1,0.0
2024-04-26,23.376,23.74,22.98,23.4,1832210229.0,TRALT,23.4,23.376,23.74,22.98,0,0.015625,0.008620689655172376,0.06170598911070768,0.03286611309214101,0.02936836088666435,23.020999999999997,23.1248,24.094399999999997,-0.028819974765920686,65.25679758308158,0.18051493034735344,0.21480874624502178,-0.034293815897668334,-5.339805825242716,1.0442857142857143,184216981599.25,-0.08461538461538454,0,-1,-0.05042735042735047,0,-1,-0.10085470085470083,0,-1,-0.005128205128204999,0,0,-0.029059829059829068,0,-1,-0.14273504273504278,0,-1,0.0
2024-04-29,23.636,23.96,23.22,23.9,2047045049.0,TRALT,23.9,23.636,23.96,23.22,0,0.02136752136752129,0.015293118096856295,0.12842304060434362,0.03149887764501717,0.029428558433712525,23.157000000000004,23.15,24.078000000000003,-0.007392640584766408,68.85714285714285,0.21257898802445752,0.21436279460090896,-0.001783806576451441,-3.3171521035598728,1.03,186264026648.25,-0.11715481171548103,0,-1,-0.057740585774058495,0,-1,-0.12133891213389114,0,-1,-0.019246861924686054,0,0,-0.04267782426778244,0,-1,-0.14309623430962337,0,-1,0.0
2024-04-30,23.627,24.12,23.24,23.26,1614375929.0,TRALT,23.26,23.627,24.12,23.24,0,-0.026778242677824138,-0.008525149190110826,0.07685185185185195,0.032179697854758306,0.02967462498255961,23.240000000000002,23.161199999999997,24.0517,-0.03291659217435772,58.89212827988341,0.18422371711022834,0.20833497910277285,-0.024111261992544514,-5.061224489795912,0.9957142857142861,184649650719.25,-0.09544282029234752,0,-1,-0.07050730868443678,0,-1,-0.09028374892519353,0,-1,0.011177987962166736,1,0,-0.05846947549441117,0,-1,-0.13241616509028387,0,-1,0.0
2024-05-02,23.525,23.74,23.22,23.56,1676579340.0,TRALT,23.56,23.525,23.74,23.22,0,0.012897678417884695,0.02882096069869,0.05272564789991052,0.03137664961454101,0.029604458869580897,23.299,23.17,24.035899999999998,-0.01979954984003096,48.72727272727272,0.18384025736705212,0.20343603475562871,-0.019595777388576596,-3.9151712887438905,0.9071428571428574,186326230059.25,-0.10016977928692694,0,-1,-0.0857385398981324,0,-1,-0.07470288624787769,0,-1,-0.016129032258064502,0,0,-0.055178268251273255,0,-1,-0.12563667232597608,0,-1,0.0
2024-05-03,23.508,23.8,23.2,23.38,1413977275.0,TRALT,23.38,23.508,23.8,23.2,0,-0.007640067911714787,0.01475694444444442,0.0034334763948498104,0.03013227223726439,0.02961445603832936,23.303,23.157200000000003,24.0163,-0.02649450581480084,35.6223175965665,0.16708580591736322,0.19616598898797563,-0.029080183070612414,-1.3502109704641385,0.8671428571428574,184912252784.25,-0.08126603934987164,0,-1,-0.106928999144568,0,-1,-0.08297690333618468,0,-1,0.03336184773310524,1,1,0.006843455945252375,1,0,-0.1154833190761334,0,-1,0.0
2024-05-06,23.385,23.58,23.14,23.18,1070250009.0,TRALT,23.18,23.385,23.58,23.14,0,-0.008554319931565413,-0.009401709401709368,0.0594149908592323,0.026566778680895672,0.029609568931724107,23.368000000000002,23.152,23.995,-0.03396540946030424,34.15637860082303,0.13610057123834807,0.18415290543805013,-0.04805233419970206,-0.08620689655172153,0.8514285714285715,183842002775.25,-0.0664365832614322,0,-1,-0.07937877480586708,0,-1,-0.06471095772217428,0,-1,0.04831751509922344,1,1,0.0345125107851596,1,1,-0.09836065573770492,0,-1,0.0
2024-05-07,23.07,23.38,22.72,23.22,1283551524.0,TRALT,23.22,23.07,23.38,22.72,0,0.0017256255392579245,-0.028451882845188292,0.08606173994387278,0.025856312483159262,0.029593596681179214,23.46,23.136,23.9756,-0.03151537396352966,36.324786324786295,0.1134642697520718,0.17001517830085447,-0.05655090854878267,-1.35938827527613,0.8185714285714286,185125554299.25,-0.06029285099052539,0,-1,-0.08096468561584835,0,-1,-0.04565030146425486,0,-1,-0.04737295434969846,0,-1,0.03531438415159349,1,1,-0.10335917312661491,0,-1,0.0
2024-05-08,23.493,23.76,23.24,23.3,1899374292.0,TRALT,23.3,23.493,23.76,23.24,0,0.003445305770887197,0.0017196904557179593,0.09595484477892757,0.025749932163753188,0.029577488054175455,23.562,23.128400000000003,23.961199999999998,-0.02759461128824925,37.130801687763714,0.10081800198075541,0.15617574303683468,-0.05535774105607927,-0.6820119352088705,0.7714285714285717,187024928591.25,-0.05150214592274671,0,-1,-0.10042918454935623,0,-1,-0.043776824034334694,0,-1,0.0017167381974247942,1,0,0.016309012875536544,1,0,-0.1364806866952789,0,-1,0.0
2024-05-09,23.056,23.44,22.8,22.94,1365458783.0,TRALT,22.94,23.056,23.44,22.8,0,-0.015450643776824036,-0.02631578947368407,0.04083484573502738,0.024990399033820943,0.0296612877074138,23.607,23.1104,23.948400000000003,-0.042107197140518804,41.12149532710282,0.061043085613125214,0.1371492115520928,-0.0761061259389676,0.17467248908298316,0.7100000000000003,185659469808.25,-0.05405405405405417,0,-1,-0.09328683522231906,0,-1,-0.05579773321708814,0,-1,0.06800348735832595,1,1,0.057541412380122114,1,1,-0.11508282476024412,0,-1,0.0
2024-05-10,21.986,22.2,21.8,21.96,1619724577.0,TRALT,21.96,21.986,22.2,21.8,0,-0.042720139494333065,-0.06073567151411452,-0.07341772151898729,0.02034304798879074,0.029695397629643062,23.52,23.0808,23.918000000000003,-0.08186303202608924,36.9747899159664,-0.04899188402661636,0.09992099243635097,-0.14891287646296733,-4.687499999999989,0.7214285714285718,184039745231.25,-0.0036429872495447047,0,0,-0.06284153005464488,0,-1,-0.03642987249544627,0,-1,0.11020036429872482,1,1,0.10837887067395258,1,1,-0.12067395264116587,0,-1,0.0
2024-05-13,21.68,22.06,21.28,21.42,874464279.0,TRALT,21.42,21.68,22.06,21.28,0,-0.024590163934426146,-0.07592752372735112,-0.1334951456310679,0.017619712757202623,0.029524573580236392,23.354999999999997,23.0532,23.8873,-0.10328919551393412,28.629032258064512,-0.17772022908308927,0.044392748132462925,-0.22211297721555218,-8.461538461538453,0.7185714285714287,183165280952.25,0.03734827264239016,1,1,-0.017740429505135547,0,0,0.010270774976657293,1,0,0.11858076563958919,1,1,0.10084033613445365,1,1,-0.11577964519140993,0,-1,0.0
2024-05-14,21.242,21.52,20.96,21.1,1249071293.0,TRALT,21.1,21.242,21.52,20.96,0,-0.014939309056956174,-0.09130060292850983,-0.14644012944983809,0.017624460943641947,0.02955014585857104,23.174,23.0352,23.853199999999998,-0.1154226686566161,27.307692307692292,-0.3020775338528878,-0.02490130826460723,-0.2771762255882806,-11.715481171548102,0.7000000000000001,181916209659.25,0.06729857819905205,1,1,-0.004739336492891044,0,0,0.010426540284360186,1,0,0.08815165876777242,1,1,0.12796208530805675,1,1,-0.11137440758293848,0,-1,0.0
2024-05-15,21.321,21.62,21.04,21.04,889641930.0,TRALT,21.04,21.321,21.62,21.04,0,-0.0028436018957347375,-0.09699570815450653,-0.1412244897959184,0.017655425875907075,0.029547950763824743,23.000999999999998,23.026,23.818399999999997,-0.11664931313606275,30.21276595744679,-0.4008523164063966,-0.10009150989296511,-0.3007608065134315,-9.544282029234752,0.6728571428571429,181026567729.25,0.027566539923954414,1,1,0.005703422053231932,1,0,-0.0446768060836501,0,-1,0.1045627376425855,1,1,0.1454372623574145,1,1,-0.09885931558935357,0,-1,1.0
2024-05-16,21.112,21.38,20.82,21.2,1032745763.0,TRALT,21.2,21.112,21.38,20.82,0,0.0076045627376426506,-0.07585004359197911,-0.13539967373572592,0.017886120088106153,0.029460410879528345,22.835,22.991999999999997,23.788599999999995,-0.10881682822864724,30.50847457627117,-0.4609083162257406,-0.1722548711595202,-0.28865344506622037,-10.016977928692693,0.6714285714285716,182059313492.25,0.016037735849056656,1,0,0.028301886792452935,1,1,-0.05896226415094341,0,-1,0.10754716981132084,1,1,0.11698113207547167,1,1,-0.08915094339622642,0,-1,1.0
2024-05-17,21.304,21.52,21.1,21.48,1731853024.0,TRALT,21.48,21.304,21.52,21.1,0,0.013207547169811429,-0.021857923497267784,-0.09367088607594931,0.01730153833562885,0.02905360459641127,22.723999999999997,22.965999999999998,23.7604,-0.09597481523880069,29.31034482758622,-0.48037203897621694,-0.23387830472285956,-0.24649373425335738,-8.126603934987164,0.6471428571428574,183791166516.25,-0.027932960893854775,0,-1,-0.0018621973929235924,0,0,-0.05307262569832405,0,-1,0.12290502793296088,1,1,0.1005586592178771,1,1,-0.08379888268156432,0,-1,0.0
2024-05-20,21.675,21.84,21.54,21.64,1368290248.0,TRALT,21.64,21.675,21.84,21.54,0,0.007448789571694592,0.010270774976657293,-0.0672413793103448,0.017058797853601725,0.028921279055548952,22.645999999999997,22.941600000000005,23.735,-0.08826627343585414,23.720930232558146,-0.47738353641346976,-0.28257935106098164,-0.1948041853524881,-6.64365832614322,0.62,185159456764.25,-0.013863216266173817,0,0,0.001848428835489857,1,0,-0.03974121996303137,0,-1,0.10998151571164505,1,1,0.07301293900184835,1,1,-0.09473197781885401,0,-1,1.0
2024-05-21,21.863,22.24,21.6,21.82,2492517230.0,TRALT,21.82,21.863,22.24,21.6,0,0.008317929759704246,0.034123222748815074,-0.0730671197960917,0.016763351214608507,0.028751445392828482,22.560000000000002,22.89,23.7079,-0.0796316839534501,31.249999999999986,-0.4552428744464869,-0.3171120557380827,-0.1381308187084042,-6.029285099052539,0.6028571428571424,187651973994.25,-0.021998166819431786,0,-1,0.015582034830430747,1,0,0.0009165902841430373,1,0,0.1072410632447296,1,1,-0.0018331805682859637,0,0,-0.1017415215398716,0,-1,0.0
2024-05-22,22.093,22.32,21.8,22.1,2939411464.0,TRALT,22.1,22.093,22.32,21.8,0,0.012832263978001857,0.050380228136882144,-0.05797101449275355,0.017164330516337978,0.02875638248448689,22.491999999999997,22.8604,23.681699999999996,-0.06678996862556297,30.890052356021002,-0.4103720666439088,-0.3357640579192479,-0.07460800872466089,-5.150214592274671,0.6028571428571424,190591385458.25,-0.05158371040723986,0,-1,0.008144796380090469,1,0,-0.0063348416289592535,0,0,0.20180995475113117,1,1,0.020814479638008976,1,1,-0.09502262443438925,0,-1,0.0
2024-05-23,22.103,22.32,21.66,21.7,1418236188.0,TRALT,21.7,22.103,22.32,21.66,0,-0.018099547511312264,0.02358490566037741,-0.05240174672489084,0.016837585514588874,0.028825412881788918,22.432,22.7976,23.649,-0.08241363271174262,29.20792079207925,-0.402449102506349,-0.34910106683666814,-0.05334803566968088,-5.405405405405417,0.6071428571428567,189173149270.25,-0.041474654377880116,0,-1,-0.0018433179723501558,0,0,0.01382488479262678,1,0,0.23963133640553003,1,1,-0.05898617511520732,0,-1,-0.07281105990783399,0,-1,0.0
2024-05-24,21.711,22.0,21.46,21.88,1026208926.0,TRALT,21.88,21.711,22.0,21.46,0,0.008294930875575979,0.01862197392923637,-0.05034722222222221,0.016903605600650504,0.028776871864500835,22.374000000000002,22.731199999999998,23.620700000000003,-0.07369383633846605,33.8308457711443,-0.37729636305376957,-0.3547401260800884,-0.022556236973681143,-0.36429872495447047,0.6142857142857139,190199358196.25,-0.059414990859232186,0,-1,-0.03290676416819005,0,-1,0.000914076782449813,1,0,0.3107861060329069,1,1,-0.05575868372943327,0,-1,-0.07678244972577697,0,-1,0.0
2024-05-27,22.362,22.62,21.9,22.22,2794451651.0,TRALT,22.22,22.362,22.62,21.9,0,0.015539305301645268,0.026802218114602594,-0.05042735042735047,0.01689879499256015,0.028637847842164457,22.315,22.6688,23.602899999999998,-0.058590257976773974,38.425925925925945,-0.32616762002905375,-0.34902562486988153,0.022858004840827784,3.7348272642390157,0.6199999999999998,192993809847.25,-0.05310531053105305,0,-1,-0.026102610261026005,0,-1,0.008100810081008047,1,0,0.2718271827182719,1,1,-0.08100810081008092,0,-1,-0.10711071107110703,0,-1,0.0
2024-05-28,22.433,22.7,22.08,22.52,2939150913.0,TRALT,22.52,22.433,22.7,22.08,0,0.013501350135013634,0.03208065994500453,-0.057740585774058495,0.01639952671048334,0.02831483748913557,22.246,22.636400000000002,23.578200000000002,-0.0448804404068166,41.40969162995595,-0.25846085418314857,-0.33091267073253494,0.07245181654938637,6.729857819905205,0.6257142857142853,195932960760.25,-0.06749555950266428,0,-1,-0.05328596802841912,0,-1,0.02131438721136769,1,1,0.1705150976909413,1,1,-0.10657193605683835,0,-1,-0.12966252220248664,0,-1,0.0
2024-05-29,22.18,22.66,21.6,21.62,1202484471.0,TRALT,21.62,22.18,22.66,21.6,0,-0.039964476021314366,-0.021719457013574694,-0.07050730868443678,0.017631367808495436,0.028642940539427036,22.163999999999998,22.6068,23.5523,-0.08204294272746182,37.007874015748044,-0.27426369172059495,-0.3195828749301469,0.04531918320955197,2.7566539923954414,0.6557142857142851,194730476289.25,-0.021276595744680882,0,-1,-0.07030527289546717,0,-1,0.07585568917668817,1,1,0.19333950046253467,1,1,-0.06105457909343204,0,-1,-0.0027752081406106077,0,0,0.0
2024-05-30,21.54,21.84,21.32,21.54,1048503040.0,TRALT,21.54,21.54,21.84,21.32,0,-0.0037002775208141436,-0.007373271889400956,-0.0857385398981324,0.01720440693508365,0.027360496932786617,22.063,22.5812,23.527199999999997,-0.08446393961032328,44.976076555023916,-0.28990108646679147,-0.31364651723747583,0.02374543077068436,1.6037735849056656,0.6114285714285709,193681973249.25,0.0120705663881151,1,0,-0.07381615598885793,0,-1,0.0696378830083566,1,1,0.18198700092850517,1,1,-0.07706592386258126,0,-1,-0.006499535747446661,0,0,0.0
2024-05-31,21.294,21.78,20.74,20.88,1574848408.0,TRALT,20.88,21.294,21.78,20.74,0,-0.03064066852367686,-0.04570383912248632,-0.106928999144568,0.018178528017151273,0.027627869076502807,21.938,22.5344,23.498,-0.11141373733934812,43.72093023255812,-0.3514984631315734,-0.32121690641629536,-0.030281556715278046,-2.7932960893854775,0.6299999999999998,192107124841.25,0.026819923371647514,1,1,-0.025862068965517238,0,-1,0.10057471264367823,1,1,0.20402298850574718,1,1,-0.04262452107279702,0,-1,0.01245210727969348,1,0,0.0
2024-06-03,21.003,21.34,20.72,21.34,1166245624.0,TRALT,21.34,21.003,21.34,20.72,0,0.022030651340996243,-0.03960396039603953,-0.07937877480586708,0.019165878358416752,0.027783007416826214,21.845999999999997,22.516,23.471700000000002,-0.09082000877652674,52.70270270270268,-0.3590576788873783,-0.32878506091051196,-0.03027261797686631,-1.3863216266173817,0.6342857142857142,193273370465.25,0.015932521087160145,1,0,-0.026241799437675684,0,-1,0.07216494845360821,1,1,0.19868791002811603,1,1,-0.09090909090909094,0,-1,-0.0009372071227741197,0,0,0.0
2024-06-04,21.506,21.76,21.26,21.34,2018775439.0,TRALT,21.34,21.506,21.76,21.26,0,0.0,-0.052397868561278815,-0.08096468561584835,0.019142853221464744,0.026304745416368774,21.752000000000002,22.4984,23.449900000000003,-0.08997479733389069,53.424657534246585,-0.3608883159736962,-0.3352057119231488,-0.025682604050547397,-2.1998166819431786,0.6285714285714283,193273370465.25,0.03842549203373946,1,1,0.023430178069353325,1,1,0.09278350515463929,1,1,0.17619493908153716,1,1,-0.07685098406747892,0,-1,-0.026241799437675684,0,-1,0.0
2024-06-05,21.05,21.4,20.8,20.96,1669800754.0,TRALT,20.96,21.05,21.4,20.8,0,-0.017806935332708496,-0.03052728954671602,-0.10042918454935623,0.019294941303975115,0.02605981308460123,21.634999999999998,22.474399999999996,23.422199999999997,-0.10512249062854884,47.39130434782611,-0.3885232787510233,-0.3458692252887237,-0.04265405346229961,-5.158371040723986,0.6314285714285711,191603569711.25,0.06297709923664119,1,1,0.04770992366412208,1,1,0.08015267175572527,1,1,0.166030534351145,1,1,-0.041984732824427606,0,-1,0.02767175572519065,1,1,1.0
2024-06-06,21.086,21.36,20.62,20.8,1623349060.0,TRALT,20.8,21.086,21.36,20.62,0,-0.007633587786259555,-0.03435468895078919,-0.09328683522231906,0.019152863604967763,0.025045627474365062,21.528,22.447200000000002,23.389200000000002,-0.1107006652643101,42.4107142857143,-0.41851051991558563,-0.3603974842140961,-0.05811303570148951,-4.147465437788012,0.654285714285714,189980220651.25,0.04134615384615392,1,1,0.05769230769230771,1,1,0.11923076923076925,1,1,0.15288461538461529,1,1,-0.015384615384615441,0,0,0.0923076923076922,1,1,1.0
2024-06-07,20.544,21.06,20.18,20.58,968131663.0,TRALT,20.58,20.544,21.06,20.18,0,-0.01057692307692315,-0.014367816091954033,-0.06284153005464488,0.017025797942157396,0.024963851321171248,21.459,22.406799999999997,23.361499999999996,-0.1190634163046036,38.325991189427306,-0.45478530407681816,-0.37927504818664054,-0.07551025589017762,-5.941499085923219,0.6914285714285712,189012088988.25,0.02818270165208947,1,1,0.06413994169096204,1,1,0.1350826044703597,1,1,0.14577259475218662,1,1,-0.02915451895043719,0,-1,0.11370262390670582,1,1,1.0
2024-06-10,21.481,22.28,20.76,21.04,2798925238.0,TRALT,21.04,21.481,22.28,20.76,0,0.022351797862002032,-0.014058106841612017,-0.017740429505135547,0.01714267196671282,0.02515557657353878,21.44,22.386799999999997,23.3361,-0.09839261916087094,41.90871369294606,-0.44132782381479885,-0.3916856033122722,-0.049642220502526646,-5.310531053105305,0.7671428571428572,191811014226.25,0.028517110266159662,1,1,0.06463878326996197,1,1,0.10646387832699622,1,1,0.07984790874524705,1,1,-0.04657794676806082,0,-1,0.12167300380228152,1,1,0.0
2024-06-11,21.03,21.24,20.76,21.0,1594089867.0,TRALT,21.0,21.03,21.24,20.76,0,-0.0019011406844106071,-0.015932521087160256,-0.004739336492891044,0.016819695739896393,0.024465473666686142,21.435,22.3832,23.3083,-0.09903339153863644,37.99126637554585,-0.42894572020421506,-0.39913762669066083,-0.029808093513554235,-6.749555950266428,0.7642857142857142,190216924359.25,0.015238095238095273,1,0,0.09523809523809534,1,1,0.11619047619047618,1,1,0.08952380952380956,1,1,-0.024761904761904763,0,-1,0.137142857142857,1,1,0.0
2024-06-12,20.989,21.36,20.68,21.16,2483930064.0,TRALT,21.16,20.989,21.36,20.68,0,0.007619047619047636,0.009541984732824416,0.005703422053231932,0.016892483400006045,0.023892261272490386,21.441,22.3744,23.2779,-0.0909832931664798,43.778801843317986,-0.40159283879758334,-0.39962866911204536,-0.0019641696855379753,-2.127659574468088,0.7657142857142857,192700854423.25,-0.05009451795841202,0,-1,0.09924385633270338,1,1,0.11153119092627595,1,1,0.03497164461247637,1,1,-0.046313799621928164,0,-1,0.14272211720226835,1,1,0.0
2024-06-13,21.641,21.98,21.36,21.8,2155382132.0,TRALT,21.8,21.641,21.98,21.36,0,0.030245746691871522,0.04807692307692313,0.028301886792452935,0.018113725871588385,0.02418767878959835,21.470999999999997,22.362800000000004,23.2535,-0.0625067194185821,49.166666666666686,-0.32453183098558114,-0.38460930148675254,0.060077470501171404,1.20705663881151,0.7857142857142857,194856236555.25,-0.08486238532110102,0,-1,0.056880733944953965,1,1,0.06330275229357785,1,1,0.02110091743119269,1,1,-0.05504587155963303,0,-1,0.10091743119266061,1,1,0.0
2024-06-14,21.741,22.1,21.3,21.44,2063987335.0,TRALT,21.44,21.741,22.1,21.3,0,-0.016513761467889854,0.041788143828960234,-0.0018621973929235924,0.018325224310701473,0.024157467420982737,21.469,22.325599999999998,23.218400000000003,-0.0765944251111188,41.908713692946094,-0.28917597778830384,-0.3655226367470628,0.07634665895875897,2.6819923371647514,0.7899999999999999,192792249220.25,-0.051305970149253755,0,-1,0.07182835820895517,1,1,0.12686567164179108,1,1,0.09794776119402981,1,1,-0.035447761194029925,0,-1,0.13432835820895517,1,1,0.0
2024-06-20,21.616,21.76,21.44,21.68,900045667.0,TRALT,21.68,21.616,21.76,21.44,0,0.011194029850746245,0.03041825095057038,0.001848428835489857,0.018423497619144646,0.02361804269419725,21.471,22.3216,23.183199999999996,-0.06484005659270486,41.1764705882353,-0.23903477112048677,-0.34022506362174765,0.10119029250126088,1.5932521087160145,0.7685714285714285,193692294887.25,-0.04151291512915123,0,-1,0.05535055350553497,1,1,0.12084870848708484,1,1,0.1060885608856088,1,1,-0.0359778597785978,0,-1,0.0627306273062731,1,1,0.0
2024-06-21,21.961,22.2,21.62,22.16,1636065027.0,TRALT,22.16,21.961,22.2,21.62,0,0.022140221402213944,0.05523809523809531,0.015582034830430747,0.018992371745737487,0.02379156689832526,21.488,22.3372,23.1404,-0.04236746123662505,56.22119815668201,-0.158735708675664,-0.30392719263253093,0.14519148395686693,3.842549203373946,0.7342857142857141,195328359914.25,-0.014440433212996373,0,0,0.05234657039711199,1,1,-0.0018050541516244634,0,0,0.08483754512635366,1,1,-0.060469314079422354,0,-1,0.051444043321299704,1,1,0.0
2024-06-24,22.248,22.6,22.02,22.28,1762867927.0,TRALT,22.28,22.248,22.6,22.02,0,0.005415162454873723,0.05293005671077511,0.008144796380090469,0.01881968043861933,0.02379767854907027,21.497,22.357599999999998,23.0988,-0.03544772888634906,58.447488584474904,-0.0844417342966679,-0.26003010096535834,0.17558836666869043,6.297709923664119,0.7385714285714285,197091227841.25,-0.014362657091561926,0,0,0.016157989228007263,1,0,0.047576301615798844,1,1,0.06283662477558338,1,1,-0.09694793536804314,0,-1,0.017953321364452268,1,0,0.0
2024-06-25,21.987,22.34,21.6,21.66,1137330554.0,TRALT,21.66,21.987,22.34,21.6,0,-0.02782764811490135,-0.006422018348623881,-0.0018433179723501558,0.01944311815219396,0.024074525482040438,21.495,22.35,23.058899999999998,-0.060666380443126,58.98617511520738,-0.07473059500489398,-0.2229701997732655,0.1482396047683715,4.134615384615392,0.7171428571428569,195953897287.25,0.015697137580794163,1,0,0.07479224376731297,1,1,0.13111726685133895,1,1,0.12003693444136654,1,1,-0.06278855032317632,0,-1,0.07663896583564167,1,1,0.0
2024-06-26,21.453,21.74,21.1,21.16,964519463.0,TRALT,21.16,21.453,21.74,21.1,0,-0.023084025854108958,-0.013059701492537323,-0.03290676416819005,0.020004000341763337,0.024109580157509337,21.458999999999996,22.299199999999995,23.0129,-0.08051571075353381,47.945205479452056,-0.10615656171356846,-0.1996074721613261,0.09345091044775763,2.818270165208947,0.718571428571428,194989377824.25,0.03497164461247637,1,1,0.10396975425330801,1,1,0.15217391304347827,1,1,0.1502835538752363,1,1,-0.08742911153119104,0,-1,0.11058601134215507,1,1,0.0
2024-06-27,21.431,21.72,21.1,21.64,1566354319.0,TRALT,21.64,21.431,21.72,21.1,0,0.022684310018903586,-0.0018450184501844769,-0.026102610261026005,0.02038414477122848,0.024088512468463583,21.43,22.237599999999997,22.9665,-0.057758038882720464,53.086419753086425,-0.09127768592448149,-0.1779415149139572,0.08666382898947572,2.851711026615966,0.7271428571428563,196555732143.25,0.03512014787430684,1,1,0.07578558225508325,1,1,0.10720887245841038,1,1,0.08964879852125685,1,1,-0.12476894639556368,0,-1,0.08780036968576699,1,1,0.0
2024-06-28,21.644,22.06,21.22,21.32,1827360564.0,TRALT,21.32,21.644,22.06,21.22,0,-0.014787430683918634,-0.03790613718411551,-0.05328596802841912,0.020297220362756756,0.023622185239163,21.37,22.1696,22.9091,-0.06936544866450445,53.749999999999986,-0.10410731103645432,-0.16317467413845663,0.05906736310200231,1.5238095238095273,0.7442857142857137,194728371579.25,0.07879924953095685,1,1,0.09943714821763616,1,1,0.07692307692307687,1,1,0.1163227016885553,1,1,-0.12054409005628519,0,-1,0.10975609756097571,1,1,0.0
2024-07-01,20.625,21.62,19.92,20.1,1442348858.0,TRALT,20.1,20.625,21.62,19.92,0,-0.05722326454033766,-0.09784560143626564,-0.07030527289546717,0.022245539776067486,0.024620453663085577,21.294,22.0816,22.851599999999998,-0.12041169983721034,44.02730375426622,-0.21029454084172272,-0.17259864747910986,-0.037695893362612864,-5.009451795841202,0.8128571428571423,193286022721.25,0.1572139303482587,1,1,0.17014925373134315,1,1,0.15621890547263662,1,1,0.1990049751243781,1,1,-0.05671641791044779,0,-1,0.16218905472636802,1,1,1.0
2024-07-02,19.941,20.14,19.75,19.95,2011920031.0,TRALT,19.95,19.941,20.14,19.75,0,-0.007462686567164312,-0.07894736842105265,-0.07381615598885793,0.022264106939834175,0.024148326580209014,21.2145,21.990200000000005,22.79935,-0.12497505411338483,44.55958549222799,-0.30305895689038564,-0.19869070936136501,-0.10436824752902063,-8.486238532110102,0.7778571428571424,191274102690.25,0.15488721804511285,1,1,0.161904761904762,1,1,0.1769423558897243,1,1,0.1869674185463659,1,1,-0.03208020050125315,0,-1,0.12080200501253135,1,1,1.0
2024-07-03,20.085,20.38,19.8,20.34,1615375583.0,TRALT,20.34,20.085,20.38,19.8,0,0.019548872180451093,-0.03875236294896034,-0.025862068965517238,0.021879722684368018,0.02365705957610908,21.1875,21.923000000000002,22.74495,-0.10573555888230135,43.88111888111889,-0.3411728559952891,-0.22718713868814988,-0.11398571730713924,-5.1305970149253755,0.6978571428571421,192889478273.25,0.12979351032448383,1,1,0.18780727630285154,1,1,0.18584070796460184,1,1,0.16224188790560468,1,1,-0.03244837758112096,0,-1,0.07669616519174038,1,1,1.0
2024-07-04,20.611,20.84,20.26,20.78,1358868748.0,TRALT,20.78,20.611,20.84,20.26,0,0.021632251720747453,-0.03974121996303137,-0.026241799437675684,0.02185774554065823,0.022544838194669924,21.1595,21.8746,22.699949999999998,-0.08457948145260219,48.20261437908498,-0.3320464481031742,-0.24815900057115475,-0.08388744753201943,-4.151291512915122,0.7049999999999993,194248347021.25,0.10105871029836377,1,1,0.16939364773820986,1,1,0.15591915303176118,1,1,0.1174205967276225,1,1,-0.05726660250240623,0,-1,0.045235803657362794,1,1,1.0
2024-07-05,21.584,21.96,20.74,21.84,2399472997.0,TRALT,21.84,21.584,21.96,20.74,0,0.05101058710298356,0.024390243902439046,0.023430178069353325,0.024774336736335046,0.023313267458417112,21.1845,21.8406,22.67035,-0.036627136325641185,54.843304843304836,-0.2365537188645881,-0.24583794422984145,0.009284225365253362,-1.4440433212996373,0.7435714285714281,196647820018.25,0.06776556776556775,1,1,0.012820512820512775,1,0,0.1062271062271063,1,1,-0.0027472527472527375,0,0,-0.10256410256410253,0,-1,0.0064102564102563875,1,0,1.0
2024-07-08,22.065,22.36,21.78,21.96,1720858996.0,TRALT,21.96,22.065,22.36,21.78,0,0.005494505494505475,0.09253731343283578,0.04770992366412208,0.02436553939283951,0.02330702849720253,21.2345,21.8106,22.64015,-0.030041762090798785,51.230769230769226,-0.14946905955954293,-0.22656416729578177,0.07709510773623884,-1.4362657091561926,0.7264285714285708,198368679014.25,0.030965391621129212,1,1,0.06284153005464477,1,1,0.20947176684881597,1,1,0.027322404371584508,1,1,-0.08925318761384338,0,-1,-0.005464480874316946,0,0,1.0
2024-07-09,22.054,22.3,21.76,22.0,1599230057.0,TRALT,22.0,22.054,22.3,21.76,0,0.0018214936247722413,0.10275689223057638,0.05769230769230771,0.02424763929620612,0.022826924864853545,21.2945,21.792599999999997,22.613449999999997,-0.027127660750570826,54.53074433656957,-0.07634610358482519,-0.19652055455359047,0.12017445096876528,1.5697137580794163,0.7078571428571421,199967909071.25,0.058181818181818334,1,1,0.11363636363636354,1,1,0.22272727272727266,1,1,-0.07181818181818178,0,-1,-0.08545454545454545,0,-1,0.00454545454545463,1,0,1.0
2024-07-10,21.733,22.3,20.88,21.9,5276014140.0,TRALT,21.9,21.733,22.3,20.88,0,-0.00454545454545463,0.07669616519174038,0.06413994169096204,0.02410581938775481,0.02059314204315218,21.360500000000002,21.7698,22.57995,-0.03011299847873894,51.82119205298012,-0.02616320527318905,-0.16244908469751018,0.13628587942432113,3.497164461247637,0.7864285714285708,194691894931.25,0.06666666666666665,1,1,0.11324200913242022,1,1,0.3095890410958906,1,1,-0.05662100456621,0,-1,-0.07762557077625565,0,-1,0.010045662100456765,1,0,1.0
2024-07-11,22.372,22.62,21.92,22.4,2731002147.0,TRALT,22.4,22.372,22.62,21.92,0,0.022831050228310446,0.07795957651588048,0.06463878326996197,0.024125889790972323,0.020016116627066968,21.4285,21.7498,22.551849999999998,-0.006733372206714772,51.98019801980196,0.053338076370099685,-0.11929165248398821,0.1726297288540879,3.512014787430684,0.796428571428571,197422897078.25,0.03928571428571437,1,1,0.06964285714285734,1,1,0.2616071428571429,1,1,-0.08839285714285705,0,-1,-0.11428571428571421,0,-1,0.008035714285714368,1,0,1.0
2024-07-12,22.819,23.2,22.42,23.0,2219815857.0,TRALT,23.0,22.819,23.2,22.42,0,0.026785714285714413,0.05311355311355315,0.09523809523809534,0.024640486679282418,0.02034485326981951,21.5285,21.7318,22.52185,0.021230493942549167,55.504587155963286,0.16288081183000003,-0.06285715962119057,0.2257379714511906,7.879924953095685,0.8121428571428567,199642712935.25,0.019130434782608674,1,0,-0.0017391304347825765,0,0,0.1460869565217391,1,1,-0.12521739130434784,0,-1,-0.14782608695652166,0,-1,-0.02347826086956517,0,-1,0.0
2024-07-16,23.315,23.66,22.88,23.26,2095374859.0,TRALT,23.26,23.315,23.66,22.88,0,0.011304347826087024,0.059198542805100285,0.09924385633270338,0.02467604617661194,0.0203790021603167,21.6335,21.7318,22.497349999999997,0.033899548169006755,62.944983818770226,0.2675894414714577,0.0032321605973390857,0.2643572808741186,15.72139303482587,0.8149999999999997,201738087794.25,0.011177987962166736,1,0,-0.0008598452278590907,0,0,0.10920034393809108,1,1,-0.12725709372312988,0,-1,-0.07308684436801383,0,-1,-0.0309544282029236,0,-1,0.0
2024-07-17,23.025,23.28,22.72,23.04,1609049564.0,TRALT,23.04,23.025,23.28,22.72,0,-0.009458297506448887,0.04727272727272713,0.056880733944953965,0.024132036317887323,0.020409533570935088,21.695500000000003,21.721400000000003,22.472550000000002,0.02525080598329943,65.93220338983048,0.3290268072421547,0.06839108992630222,0.2606357173158525,15.488721804511286,0.8092857142857144,200129038230.25,0.0060763888888888395,1,0,0.01909722222222232,1,0,0.10503472222222232,1,1,-0.1371527777777778,0,-1,-0.07118055555555558,0,-1,0.003472222222222321,1,0,1.0
2024-07-18,23.229,23.5,22.86,22.98,1620611912.0,TRALT,22.98,23.229,23.5,22.86,0,-0.0026041666666666297,0.049315068493150704,0.07182835820895517,0.023735781369452372,0.019957671501092247,21.7725,21.7134,22.449949999999998,0.02361029757304589,62.22627737226275,0.36862557749278935,0.12843798743959964,0.2401875900531897,12.979351032448383,0.810714285714286,198508426318.25,0.05134899912967805,1,1,0.04960835509138373,1,1,0.09399477806788514,1,1,-0.13011314186248923,0,-1,-0.08006962576153176,0,-1,0.022628372497824234,1,1,1.0
2024-07-19,22.956,23.28,22.64,22.88,1344194849.0,TRALT,22.88,22.956,23.28,22.64,0,-0.004351610095735481,0.021428571428571352,0.05535055350553497,0.023733493352650892,0.019778437276293897,21.832500000000003,21.707399999999996,22.420450000000002,0.020496912417012014,64.82889733840301,0.3874721857804069,0.1802448271077611,0.20722735867264577,10.105871029836377,0.7964285714285718,197164231469.25,0.062062937062937085,1,1,0.04982517482517479,1,1,0.11800699300699291,1,1,-0.15209790209790208,0,-1,-0.06818181818181812,0,-1,-0.006993006993006978,0,0,1.0
2024-07-22,23.381,23.68,22.98,23.32,1897662041.0,TRALT,23.32,23.381,23.68,22.98,0,0.019230769230769384,0.013913043478260834,0.05234657039711199,0.02361841974945391,0.01984476007758016,21.8905,21.709400000000002,22.39325,0.04138523885545875,85.9374999999999,0.4329221246293322,0.23078028661207534,0.20214183801725688,6.776556776556775,0.7321428571428577,199061893510.25,-0.05145797598627788,0,-1,0.036020583190394584,1,1,0.07632933104631223,1,1,-0.15523156089193824,0,-1,-0.10891938250428812,0,-1,-0.009433962264150941,0,0,0.0
2024-07-23,22.876,23.34,22.6,22.64,1600572146.0,TRALT,22.64,22.876,23.34,22.6,0,-0.029159519725557415,-0.02665520206362859,0.016157989228007263,0.02466085724575717,0.020195944176583523,21.9085,21.696199999999997,22.35895,0.01256991048327416,76.84630738522951,0.4093524513670488,0.26649471956307,0.14285773180397876,3.0965391621129212,0.7571428571428575,197461321364.25,0.030918727915194344,1,1,0.17314487632508824,1,1,0.07950530035335701,1,1,-0.1130742049469966,0,-1,-0.048586572438162556,0,-1,0.011484098939929188,1,0,1.0
2024-07-24,23.176,23.74,22.42,23.28,2819421513.0,TRALT,23.28,23.176,23.74,22.42,0,0.028268551236749095,0.01041666666666674,0.07479224376731297,0.024387098151969336,0.020290050840268397,21.9895,21.703000000000003,22.33335,0.04238728180053597,77.94676806083648,0.43727532899497845,0.30065084144945176,0.1366244875455267,5.818181818181833,0.8100000000000003,200280742877.25,0.05240549828178698,1,1,0.15549828178694147,1,1,0.030068728522336663,1,1,-0.1202749140893471,0,-1,-0.024054982817869552,0,-1,-0.04982817869415812,0,-1,1.0
2024-07-25,23.496,23.84,23.02,23.36,1740737169.0,TRALT,23.36,23.496,23.84,23.02,0,0.0034364261168384758,0.01653611836379465,0.10396975425330801,0.02354945617819716,0.020280389005904027,22.0995,21.730999999999998,22.305449999999997,0.04727768325678272,76.32653061224485,0.4605507991707647,0.3326308329937143,0.12791996617705037,6.666666666666665,0.8271428571428575,202021480046.25,0.04366438356164393,1,1,0.22773972602739723,1,1,0.009417808219178037,1,0,-0.1446917808219178,0,-1,-0.018835616438356073,0,0,-0.06763698630136983,0,-1,0.0
2024-07-26,23.403,23.68,23.16,23.28,1242331858.0,TRALT,23.28,23.403,23.68,23.16,0,-0.003424657534246478,0.0174825174825175,0.07578558225508325,0.023252336941320974,0.02018742804675056,22.1815,21.7682,22.27985,0.04489033813064269,68.3673469387755,0.4671563578649476,0.359535937967961,0.10762041989698656,3.928571428571437,0.7771428571428574,200779148188.25,0.029209621993127044,1,1,0.21391752577319578,1,1,-0.024054982817869552,0,-1,-0.1383161512027492,0,-1,0.013745704467353903,1,0,-0.05584192439862545,0,-1,1.0
2024-07-29,23.486,23.82,23.0,23.44,1643915019.0,TRALT,23.44,23.486,23.82,23.0,0,0.0068728522336769515,0.005145797598627766,0.09943714821763616,0.02283598156808824,0.02001479209227778,22.2875,21.815,22.26055,0.05298386607698391,68.68686868686866,0.47977146672375426,0.38358304371911967,0.0961884230046346,1.9130434782608674,0.7942857142857146,202423063207.25,-0.020477815699658675,0,-1,0.12457337883959041,1,1,-0.023890784982935287,0,-1,-0.12627986348122866,0,-1,0.018771331058020424,1,0,-0.017918088737201465,0,0,0.0
2024-07-30,23.623,24.0,23.26,23.52,2313652559.0,TRALT,23.52,23.623,24.0,23.26,0,0.0034129692832762792,0.03886925795053009,0.17014925373134315,0.017554514076274636,0.019710575974559236,22.4585,21.8646,22.23895,0.05760388867280164,68.99999999999997,0.4905693843000414,0.40498031183530403,0.08558907246473735,1.1177987962166736,0.8085714285714288,204736715766.25,-0.011904761904761973,0,0,0.09693877551020402,1,1,-0.06887755102040816,0,-1,-0.14200680272108845,0,-1,0.028061224489795977,1,1,-0.011904761904761973,0,0,0.0
2024-07-31,23.194,23.56,22.88,23.18,1641324521.0,TRALT,23.18,23.194,23.56,22.88,0,-0.014455782312925214,-0.004295532646048206,0.161904761904762,0.017944697197292754,0.0197324028913144,22.619999999999997,21.9042,22.21455,0.04346025465291903,65.09433962264151,0.46631624981650077,0.4172474994315434,0.049068750384957394,0.607638888888884,0.7557142857142859,203095391245.25,0.012942191544434989,1,0,0.09836065573770503,1,1,-0.039689387402933485,0,-1,-0.11130284728213968,0,-1,0.035375323554788674,1,1,0.04400345125107852,1,1,1.0
2024-08-01,23.887,24.18,23.36,24.16,2124716482.0,TRALT,24.16,23.887,24.18,23.36,0,0.042277825711820594,0.03424657534246589,0.18780727630285154,0.019396723065538374,0.020447555358183874,22.811,21.957800000000002,22.19585,0.0884917676052055,68.64406779661017,0.5201769991548524,0.4378333993762052,0.08234359977864719,5.134899912967805,0.7757142857142857,205220107727.25,-0.0016556291390728006,0,0,0.040562913907284726,1,1,-0.025662251655629187,0,-1,-0.14403973509933776,0,-1,0.0066225165562914245,1,0,0.0,0,0,0.0
2024-08-02,24.327,24.62,23.68,24.3,2253000331.0,TRALT,24.3,24.327,24.62,23.68,0,0.005794701986755024,0.04381443298969079,0.16939364773820986,0.019168024057564667,0.02042074255844724,22.987000000000002,22.011,22.180649999999996,0.09554949922567668,65.25821596244131,0.5676157400990895,0.4637898675207821,0.10382587257830744,6.2062937062937085,0.7857142857142857,207473108058.25,-0.011522633744855959,0,0,0.05267489711934137,1,1,-0.013168724279835398,0,0,-0.13991769547325106,0,-1,-0.05185185185185193,0,-1,-0.008230452674897082,0,0,0.0
2024-08-05,22.529,23.28,21.96,22.12,2091736542.0,TRALT,22.12,22.529,23.28,21.96,0,-0.08971193415637857,-0.056313993174061494,0.012820512820512775,0.026848553150987373,0.023538941502815672,23.000999999999998,22.017,22.155549999999998,-0.0016045640934211347,40.776699029126206,0.42441115548162145,0.45591412511295004,-0.03150296963132859,-5.145797598627788,0.897142857142857,205381371516.25,0.09222423146473768,1,1,0.13471971066907784,1,1,0.08679927667269438,1,1,-0.058770343580470175,0,-1,0.05334538878842676,1,1,0.10036166365280286,1,1,1.0
2024-08-06,23.457,24.06,22.7,23.34,3230964880.0,TRALT,23.34,23.457,24.06,22.7,0,0.05515370705244127,-0.007653061224489832,0.06284153005464477,0.02945654055451082,0.024609242699958563,23.07,22.041800000000002,22.136349999999997,0.05437436614437363,52.0891364902507,0.40469917430860036,0.4456711349520801,-0.04097196064347974,3.0918727915194344,0.9957142857142853,208612336396.25,0.1379605826906598,1,1,0.04712939160239937,1,1,0.014567266495286946,1,0,-0.1379605826906598,0,-1,-0.028277634961439646,0,-1,0.041131105398457546,1,1,1.0
2024-08-07,24.297,24.82,23.44,24.5,4489485374.0,TRALT,24.5,24.297,24.82,23.44,0,0.049700085689802886,0.056945642795513285,0.11363636363636354,0.031208614653231437,0.02532796737895689,23.195,22.097800000000003,22.13125,0.10703191188929684,59.17874396135266,0.47717897054844727,0.45197270207135354,0.02520626847709373,5.240549828178698,1.0557142857142854,213101821770.25,0.09795918367346923,1,1,-0.0212244897959184,0,-1,-0.009795918367346834,0,0,-0.17142857142857137,0,-1,-0.04816326530612247,0,-1,-0.02857142857142858,0,-1,0.0
2024-08-08,24.314,24.78,23.96,24.38,2834155158.0,TRALT,24.38,24.314,24.78,23.96,0,-0.004897959183673528,0.009105960264900625,0.11324200913242022,0.031214904070211432,0.024673066838870376,23.319,22.147799999999997,22.13065,0.10163958130466111,59.036144578313255,0.5189545491346621,0.4653690714840153,0.05358547765064681,4.366438356164393,1.068571428571428,210267666612.25,0.17637407711238717,1,1,-0.03281378178835115,0,-1,-0.001640689089417502,0,0,-0.2079573420836751,0,-1,-0.03609515996718615,0,-1,-0.029532403609515923,0,-1,0.0
2024-08-09,24.249,24.8,23.76,23.96,2225009736.0,TRALT,23.96,24.249,24.8,23.76,0,-0.01722723543888427,-0.013991769547325061,0.06964285714285734,0.03135285114763379,0.024556373240022585,23.397,22.182599999999997,22.133249999999997,0.08253419628838987,53.86473429951691,0.5122664178374343,0.4747485407546991,0.03751787708273524,2.9209621993127044,1.0857142857142852,208042656876.25,0.179465776293823,1,1,-0.05175292153589328,0,-1,-0.015859766277128706,0,0,-0.20951585976627707,0,-1,-0.017529215358931594,0,0,-0.04924874791318867,0,-1,1.0
2024-08-12,23.788,24.4,22.76,22.96,2436557630.0,TRALT,22.96,23.788,24.4,22.76,0,-0.04173622704507507,0.03797468354430378,-0.0017391304347825765,0.03243937981440793,0.025110244854790777,23.395000000000003,22.191399999999998,22.12925,0.03754081136956744,51.86046511627908,0.4214165552217999,0.4640821436481193,-0.0426655884263194,-2.0477815699658675,1.1499999999999992,205606099246.25,0.1480836236933798,1,1,-0.0034843205574913716,0,0,0.03658536585365857,1,1,-0.18336236933797911,0,-1,0.030487804878048808,1,1,-0.011324041811846763,0,0,1.0
2024-08-13,22.915,23.24,22.54,23.24,1457944325.0,TRALT,23.24,22.915,23.24,22.54,0,0.012195121951219301,-0.004284490145672781,-0.0008598452278590907,0.032455715962624546,0.025138932177823918,23.394,22.2238,22.124449999999996,0.05042159240116706,49.75728155339804,0.36777160240075446,0.44482003539864634,-0.07704843299789188,-1.1904761904761973,1.1057142857142852,207064043571.25,0.11015490533562833,1,1,-0.057659208261617856,0,-1,0.037005163511187655,1,1,-0.1841652323580033,0,-1,0.005163511187607606,1,0,-0.02839931153184161,0,-1,1.0
2024-08-14,23.66,24.08,23.24,23.48,2865232998.0,TRALT,23.48,23.66,24.08,23.24,0,0.010327022375215211,-0.041632653061224434,0.01909722222222232,0.032438833352183595,0.025151722052749494,23.416,22.262600000000003,22.13145,0.06093364872161566,50.714285714285715,0.34069625073297516,0.42399527846551216,-0.083299027732537,1.2942191544434989,1.1071428571428565,209929276569.25,0.08432708688245327,1,1,-0.05195911413969334,0,-1,0.008517887563884052,1,0,-0.17759795570698478,0,-1,-0.047700170357751315,0,-1,-0.06473594548551953,0,-1,1.0
2024-08-15,23.807,24.14,23.16,24.12,2999243982.0,TRALT,24.12,23.807,24.14,23.16,0,0.027257240204429323,-0.01066447908121404,0.04960835509138373,0.03292573066063474,0.02532247601908466,23.473,22.327399999999997,22.136950000000002,0.08958099467180425,54.6875,0.3666549210703778,0.4125272069864853,-0.045872285916107536,-0.16556291390728006,1.1399999999999995,212928520551.25,0.04228855721393043,1,1,-0.024046434494195745,0,-1,-0.01990049751243783,0,0,-0.1840796019900498,0,-1,-0.09203980099502496,0,-1,-0.08126036484245447,0,-1,1.0
2024-08-16,24.021,24.38,23.54,24.02,2329631166.0,TRALT,24.02,24.021,24.38,23.54,0,-0.004145936981757914,0.0025041736227044975,0.04982517482517479,0.03292336278325059,0.025326394038258402,23.529999999999998,22.381,22.14225,0.08480393817249832,53.25842696629213,0.3748372990148354,0.40498922539215537,-0.03015192637731995,-1.152263374485596,1.141428571428571,210598889385.25,0.06494587843463773,1,1,-0.0016652789342214147,0,0,-0.033305578684429626,0,-1,-0.1844296419650291,0,-1,-0.09575353871773529,0,-1,-0.08409658617818483,0,-1,1.0
2024-08-19,23.997,24.32,23.6,24.16,2915090873.0,TRALT,24.16,23.997,24.32,23.6,0,0.005828476269775118,0.05226480836236935,0.036020583190394584,0.03271043195462883,0.025318005511986534,23.572,22.437399999999997,22.147650000000002,0.0908606556451812,53.57142857142858,0.38814443502242924,0.40162026731821016,-0.01347583229578092,9.22242314647377,1.1399999999999995,213513980258.25,0.038907284768211925,1,1,-0.004966887417218624,0,0,-0.09850993377483441,0,-1,-0.1887417218543046,0,-1,-0.09023178807947019,0,-1,-0.039735099337748325,0,-1,1.0
2024-08-20,25.789,26.56,24.84,26.56,8967709363.0,TRALT,26.56,25.789,26.56,24.84,0,0.0993377483443707,0.1428571428571428,0.17314487632508824,0.03834300250196181,0.028238845896657816,23.768,22.549400000000002,22.170650000000002,0.19798021257834097,65.33575317604355,0.5855999468799737,0.4384162032305629,0.14718374364941084,13.79605826906598,1.2628571428571422,222481689621.25,-0.07981927710843362,0,-1,-0.10843373493975905,0,-1,-0.1506024096385542,0,-1,-0.24698795180722888,0,-1,-0.17771084337349397,0,-1,-0.10768072289156627,0,-1,0.0
2024-08-21,26.874,27.44,26.22,26.9,7873756846.0,TRALT,26.9,26.874,27.44,26.22,0,0.012801204819277157,0.14565587734241903,0.15549828178694147,0.038082920266431244,0.02812051688722471,23.949,22.6714,22.19415,0.2120310982849083,63.19845857418111,0.7607505621885373,0.5028830750221578,0.2578674871663795,9.795918367346923,1.2785714285714282,230355446467.25,-0.10855018587360588,0,-1,-0.09814126394052036,0,-1,-0.24089219330855005,0,-1,-0.2520446096654274,0,-1,-0.17843866171003708,0,-1,-0.10855018587360588,0,-1,0.0
2024-08-22,27.794,29.22,26.74,28.68,6301929147.0,TRALT,28.68,27.794,29.22,26.74,0,0.06617100371747209,0.18905472636815923,0.22773972602739723,0.04021631055119167,0.029241513740772176,24.215,22.8334,22.22365,0.29051708427733525,68.21963394342762,1.0313016076617636,0.608566781550079,0.42273482611168456,17.637407711238716,1.3885714285714281,236657375614.25,-0.17782426778242688,0,-1,-0.1513249651324965,0,-1,-0.2796373779637378,0,-1,-0.29567642956764295,0,-1,-0.22873082287308222,0,-1,-0.14574616457461642,0,-1,0.0
2024-08-23,28.825,29.6,27.98,28.26,6547547673.0,TRALT,28.26,28.825,29.6,27.98,0,-0.014644351464435101,0.1765195670274773,0.21391752577319578,0.040506442542123086,0.0293156096395842,24.464,22.977800000000002,22.25265,0.2699611057559439,79.92202729044836,1.1980148016061776,0.7264563855612988,0.4715584160448788,17.946577629382297,1.3371428571428567,230109827941.25,-0.19603680113234256,0,-1,-0.16560509554140135,0,-1,-0.2774239207360226,0,-1,-0.29794762915782025,0,-1,-0.20099079971691447,0,-1,-0.09766454352441623,0,-1,0.0
2024-08-26,27.61,28.74,26.26,26.36,3656381119.0,TRALT,26.36,27.61,28.74,26.26,0,-0.0672328379334749,0.0910596026490067,0.12457337883959041,0.04408820245235092,0.03071205376406985,24.61,23.085,22.27105,0.18359933635818693,63.80255941499085,1.1634110099488808,0.8138473104388152,0.3495636995100656,14.80836236933798,1.3757142857142852,226453446822.25,-0.1320182094081942,0,-1,-0.09711684370257967,0,-1,-0.2367223065250379,0,-1,-0.25644916540212437,0,-1,-0.14795144157814866,0,-1,-0.060698027314112224,0,-1,0.0
2024-08-27,25.829,26.46,25.2,25.8,3463364155.0,TRALT,25.8,25.829,26.46,25.2,0,-0.02124430955993928,-0.028614457831325213,0.09693877551020402,0.04453073430230912,0.030360316184304136,24.724,23.177799999999998,22.288249999999998,0.15756059807297573,56.2862669245648,1.0783691673689582,0.8667516818248439,0.2116174855441143,11.015490533562833,1.3599999999999997,222990082667.25,-0.15116279069767447,0,-1,-0.06589147286821706,0,-1,-0.21317829457364346,0,-1,-0.16434108527131785,0,-1,-0.12635658914728687,0,-1,-0.027906976744186185,0,-1,0.0
2024-08-28,25.965,26.44,25.36,25.46,2341853498.0,TRALT,25.46,25.965,26.44,25.36,0,-0.01317829457364339,-0.053531598513011036,0.09836065573770503,0.0445013931153062,0.030422494940069506,24.838,23.250999999999998,22.30305,0.14154790488296443,55.11363636363637,0.9723293286824806,0.8878672111963712,0.08446211748610932,8.432708688245327,1.3785714285714283,220648229169.25,-0.12568735271013354,0,-1,-0.06991358994501184,0,-1,-0.2191673212882954,0,-1,-0.15946582875098203,0,-1,-0.09190887666928516,0,-1,-0.008641005498821741,0,0,0.0
2024-08-29,25.23,25.62,24.96,25.14,1866044992.0,TRALT,25.14,25.23,25.62,24.96,0,-0.01256873527101332,-0.12343096234309625,0.040562913907284726,0.04380943403566625,0.03016973363918037,24.886999999999997,23.325,22.316750000000003,0.12650811610113477,55.64053537284895,0.8526419413505408,0.8808221572272052,-0.028180215876664416,4.228855721393043,1.3514285714285712,218782184177.25,-0.06364359586316637,0,-1,-0.059665871121718395,0,-1,-0.20485282418456652,0,-1,-0.15910898965791564,0,-1,-0.06523468575974545,0,-1,-0.004773269689737458,0,0,0.0
2024-09-02,25.574,26.02,25.26,25.58,2851359008.0,TRALT,25.58,25.574,26.02,25.26,0,0.017501988862370643,-0.09483368719037522,0.05267489711934137,0.04392821574500974,0.03012834240495025,24.951,23.403000000000002,22.33405,0.14533638099672896,63.232323232323225,0.7842527696078427,0.8615082797033328,-0.07725551009549003,6.494587843463773,1.2971428571428572,221633543185.25,-0.06254886630179823,0,-1,-0.09225957779515248,0,-1,-0.2415949960906959,0,-1,-0.16653635652853782,0,-1,-0.11180609851446444,0,-1,-0.026583268178264285,0,-1,0.0
2024-09-03,25.463,25.92,24.96,25.1,1880550513.0,TRALT,25.1,25.463,25.92,24.96,0,-0.018764659890539326,-0.047799696509863376,0.13471971066907784,0.03854039478846787,0.030262075878680267,25.1,23.461799999999997,22.352549999999997,0.12291438784389275,59.20792079207922,0.6834435579050684,0.82589533534368,-0.1424517774386116,3.8907284768211925,1.3157142857142858,219752992672.25,-0.042231075697211296,0,-1,-0.13227091633466137,0,-1,-0.21513944223107573,0,-1,-0.17211155378486054,0,-1,-0.07968127490039845,0,-1,-0.00876494023904395,0,0,0.0
2024-09-04,24.529,24.9,24.24,24.44,1480659708.0,TRALT,24.44,24.529,24.9,24.24,0,-0.026294820717131517,-0.05271317829457367,0.04712939160239937,0.03747638354129723,0.03038134453011364,25.154999999999998,23.505,22.36475,0.0927911110117483,54.56273764258556,0.5440238785606759,0.7695210439870792,-0.2254971654264033,-7.981927710843362,1.3171428571428574,218272332964.25,-0.03109656301145669,0,-1,-0.07692307692307698,0,-1,-0.17839607201309338,0,-1,-0.11865793780687406,0,-1,-0.06301145662847796,0,-1,-0.04909983633387904,0,-1,0.0
2024-09-05,24.296,24.78,23.82,23.98,2293071764.0,TRALT,23.98,24.296,24.78,23.82,0,-0.01882160392798693,-0.058130400628436774,-0.0212244897959184,0.03608472680436211,0.03048198459089528,25.128999999999998,23.551399999999997,22.372749999999996,0.0718396263311396,49.323017408123796,0.3918970770394452,0.6939962505975524,-0.3020991735581072,-10.855018587360588,1.315714285714286,215979261200.25,0.011676396997498006,1,0,-0.1484570475396163,0,-1,-0.14595496246872397,0,-1,-0.052543786488740696,0,-1,-0.07756463719766471,0,-1,-0.030025020850708906,0,-1,0.0
2024-09-06,23.99,24.34,23.58,23.58,2682478291.0,TRALT,23.58,23.99,24.34,23.58,0,-0.016680567139282787,-0.06205250596658718,-0.03281378178835115,0.03625665156382474,0.030537619962147874,25.089,23.599800000000002,22.378349999999998,0.053696988383862054,47.93233082706766,0.23633451656509763,0.6024639037910615,-0.3661293872259639,-17.782426778242687,1.3100000000000005,213296782909.25,0.032230703986429354,1,1,-0.12383375742154357,0,-1,-0.15267175572519076,0,-1,-0.027989821882951516,0,-1,-0.07633587786259532,0,-1,-0.013570822731127974,0,0,0.0
2024-09-09,23.171,23.78,22.72,22.72,1847498037.0,TRALT,22.72,23.171,23.78,22.72,0,-0.03647158608990664,-0.11180609851446444,-0.05175292153589328,0.036957008406456424,0.030839691334485872,25.027,23.621399999999998,22.378449999999997,0.01526245115278324,43.66197183098591,0.04315775816992584,0.4906026746668344,-0.44744491649690854,-19.603680113234255,1.334285714285715,211449284872.25,0.03785211267605626,1,1,-0.10123239436619702,0,-1,-0.11707746478873238,0,-1,0.03873239436619724,1,1,-0.03257042253521125,0,-1,0.021126760563380254,1,1,0.0
2024-09-10,22.945,23.26,22.54,22.88,2536343100.0,TRALT,22.88,22.945,23.26,22.54,0,0.007042253521126751,-0.08844621513944229,-0.0034843205574913716,0.03578899616184463,0.030843368264047044,25.023,23.652600000000003,22.37725,0.022467014490162862,29.824561403508767,-0.09591984750344551,0.3732981702327784,-0.4692180177362239,-13.20182094081942,1.2142857142857153,213985627972.25,0.04020979020979021,1,1,-0.12062937062937051,0,-1,-0.10489510489510478,0,-1,0.04370629370629375,1,1,0.006118881118881037,1,0,0.020979020979021046,1,1,0.0
2024-09-11,22.297,22.94,21.88,21.9,1689773169.0,TRALT,21.9,22.297,22.94,21.88,0,-0.04283216783216781,-0.10392798690671046,-0.057659208261617856,0.036933060409743985,0.03136796909829188,24.956,23.688599999999997,22.370749999999997,-0.02104310315925928,24.385245901639337,-0.2819673180737112,0.24224507257148048,-0.5242123906451917,-15.116279069767447,1.202857142857144,212295854803.25,0.10045662100456632,1,1,-0.07305936073059349,0,-1,-0.0785388127853881,0,-1,0.1041095890410959,1,1,0.061187214611872154,1,1,0.022831050228310446,1,1,1.0
2024-09-12,21.965,22.34,21.42,22.26,1444201202.0,TRALT,22.26,21.965,22.34,21.42,0,0.016438356164383716,-0.0717264386989157,-0.05195911413969334,0.03706832917946746,0.03120039680648689,24.895,23.734799999999996,22.36475,-0.0046837098559116,11.510791366906489,-0.39579975435441384,0.11463610718630161,-0.5104358615407154,-12.568735271013354,1.0914285714285723,213740056005.25,0.06379155435759198,1,1,-0.10691823899371078,0,-1,-0.07457322551662171,0,-1,0.07816711590296488,1,1,0.08715184186882285,1,1,0.040431266846361114,1,1,0.0
2024-09-13,23.092,23.56,22.36,23.54,2030814973.0,TRALT,23.54,23.092,23.56,22.36,0,0.05750224618149136,-0.0016963528413910245,-0.024046434494195745,0.03889761851717549,0.0319572399614645,24.866,23.7988,22.368949999999998,0.05235158556838848,24.347826086956502,-0.3783659109349742,0.01603570356204645,-0.3944016144970206,-6.3643595863166365,1.0685714285714292,215770870978.25,0.004248088360238045,1,0,-0.15080713678844526,0,-1,-0.12149532710280375,0,-1,0.03313508920985564,1,1,0.02633814783347499,1,1,-0.005947323704333041,0,0,0.0
2024-09-16,24.112,24.52,23.22,23.98,2957881365.0,TRALT,23.98,24.112,24.52,23.22,0,0.01869158878504673,0.05545774647887325,-0.0016652789342214147,0.03911992518988216,0.03200818075838755,24.864,23.862800000000004,22.376649999999998,0.0716528166637993,34.62532299741602,-0.3252953394703404,-0.05223050504443092,-0.27306483442590945,-6.254886630179824,0.9842857142857151,218728752343.25,-0.03169307756463724,0,-1,-0.19099249374478744,0,-1,-0.12844036697247718,0,-1,-0.039199332777314466,0,-1,0.005004170141784892,1,0,0.005004170141784892,1,0,0.0
2024-09-17,24.161,24.6,23.68,24.04,2509502293.0,TRALT,24.04,24.161,24.6,23.68,0,0.002502085070892335,0.05069930069930062,-0.004966887417218624,0.039103723978513784,0.03190088963680068,24.857999999999997,23.906800000000004,22.38275,0.0740413934838211,37.8453038674033,-0.2752224377305801,-0.09682889158166075,-0.17839354614891934,-4.2231075697211296,0.9600000000000009,221238254636.25,-0.09400998336106481,0,-1,-0.18053244592346085,0,-1,-0.13394342762063227,0,-1,-0.030782029950083167,0,-1,0.012479201331114798,1,0,0.037437603993344615,1,1,0.0
2024-09-18,23.89,24.16,23.68,23.68,907842999.0,TRALT,23.68,23.89,24.16,23.68,0,-0.014975041597337757,0.08127853881278546,-0.10843373493975905,0.031507398896438485,0.03197087567802318,24.714,23.9412,22.385249999999996,0.05783942551456889,37.74104683195591,-0.26157304249024804,-0.1297777217633782,-0.13179532072686984,-3.109656301145669,0.9171428571428579,220330411637.25,-0.04729729729729737,0,-1,-0.15202702702702708,0,-1,-0.15033783783783783,0,-1,-0.042229729729729715,0,-1,0.026182432432432456,1,1,0.09712837837837851,1,1,0.0
2024-09-19,24.173,24.34,23.86,24.26,1484953024.0,TRALT,24.26,24.173,24.34,23.86,0,0.024493243243243423,0.08984725965858043,-0.09814126394052036,0.03196515780712087,0.03187029023643981,24.582,23.9864,22.392149999999997,0.08341539334097003,44.14893617021278,-0.20163037621944468,-0.14414825265459152,-0.05748212356485316,1.1676396997498006,0.9171428571428579,221815364661.25,-0.15828524319868098,0,-1,-0.15581203627370155,0,-1,-0.16323165704863973,0,-1,-0.03874690849134388,0,-1,-0.018961253091508645,0,0,0.06595218466611708,1,1,0.0
2024-09-20,24.28,24.52,24.02,24.34,1504822649.0,TRALT,24.34,24.28,24.52,24.02,0,0.0032976092333056872,0.03398470688190325,-0.1513249651324965,0.027396935295289956,0.03169439262221381,24.365000000000002,24.0352,22.39765,0.08672115154938131,41.34078212290504,-0.14598720035235146,-0.14451604219414352,-0.001471158158207947,3.2230703986429354,0.8900000000000008,223320187310.25,-0.15119145439605586,0,-1,-0.17912900575184876,0,-1,-0.20665571076417422,0,-1,-0.03451109285127363,0,-1,-0.0279375513557929,0,-1,0.0805258833196385,1,1,0.0
2024-09-23,23.639,23.98,23.28,23.58,2135323823.0,TRALT,23.58,23.639,23.98,23.28,0,-0.03122432210353332,-0.016680567139282787,-0.16560509554140135,0.027861462623936083,0.031885523344189544,24.131,24.0588,22.39795,0.052774919133224074,39.78494623655913,-0.16135522837269534,-0.1478838794298539,-0.013471348942841438,3.785211267605626,0.8971428571428578,221184863487.25,-0.1340118744698896,0,-1,-0.14927905004240882,0,-1,-0.19677692960135695,0,-1,-0.0016963528413910245,0,0,-0.033927056827820046,0,-1,0.11450381679389321,1,1,0.0
2024-09-24,23.759,24.0,23.42,23.8,1372746657.0,TRALT,23.8,23.759,24.0,23.42,0,0.00932994062765058,-0.009983361064891727,-0.09711684370257967,0.0244366161015564,0.03182315299916609,24.003,24.0748,22.39695,0.06264469046008503,45.42857142857143,-0.15400704259521447,-0.14910851206292602,-0.004898530532288448,4.020979020979021,0.8771428571428574,222557610144.25,-0.1546218487394958,0,-1,-0.1394957983193278,0,-1,-0.21218487394957986,0,-1,-0.00588235294117645,0,0,-0.04621848739495804,0,-1,0.12184873949579833,1,1,0.0
2024-09-25,24.255,24.58,23.82,24.1,1954907964.0,TRALT,24.1,24.255,24.58,23.82,0,0.012605042016806678,0.017736486486486625,-0.06589147286821706,0.024410865144800457,0.030870815274737357,23.918,24.091600000000003,22.397750000000002,0.07600093759417792,50.87719298245615,-0.12256322704197231,-0.1437994550587353,0.021236228016762976,10.045662100456632,0.8642857142857144,224512518108.25,-0.15767634854771784,0,-1,-0.16265560165975113,0,-1,-0.2132780082987552,0,-1,-0.030705394190871482,0,-1,-0.06307053941908725,0,-1,0.1443983402489626,1,1,0.0
2024-09-26,24.047,24.52,23.46,23.68,1517466704.0,TRALT,23.68,24.047,24.52,23.46,0,-0.01742738589211623,-0.02390766694146751,-0.06991358994501184,0.024521250187160767,0.030957454474177727,23.829,24.104399999999995,22.402649999999998,0.057017808161088146,50.72886297376094,-0.13003530058809787,-0.1410466241646078,0.01101132357650994,6.379155435759198,0.8857142857142856,222995051404.25,-0.16047297297297303,0,-1,-0.13006756756756754,0,-1,-0.18454391891891897,0,-1,-0.0557432432432432,0,-1,-0.07263513513513509,0,-1,0.09121621621621623,1,1,0.0
2024-09-27,23.627,23.92,23.38,23.64,1030924582.0,TRALT,23.64,23.627,23.92,23.38,0,-0.0016891891891891442,-0.028759244042728005,-0.059665871121718395,0.02442606870804201,0.03089021343229017,23.754,24.117599999999996,22.407049999999998,0.05502509254899701,57.61589403973511,-0.1375984886873347,-0.1403569970691532,0.0027585083818184863,0.4248088360238045,0.8485714285714285,221964126822.25,-0.1543993231810492,0,-1,-0.1252115059221659,0,-1,-0.16751269035533,0,-1,-0.07360406091370564,0,-1,-0.06260575296108295,0,-1,0.10490693739424706,1,1,0.0
2024-09-30,23.418,24.0,23.08,23.22,1359374991.0,TRALT,23.22,23.418,24.0,23.08,0,-0.017766497461929043,-0.01526717557251911,-0.09225957779515248,0.024155681827350825,0.030905669591992757,23.636,24.1244,22.41345,0.03598508931021316,52.698412698412696,-0.17546026296807682,-0.14737765024893792,-0.028082612719138894,-3.169307756463724,0.8628571428571428,220604751831.25,-0.16451335055986216,0,-1,-0.09991386735572783,0,-1,-0.15633074935400515,0,-1,-0.06459948320413433,0,-1,-0.052540913006029255,0,-1,0.049956933677864024,1,1,0.0
2024-10-01,22.377,23.22,21.4,21.78,1554852068.0,TRALT,21.78,22.377,23.22,21.4,0,-0.06201550387596888,-0.08487394957983196,-0.13227091633466137,0.027234789515513013,0.03132924330162411,23.470000000000002,24.093600000000002,22.41705,-0.028418101400496387,49.11242603550298,-0.3179962939519285,-0.18150137898953606,-0.13649491496239247,-9.40099833610648,0.9171428571428569,219049899763.25,-0.09550045913682281,0,-1,-0.0440771349862259,0,-1,-0.10009182736455458,0,-1,0.009182736455463747,1,0,0.06519742883379243,1,1,0.17539026629935717,1,1,0.0
2024-10-02,21.225,23.78,20.66,22.56,1273130336.0,TRALT,22.56,21.225,23.78,20.66,0,0.03581267217630835,-0.06390041493775944,-0.07692307692307698,0.028400597730387063,0.031655018556558605,23.376,24.092,22.42455,0.0060402549883944445,52.08913649025067,-0.36382371088853915,-0.21796584536933666,-0.1458578655192025,-4.729729729729737,1.0742857142857143,220323030099.25,-0.10992907801418439,0,-1,-0.10815602836879423,0,-1,-0.11347517730496448,0,-1,-0.03191489361702127,0,-1,0.05053191489361697,1,1,0.042553191489361764,1,1,0.0
2024-10-03,21.084,21.54,20.42,20.42,2669745734.0,TRALT,20.42,21.084,21.54,20.42,0,-0.09485815602836867,-0.13766891891891886,-0.1484570475396163,0.034891655801268726,0.03398437815452422,23.198,24.0348,22.42635,-0.08946395646192973,30.597014925373145,-0.5662944938344516,-0.2876315750623597,-0.2786629187720919,-15.828524319868098,1.1342857142857141,217653284365.25,0.002938295788442735,1,0,-0.00587659157688547,0,0,-0.014691478942213565,0,0,0.0822722820763957,1,1,0.1743388834476003,1,1,0.18805093046033305,1,1,0.0
2024-10-04,20.348,20.78,20.02,20.66,1785186251.0,TRALT,20.66,20.348,20.78,20.02,0,0.011753183153770719,-0.12605752961082917,-0.12383375742154357,0.035072899777795,0.034017999014063195,23.052,23.980800000000002,22.425950000000004,-0.07874582793594043,28.82653061224488,-0.6993266514834211,-0.369970590346572,-0.3293560611368491,-15.119145439605585,1.0957142857142856,219438470616.25,-0.03291384317521784,0,-1,-0.0653436592449178,0,-1,-0.022265246853823806,0,-1,0.07066795740561482,1,1,0.18586640851887704,1,1,0.22265246853823828,1,1,0.0
2024-10-07,20.609,20.94,20.18,20.42,945621794.0,TRALT,20.42,20.609,20.94,20.18,0,-0.011616650532429773,-0.12058570198105067,-0.10123239436619702,0.034369264565262264,0.0339098238025781,22.937,23.923599999999997,22.42215,-0.08929339960708482,27.431421446384036,-0.814729890080379,-0.4589224502933334,-0.3558074397870456,-13.40118744698896,1.0842857142857143,218492848822.25,-0.01762977473065641,0,0,-0.07247796278158669,0,-1,-0.028403525954946218,0,-1,0.10577864838393713,1,1,0.2487757100881487,1,1,0.28795298726738494,1,1,0.0
2024-10-08,20.293,20.5,20.04,20.12,987782470.0,TRALT,20.12,20.293,20.5,20.04,0,-0.014691478942213565,-0.0762167125803489,-0.12062937062937051,0.03432045283970457,0.03375678377363271,22.799,23.857200000000002,22.42075,-0.10261699541719171,27.63819095477386,-0.9197924856753694,-0.5510964573697406,-0.36869602830562886,-15.46218487394958,1.082857142857143,217505066352.25,0.017892644135188762,1,0,-0.06809145129224659,0,-1,-0.025844930417495027,0,-1,0.11630218687872773,1,1,0.23061630218687879,1,1,0.3449304174950296,1,1,0.0
2024-10-09,20.119,20.3,19.91,20.3,1049098712.0,TRALT,20.3,20.119,20.3,19.91,0,0.008946322067594492,-0.10017730496453892,-0.07305936073059349,0.03332098241066347,0.03374279973441584,22.719,23.792800000000003,22.420249999999996,-0.09456852622071543,23.809523809523782,-0.9772655450654568,-0.6363302749088838,-0.340935270156573,-15.767634854771783,1.0635714285714286,218554165064.25,-0.005911330049261143,0,0,-0.06600985221674871,0,-1,0.06206896551724128,1,1,0.1103448275862069,1,1,0.23546798029556637,1,1,0.4266009852216748,1,1,0.0
2024-10-10,20.165,20.46,19.87,19.88,823800764.0,TRALT,19.88,20.165,20.46,19.87,0,-0.020689655172413834,-0.026444662095984506,-0.10691823899371078,0.03320071057181847,0.033817621042042036,22.6,23.726800000000004,22.41875,-0.11324226373013657,21.772151898734165,-1.0446616395156347,-0.717996547830234,-0.3266650916854007,-16.047297297297302,1.07,217730364300.25,0.03621730382293764,1,1,-0.028672032193158947,0,-1,0.0764587525150906,1,1,0.16297786720321938,1,1,0.26961770623742454,1,1,0.4054325955734408,1,1,0.0
2024-10-11,20.21,20.56,19.83,19.99,1585133500.0,TRALT,19.99,20.21,20.56,19.83,0,0.005533199195171035,-0.03242981606969997,-0.15080713678844526,0.02991420838596806,0.03383102425174719,22.4225,23.643399999999996,22.4137,-0.10813475686745166,25.24137931034481,-1.076784942694374,-0.7897542268030621,-0.287030715891312,-15.43993231810492,1.0464285714285715,219315497800.25,0.03451725862931476,1,1,-0.015507753876938368,0,0,0.05752876438219112,1,1,0.17558779389694856,1,1,0.25162581290645325,1,1,0.40770385192596303,1,1,0.0
2024-10-14,19.628,20.06,19.4,19.4,1197583487.0,TRALT,19.4,19.628,20.06,19.4,0,-0.02951475737868936,-0.049951028403526054,-0.19099249374478744,0.029616465498798025,0.034019206103204885,22.1935,23.5454,22.4097,-0.1343034489529089,21.12860892388447,-1.136747246407694,-0.8591528307239885,-0.27759441568370546,-16.451335055986217,1.0521428571428575,218117914313.25,0.07731958762886593,1,1,0.009793814432989656,1,0,0.09896907216494855,1,1,0.17113402061855676,1,1,0.28350515463917536,1,1,0.5206185567010311,1,1,1.0
2024-10-15,19.52,19.77,19.28,19.7,1273026128.0,TRALT,19.7,19.52,19.77,19.28,0,0.015463917525773141,-0.020874751491053778,-0.18053244592346085,0.03004568417954796,0.033982490843087944,21.9765,23.497000000000003,22.412750000000003,-0.12103601744542736,21.12860892388447,-1.1468402507824287,-0.9166903147356766,-0.23014993604675205,-9.55004591368228,1.0314285714285718,219390940441.25,0.056852791878172715,1,1,-0.0050761421319796,0,0,0.0548223350253807,1,1,0.17258883248730972,1,1,0.2629441624365483,1,1,0.4578680203045684,1,1,0.0
2024-10-16,19.791,20.22,19.43,20.08,1253819206.0,TRALT,20.08,19.791,20.22,19.43,0,0.019289340101522834,-0.010837438423645485,-0.15202702702702708,0.030684850466270692,0.033907451345814375,21.7965,23.4318,22.4182,-0.10429918548322348,26.253298153034265,-1.1113650804118365,-0.9556252678709086,-0.15573981254092784,-10.99290780141844,1.0121428571428575,220644759647.25,0.0019920318725101804,1,0,-0.003984063745019806,0,0,0.0727091633466137,1,1,0.1404382470119523,1,1,0.15737051792828693,1,1,0.3994023904382471,1,1,0.0
2024-10-17,20.362,20.56,20.06,20.48,1011280361.0,TRALT,20.48,20.362,20.56,20.06,0,0.019920318725099806,0.030181086519114775,-0.15581203627370155,0.030448082865986607,0.033800481562044474,21.6075,23.351399999999998,22.42405,-0.08669486555729233,30.100755667506277,-1.0389971824814666,-0.9722996507930203,-0.06669753168844628,0.2938295788442735,1.0092857142857146,221656040008.25,-0.0087890625,0,0,-0.017578125,0,0,0.109375,1,1,0.080078125,1,1,0.1357421875,1,1,0.333984375,1,1,0.0
2024-10-18,20.372,20.84,19.98,19.98,1017679414.0,TRALT,19.98,20.372,20.84,19.98,0,-0.0244140625,-0.0005002501250623848,-0.17912900575184876,0.030538402864749684,0.03392159983719377,21.389499999999998,23.2634,22.4261,-0.10907380239988229,29.80049875311721,-1.0103443031060344,-0.9799085812556232,-0.030435721850411213,-3.291384317521784,1.0050000000000001,220638360594.25,-0.03353353353353361,0,-1,0.011011011011010874,1,0,0.14714714714714727,1,1,0.09009009009009006,1,1,0.16416416416416424,1,1,0.39639639639639634,1,1,0.0
2024-10-21,20.233,20.44,20.02,20.06,878426010.0,TRALT,20.06,20.233,20.44,20.02,0,0.004004004004003914,0.03402061855670113,-0.14927905004240882,0.030225444556282132,0.033929989226910616,21.2135,23.1854,22.42875,-0.10561221646324481,37.087087087087056,-0.9699998044146732,-0.9779268258874332,0.007927021472760032,-1.7629774730656411,0.9078571428571429,221516786604.25,-0.05583250249252236,0,-1,-0.010967098703888234,0,0,0.17647058823529416,1,1,0.09571286141575275,1,1,0.15653040877367896,1,1,0.42771684945164523,1,1,0.0
2024-10-22,20.251,20.66,19.8,20.48,1295141848.0,TRALT,20.48,20.251,20.66,19.8,0,0.020937188434696052,0.039593908629441676,-0.1394957983193278,0.03067573511945435,0.03404008952537723,21.0475,23.1358,22.4316,-0.08700226466235128,33.492063492063494,-0.8938324643640065,-0.9611079535827479,0.06727548921874138,1.7892644135188762,0.7464285714285713,222811928452.25,-0.08447265625,0,-1,-0.04296875,0,-1,0.166015625,1,1,0.1240234375,1,1,0.140625,1,1,0.451171875,1,1,0.0
2024-10-23,20.444,20.88,20.0,20.18,1499132023.0,TRALT,20.18,20.444,20.88,20.0,0,-0.0146484375,0.004980079681274896,-0.16265560165975113,0.030361746613131874,0.0340741807268224,20.851499999999998,23.0746,22.4364,-0.10056871868927275,47.309417040358724,-0.8479026969241517,-0.9384669022510287,0.09056420532687703,-0.5911330049261143,0.6564285714285715,221312796429.25,-0.060455896927651076,0,-1,0.06838453914767095,1,1,0.19821605550049548,1,1,0.15163528245787905,1,1,0.110009910802775,1,1,0.449950445986125,1,1,0.0
2024-10-24,20.521,20.74,20.3,20.6,873887202.0,TRALT,20.6,20.521,20.74,20.3,0,0.020812685827552135,0.005859375,-0.13006756756756754,0.03096041102069834,0.034159335622915406,20.6975,23.017,22.44105,-0.08203938764006136,49.353448275862085,-0.76875085409322,-0.9045236926194671,0.1357728385262471,3.621730382293764,0.642142857142857,222186683631.25,-0.06262135922330114,0,-1,0.03883495145631044,1,1,0.16504854368932032,1,1,0.17475728155339798,1,1,0.12427184466019403,1,1,0.37766990291262115,1,1,0.0
2024-10-25,20.522,20.74,20.32,20.68,762800707.0,TRALT,20.68,20.522,20.74,20.32,0,0.003883495145631022,0.03503503503503502,-0.1252115059221659,0.03103071272817681,0.03368379625698835,20.549500000000002,22.9482,22.446199999999997,-0.0786859245662962,52.90178571428569,-0.6915948421419991,-0.8619379225239736,0.17034308038197454,3.451725862931476,0.6178571428571425,222949484338.25,-0.048355899419729176,0,-1,0.022243713733075543,1,1,0.17601547388781436,1,1,0.16827852998065773,1,1,0.1315280464216635,1,1,0.37620889748549335,1,1,0.0
2024-10-28,20.794,20.98,20.54,20.9,355034300.0,TRALT,20.9,20.794,20.98,20.54,0,0.010638297872340274,0.04187437686939188,-0.09991386735572783,0.03112301521002018,0.03370865589732158,20.433500000000002,22.885800000000003,22.451800000000002,-0.06911695276102603,58.86363636363633,-0.6057136949763198,-0.8106930770144429,0.20497938203812316,7.731958762886593,0.6164285714285711,223304518638.25,-0.06267942583732056,0,-1,0.02009569377990439,1,1,0.10239234449760759,1,1,0.15311004784689008,1,1,0.15311004784689008,1,1,0.3598086124401916,1,1,0.0
2024-10-30,20.921,21.12,20.72,20.82,807972496.0,TRALT,20.82,20.921,21.12,20.72,0,-0.00382775119617218,0.0166015625,-0.0440771349862259,0.028059207604245857,0.03168115419134782,20.3855,22.819000000000003,22.458650000000002,-0.07296297862961498,56.04651162790697,-0.5379069421259821,-0.7561358500367508,0.21822890791076865,5.6852791878172715,0.6171428571428569,222496546142.25,-0.05859750240153694,0,-1,-0.0019212295869356355,0,0,0.11911623439000962,1,1,0.16906820365033615,1,1,0.1978866474543708,1,1,0.3390970220941403,1,1,0.0
2024-10-31,20.385,20.84,19.95,20.12,1354697135.0,TRALT,20.12,20.385,20.84,19.95,0,-0.03362151777137368,-0.0029732408325073845,-0.10815602836879423,0.027440952319028714,0.031104971167146625,20.2635,22.6902,22.46125,-0.10423507151204847,52.62008733624457,-0.5344924555096107,-0.7118071711313229,0.1773147156217122,0.19920318725101804,0.6385714285714285,221141849007.25,-0.005964214711729698,0,0,0.07057654075546704,1,1,0.12723658051689846,1,1,0.20775347912524844,1,1,0.2912524850894631,1,1,0.3856858846918487,1,1,0.0
2024-11-01,20.193,20.34,19.99,20.3,1076512007.0,TRALT,20.3,20.193,20.34,19.99,0,0.008946322067594492,-0.014563106796116498,-0.00587659157688547,0.01770802520419037,0.030393821180430877,20.2575,22.558200000000003,22.4632,-0.09629972577370993,53.333333333333364,-0.5113672314596371,-0.6717191831969858,0.16035195173734862,-0.87890625,0.6114285714285713,222218361014.25,-0.00886699507389166,0,0,0.11921182266009844,1,1,0.14876847290640383,1,1,0.17241379310344818,1,1,0.2738916256157635,1,1,0.3497536945812807,1,1,0.0
2024-11-04,19.662,20.26,19.26,19.31,1031101065.0,TRALT,19.31,19.662,20.26,19.26,0,-0.04876847290640407,-0.06624758220502902,-0.0653436592449178,0.02051631542535703,0.030970441846522395,20.19,22.3708,22.457749999999997,-0.14016319533345944,49.10891089108911,-0.5663959906061287,-0.6506545446788145,0.08425855407268579,-3.353353353353361,0.6385714285714285,221187259949.25,0.04609010875194208,1,1,0.18694976696012455,1,1,0.2169860176074574,1,1,0.22527187985499753,1,1,0.3619886069394098,1,1,0.3837389953392025,1,1,1.0
2024-11-05,19.132,19.42,18.94,18.94,954018276.0,TRALT,18.94,19.132,19.42,18.94,0,-0.019161056447436375,-0.09377990430621996,-0.07247796278158669,0.020747826143342633,0.030986071977998377,20.116,22.1844,22.45045,-0.15636434904422847,42.57812500000002,-0.6325707051441931,-0.6470377767718902,0.014467071627697115,-5.583250249252236,0.6378571428571428,220233241673.25,0.04751847940865894,1,1,0.2460401267159451,1,1,0.24287222808870101,1,1,0.20274551214361147,1,1,0.3875395987328405,1,1,0.3843717001055964,1,1,1.0
2024-11-06,18.898,19.24,18.47,18.75,2326064166.0,TRALT,18.75,18.898,19.24,18.47,0,-0.010031678986272552,-0.09942363112391928,-0.06809145129224659,0.020641998278056076,0.03058968866994463,20.0475,22.032200000000003,22.4425,-0.1645315807062493,36.51115618661259,-0.6923649036552817,-0.6561032021485687,-0.03626170150671304,-8.447265625,0.6364285714285715,217907177507.25,0.04533333333333345,1,1,0.27359999999999984,1,1,0.2618666666666667,1,1,0.21066666666666656,1,1,0.42399999999999993,1,1,0.37173333333333325,1,1,1.0
2024-11-07,18.891,19.01,18.75,18.96,934363434.0,TRALT,18.96,18.891,19.01,18.75,0,0.011200000000000099,-0.05765407554671964,-0.06600985221674871,0.020718465621344533,0.030581629134261774,19.9805,21.8954,22.4355,-0.15491074413318184,33.96624472573839,-0.7145698750966716,-0.6677965367381893,-0.0467733383584823,-6.045589692765107,0.6192857142857144,218841540941.25,0.1371308016877637,1,1,0.27531645569620244,1,1,0.23206751054852304,1,1,0.19092827004219393,1,1,0.4546413502109703,1,1,0.3132911392405062,1,1,1.0
2024-11-08,19.26,19.42,19.0,19.31,1334992146.0,TRALT,19.31,19.26,19.42,19.0,0,0.01845991561181415,-0.04876847290640407,-0.028672032193158947,0.02082844884811769,0.030659291458242307,19.952,21.7724,22.431449999999998,-0.13915507022506346,42.70152505446621,-0.6959034581336923,-0.6734179210172899,-0.022485537116402332,-6.262135922330114,0.590714285714286,220176533087.25,0.10823407560849296,1,1,0.24287933713102028,1,1,0.15794924909373376,1,1,0.13723459347488354,1,1,0.3381667529777319,1,1,0.2874158467115484,1,1,1.0
2024-11-11,19.599,19.99,19.37,19.68,1461758446.0,TRALT,19.68,19.599,19.99,19.37,0,0.01916105644743671,0.01916105644743671,-0.015507753876938368,0.02127988583676446,0.03054239932000989,19.936500000000002,21.663199999999996,22.42885,-0.12255866885729771,46.10655737704919,-0.6438325792238544,-0.6675008526586028,0.02366827343474842,-4.835589941972918,0.6064285714285715,221638291533.25,0.07418699186991873,1,1,0.2357723577235773,1,1,0.11280487804878048,1,1,0.1260162601626016,1,1,0.3272357723577237,1,1,0.24593495934959342,1,1,1.0
2024-11-12,19.698,19.95,19.51,19.59,1267906077.0,TRALT,19.59,19.698,19.95,19.51,0,-0.004573170731707266,0.03431890179514241,0.009793814432989656,0.020197235711033566,0.030542738523857423,19.945999999999998,21.543400000000002,22.4263,-0.1264720439840723,40.219780219780205,-0.6028786703432267,-0.6545764161955276,0.051697745852300914,-6.267942583732056,0.5764285714285714,220370385456.25,0.08831036242981116,1,1,0.17611026033690647,1,1,0.10872894333843797,1,1,0.12302194997447669,1,1,0.24451250638080646,1,1,0.29862174578866774,1,1,1.0
2024-11-13,19.592,19.94,19.35,19.6,1491402237.0,TRALT,19.6,19.592,19.94,19.35,0,0.0005104645227158588,0.04533333333333345,-0.0050761421319796,0.0198958178320707,0.030524594896434686,19.941,21.433400000000002,22.425749999999997,-0.12600470441345313,43.192488262910814,-0.5631241415012198,-0.6362859612566661,0.07316181975544633,-5.859750240153694,0.5557142857142858,221861787693.25,0.060204081632653006,1,1,0.18877551020408156,1,1,0.12142857142857144,1,1,0.18367346938775508,1,1,0.30612244897959173,1,1,0.2979591836734694,1,1,1.0
2024-11-14,19.859,20.06,19.65,20.0,1664725777.0,TRALT,20.0,19.859,20.06,19.65,0,0.020408163265306145,0.05485232067510548,-0.003984063745019806,0.01995458425976831,0.027599152036175814,19.937,21.3446,22.426099999999998,-0.10818198438426652,42.92452830188676,-0.49365122982726817,-0.6077590149707865,0.11410778514351838,-0.5964214711729698,0.5485714285714286,223526513470.25,0.07699999999999996,1,1,0.1339999999999999,1,1,0.09200000000000008,1,1,0.18500000000000005,1,1,0.17599999999999993,1,1,0.28800000000000003,1,1,1.0
2024-11-15,20.161,20.32,19.98,20.12,1509324862.0,TRALT,20.12,20.161,20.32,19.98,0,0.006000000000000005,0.04194717762817213,-0.017578125,0.01945952174310446,0.027541478547490977,19.919,21.267400000000002,22.424300000000002,-0.10275906048349337,43.45794392523366,-0.4240225813097567,-0.5710117282385806,0.14698914692882392,-0.8866995073891659,0.5428571428571429,225035838332.25,0.12922465208747513,1,1,0.1590457256461233,1,1,0.09840954274353875,1,1,0.19184890656063613,1,1,0.205765407554672,1,1,0.28330019880715707,1,1,1.0
2024-11-18,20.109,20.42,19.82,20.2,1641809471.0,TRALT,20.2,20.109,20.42,19.82,0,0.00397614314115291,0.026422764227642226,0.011011011011010874,0.018657912335228524,0.02596368650424938,19.93,21.1998,22.420900000000003,-0.09905489966950498,41.54589371980676,-0.3582562888096028,-0.5284606403527851,0.17020435154318225,4.609010875194208,0.5542857142857144,226677647803.25,0.13465346534653477,1,1,0.1633663366336635,1,1,0.09504950495049513,1,1,0.21287128712871284,1,1,0.2504950495049507,1,1,0.24356435643564356,1,1,1.0
2024-11-19,20.016,20.48,19.71,19.84,2223698702.0,TRALT,19.84,20.016,20.48,19.71,0,-0.017821782178217838,0.012761613067891808,-0.010967098703888234,0.019088747021065208,0.025985913040952484,19.919000000000004,21.142200000000003,22.415400000000005,-0.11489422450636633,38.91402714932126,-0.33136524723472505,-0.48904156172917307,0.15767631449444802,4.751847940865894,0.5807142857142856,224453949101.25,0.18951612903225823,1,1,0.186491935483871,1,1,0.13810483870967727,1,1,0.28528225806451624,1,1,0.3256048387096775,1,1,0.278225806451613,1,1,1.0
2024-11-20,20.216,20.64,19.58,19.6,2656019547.0,TRALT,19.6,20.216,20.64,19.58,0,-0.012096774193548265,0.0,-0.04296875,0.018569622843899968,0.024710886711336397,19.875,21.0766,22.409699999999997,-0.12537874224108292,43.43434343434343,-0.32566582437994285,-0.45636641425932706,0.1307005898793842,4.533333333333345,0.5928571428571429,221797929554.25,0.21836734693877546,1,1,0.20714285714285707,1,1,0.14591836734693864,1,1,0.263265306122449,1,1,0.380612244897959,1,1,0.2928571428571427,1,1,1.0
2024-11-21,21.123,21.56,20.12,21.56,4678495633.0,TRALT,21.56,21.123,21.56,20.12,0,0.09999999999999987,0.07799999999999985,0.06838453914767095,0.029150194929004513,0.028058999122292302,19.944,21.0698,22.413700000000002,-0.03808831205914254,60.975609756097555,-0.16113589679422802,-0.3973203107663073,0.2361844139720793,13.71308016877637,0.7078571428571426,226476425187.25,0.12152133580705016,1,1,0.08348794063079779,1,1,0.045454545454545414,1,1,0.16326530612244894,1,1,0.3432282003710576,1,1,0.16141001855287573,1,1,1.0
2024-11-22,22.53,23.7,21.4,21.4,5996096654.0,TRALT,21.4,22.53,23.7,21.4,0,-0.007421150278293154,0.06361829025844923,0.03883495145631044,0.028961124825829788,0.028032041686468192,19.983999999999998,21.0526,22.414699999999996,-0.04526939909969785,71.28309572301428,-0.04315790912115958,-0.32648783043727775,0.28332992131611817,10.823407560849297,0.7978571428571427,220480328533.25,0.12149532710280386,1,1,0.04485981308411224,1,1,0.08037383177570101,1,1,0.17943925233644853,1,1,0.30560747663551413,1,1,0.17850467289719618,1,1,1.0
2024-11-25,21.47,21.84,21.1,21.14,2822341870.0,TRALT,21.14,21.47,21.84,21.1,0,-0.012149532710280297,0.046534653465346576,0.022243713733075543,0.0291361533933127,0.028029542710354852,20.007,21.0046,22.415,-0.05688155253178673,72.91666666666669,0.029026074487330078,-0.25538504945235624,0.2844111239396863,7.418699186991873,0.8164285714285712,217657986663.25,0.1504257332071901,1,1,0.03595080416272456,1,1,0.11163670766319767,1,1,0.183538315988647,1,1,0.33112582781456945,1,1,0.18543046357615878,1,1,1.0
2024-11-26,21.486,21.96,21.08,21.32,2456315796.0,TRALT,21.32,21.486,21.96,21.08,0,0.008514664143803197,0.07459677419354849,0.02009569377990439,0.029104917429309676,0.027944744231232277,20.028,20.9514,22.4148,-0.04884272891125507,76.82672233820463,0.09960867048273059,-0.18438630546533888,0.28399497594806944,8.831036242981117,0.8242857142857142,220114302459.25,0.08067542213883683,1,1,0.018761726078799112,1,0,0.06566604127579723,1,1,0.16791744840525324,1,1,0.3836772983114447,1,1,0.1772983114446529,1,1,1.0
2024-11-27,21.108,21.58,20.76,20.78,1708598248.0,TRALT,20.78,21.108,21.58,20.76,0,-0.025328330206378924,0.060204081632653006,-0.0019212295869356355,0.02969861941116702,0.028021652083144274,20.026,20.8862,22.4125,-0.07283881762409372,67.77343750000003,0.11069636055909271,-0.12536977226045257,0.23606613281954528,6.020408163265301,0.8642857142857139,218405704211.25,0.12127045235803657,1,1,0.0577478344562079,1,1,0.11164581328200196,1,1,0.19730510105871013,1,1,0.3820981713185754,1,1,0.23965351299326265,1,1,1.0
2024-11-28,21.079,21.58,20.5,21.54,2791733255.0,TRALT,21.54,21.079,21.58,20.5,0,0.03657362848893153,-0.0009276437847866026,0.07057654075546704,0.02962525942630802,0.02830057626971392,20.097,20.843400000000003,22.4146,-0.03901921069303049,70.16274864376133,0.17874858086895884,-0.06454610163457028,0.24329468250352912,7.699999999999996,0.908571428571428,221197437466.25,0.052924791086351064,1,1,0.013927576601671321,1,0,0.06313834726090994,1,1,0.07892293407613749,1,1,0.30454967502321284,1,1,0.19034354688950805,1,1,1.0
2024-11-29,22.22,22.8,21.32,22.72,3478886675.0,TRALT,22.72,22.22,22.8,21.32,0,0.05478180129990706,0.06168224299065428,0.11921182266009844,0.03174010635209795,0.029129282963229534,20.218,20.812600000000003,22.4221,0.013285999081263489,73.9747634069401,0.3241598807599466,0.013195094844333094,0.3109647859156135,12.922465208747514,0.9657142857142852,224676324141.25,0.026408450704225483,1,1,-0.027288732394366133,0,-1,-0.02640845070422526,0,-1,0.02376760563380298,1,1,0.20246478873239449,1,1,0.09771126760563398,1,1,0.0
2024-12-02,22.863,23.1,22.48,22.92,1469591990.0,TRALT,22.92,22.863,23.1,22.48,0,0.008802816901408494,0.0842005676442763,0.18694976696012455,0.02899268453848375,0.029074817490748514,20.3985,20.784200000000002,22.426,0.02202800321055931,75.81395348837214,0.45034639912742236,0.10062535570095095,0.3497210434264714,13.465346534653477,0.9785714285714283,226145916131.25,0.02530541012216392,1,1,-0.034904013961605584,0,-1,-0.04973821989528793,0,-1,0.014834205933682343,1,0,0.21727748691099458,1,1,0.023560209424083656,1,1,0.0
2024-12-03,23.542,24.14,22.44,23.6,2745005698.0,TRALT,23.6,23.542,24.14,22.44,0,0.029668411867364686,0.10694183864915585,0.2460401267159451,0.028549876009802785,0.02892421144874099,20.6315,20.7846,22.429500000000004,0.05218573753315936,78.08988764044948,0.5983233420178671,0.20016495296433418,0.3981583890535329,18.951612903225822,1.0578571428571426,228890921829.25,-0.0025423728813560587,0,0,-0.043220338983051,0,-1,-0.06864406779661025,0,-1,-0.016949152542372947,0,0,0.21355932203389827,1,1,-0.011864406779661052,0,0,0.0
2024-12-04,23.861,24.2,23.52,23.88,1914317367.0,TRALT,23.88,23.861,24.2,23.52,0,0.011864406779660941,0.14918190567853684,0.27359999999999984,0.028099775459871034,0.028947846050116393,20.887999999999998,20.786199999999997,22.4357,0.06437508078642518,77.71428571428575,0.7297773759973545,0.30608743757093826,0.4236899384264162,21.836734693877546,1.0735714285714284,230805239196.25,-0.009212730318257867,0,0,-0.0594639865996649,0,-1,-0.03601340033500833,0,-1,-0.021775544388609736,0,-1,0.2445561139028476,1,1,-0.019262981574539206,0,0,0.0
2024-12-05,24.09,24.36,23.6,24.18,1657658934.0,TRALT,24.18,24.09,24.36,23.6,0,0.012562814070351758,0.12256267409470745,0.27531645569620244,0.028098041691060702,0.02840029545774874,21.149,20.787799999999997,22.4431,0.0773912694770329,78.2729805013928,0.8483835008986951,0.4145466502364896,0.43383685066220545,12.152133580705016,1.1035714285714282,232462898130.25,-0.03391232423490487,0,-1,-0.06782464846980973,0,-1,-0.03887510339123246,0,-1,-0.07361455748552526,0,-1,0.21009098428453266,1,1,-0.04218362282878407,0,-1,0.0
2024-12-06,24.124,24.34,23.92,24.0,1516693164.0,TRALT,24.0,24.124,24.34,23.92,0,-0.007444168734491274,0.05633802816901423,0.24287933713102028,0.028408766476725352,0.028362544205543003,21.3835,20.7942,22.4475,0.06916137654527232,76.09890109890114,0.9172813651273941,0.5150935932146705,0.4021877719127236,12.149532710280386,1.090714285714285,230946204966.25,-0.06833333333333336,0,-1,-0.036666666666666625,0,-1,0.008333333333333304,1,0,-0.03500000000000003,0,-1,0.18249999999999988,1,1,-0.046666666666666745,0,-1,0.0
2024-12-09,24.148,24.42,23.78,24.32,2082584138.0,TRALT,24.32,24.148,24.42,23.78,0,0.01333333333333342,0.061082024432809634,0.2357723577235773,0.028353720835078155,0.02744677951880281,21.6155,20.8078,22.449,0.08334446968684572,80.93922651933705,0.9863348899205064,0.6093418525558377,0.3769930373646687,15.042573320719011,1.081428571428571,233028789104.25,-0.09950657894736847,0,-1,-0.033717105263157854,0,-1,-0.006578947368421018,0,0,-0.03782894736842113,0,-1,0.1702302631578947,1,1,-0.024671052631578982,0,-1,0.0
2024-12-10,23.905,24.32,23.04,23.04,1881107714.0,TRALT,23.04,23.905,24.32,23.04,0,-0.052631578947368474,-0.023728813559322104,0.17611026033690647,0.031594875643968415,0.028198048408353462,21.788000000000004,20.8042,22.447000000000003,0.02641778411368989,70.77294685990339,0.9270881086054708,0.6728911037657643,0.2541970048397064,8.067542213883684,1.0971428571428565,231147681390.25,-0.05729166666666663,0,-1,-0.01388888888888895,0,0,0.04600694444444464,1,1,0.04600694444444464,1,1,0.23350694444444464,1,1,0.07204861111111116,1,1,0.0
2024-12-11,23.523,24.32,22.88,23.3,2997393351.0,TRALT,23.3,23.523,24.32,22.88,0,0.011284722222222321,-0.024288107202680043,0.18877551020408156,0.031541400328447426,0.02823547250857694,21.973,20.834600000000002,22.443399999999997,0.03816712262847899,63.221884498480264,0.8908453242862286,0.7164819478698572,0.17436337641637145,12.127045235803656,1.0599999999999998,234145074741.25,-0.05665236051502143,0,-1,-0.008583690987124415,0,0,0.04463519313304709,1,1,0.07038626609442056,1,1,0.19656652360515015,1,1,0.057510729613733824,1,1,0.0
2024-12-12,23.019,23.64,22.54,22.68,1923194237.0,TRALT,22.68,23.019,23.64,22.54,0,-0.026609442060085864,-0.06203473945409432,0.1339999999999999,0.032398198377506425,0.02837875327488877,22.107,20.837,22.4384,0.010767256132344416,59.09090909090909,0.8028392075200266,0.7337533997998911,0.0690858077201355,5.292479108635106,0.9742857142857141,232221880504.25,-0.03703703703703698,0,-1,0.00970017636684295,1,0,0.0714285714285714,1,1,0.14550264550264558,1,1,0.2292768959435625,1,1,0.08024691358024683,1,1,1.0
2024-12-13,23.057,23.38,22.7,23.32,1630734365.0,TRALT,23.32,23.057,23.38,22.7,0,0.02821869488536155,-0.02833333333333332,0.1590457256461233,0.032748619877841195,0.02843797963880907,22.267,20.895,22.4358,0.039410228295848615,64.69002695417788,0.7757935125320294,0.7421614223463189,0.03363209018571056,2.6408450704225483,0.9714285714285713,233852614869.25,-0.05231560891938247,0,-1,-0.05145797598627788,0,-1,0.020583190394511064,1,1,0.10891938250428823,1,1,0.1749571183533447,1,1,0.0969125214408233,1,1,0.0
2024-12-16,23.55,23.88,23.16,23.5,1636468426.0,TRALT,23.5,23.55,23.88,23.16,0,0.007718696397941649,-0.033717105263157854,0.1633663366336635,0.032735685028704026,0.028453075268684028,22.432,20.9518,22.436099999999996,0.04741911473027871,64.69002695417788,0.7601218881108736,0.7457535154992299,0.014368372611643698,2.530541012216392,0.9599999999999996,235489083295.25,-0.05872340425531908,0,-1,-0.07319148936170206,0,-1,0.006808510638297793,1,0,0.11914893617021272,1,1,0.1370212765957446,1,1,0.05957446808510625,1,1,0.0
2024-12-17,23.452,23.68,23.16,23.54,1052074041.0,TRALT,23.54,23.452,23.68,23.16,0,0.0017021276595743373,0.02170138888888884,0.186491935483871,0.0322091522339111,0.028160302041094126,22.616999999999997,21.014200000000002,22.4398,0.04902895747733926,69.9421965317919,0.7423720753807821,0.7450772274755404,-0.0027051520947583008,-0.25423728813560587,0.9385714285714284,236541157336.25,-0.04078164825828379,0,-1,-0.06627017841971106,0,-1,-0.03228547153780792,0,-1,0.11639762107051843,1,1,0.1138487680543756,1,1,0.028037383177570208,1,1,0.0
2024-12-18,23.686,24.04,23.38,23.66,1429188326.0,TRALT,23.66,23.686,24.04,23.38,0,0.005097706032285432,0.015450643776824036,0.20714285714285707,0.031841894675799134,0.028142756452739795,22.82,21.085,22.448100000000004,0.05398675166272415,66.87898089171975,0.729578095887053,0.7419774011578429,-0.012399305270789918,-0.9212730318257867,0.9085714285714285,237970345662.25,-0.05071851225697377,0,-1,-0.027049873203719432,0,-1,-0.04057480980557904,0,-1,0.12848689771766697,1,1,0.08706677937447171,1,1,0.004226542688081203,1,0,0.0
2024-12-19,23.621,23.94,23.16,23.36,1268744234.0,TRALT,23.36,23.621,23.94,23.16,0,-0.012679628064243498,0.029982363315696592,0.08348794063079779,0.024091157997804084,0.02814457424930689,22.91,21.1462,22.457400000000003,0.04019165174953443,55.925925925925924,0.6873084185527993,0.7310436046368343,-0.04373518608403493,-3.3912324234904867,0.8585714285714285,236701601428.25,-0.0351027397260274,0,-1,-0.005136986301369939,0,0,-0.03339041095890416,0,-1,0.18065068493150682,1,1,0.06592465753424648,1,1,0.023116438356164393,1,1,0.0
2024-12-20,22.631,23.5,22.12,22.36,1476266128.0,TRALT,22.36,22.631,23.5,22.12,0,-0.042808219178082196,-0.04116638078902235,0.04485981308411224,0.02620364102301446,0.028596097540675342,22.958,21.1958,22.4547,-0.0042173798803814,45.48387096774192,0.5665864956435946,0.6981521828381864,-0.13156568719459172,-6.833333333333336,0.9128571428571427,235225335300.25,0.033989266547406194,1,1,0.08228980322003587,1,1,-0.017889087656529412,0,0,0.15563506261180682,1,1,0.11180679785330949,1,1,0.022361359570661987,1,1,1.0
2024-12-23,22.198,22.62,21.84,21.9,1207217191.0,TRALT,21.9,22.198,22.62,21.84,0,-0.020572450805009024,-0.06808510638297882,0.03595080416272456,0.026517685751429647,0.028712504491565115,22.996,21.234,22.450300000000002,-0.024511921889685317,35.78595317725751,0.42885180965325986,0.6442921082012011,-0.21544029854794122,-9.950657894736848,0.8471428571428571,234018118109.25,0.0730593607305936,1,1,0.10319634703196345,1,1,0.01187214611872145,1,0,0.19269406392694077,1,1,0.11963470319634717,1,1,0.03196347031963476,1,1,1.0
2024-12-24,21.635,21.98,21.24,21.72,984717028.0,TRALT,21.72,21.635,21.98,21.24,0,-0.008219178082191747,-0.07731520815632964,0.018761726078799112,0.026568665379043444,0.02864363063141681,23.016,21.2804,22.4446,-0.032283934665799485,31.632653061224502,0.3016938441662127,0.5757724553942034,-0.2740786112279907,-5.7291666666666625,0.8514285714285715,233033401081.25,0.046040515653775316,1,1,0.10957642725598538,1,1,0.012891344383057168,1,0,0.12246777163904232,1,1,0.17127071823204432,1,1,0.047882136279926435,1,1,1.0
2024-12-25,22.098,22.36,21.82,21.98,776792738.0,TRALT,21.98,22.098,22.36,21.82,0,0.011970534069981609,-0.07100591715976334,0.0577478344562079,0.02590444822147946,0.02753050285702521,23.076,21.326,22.4325,-0.0201716259890784,31.16438356164386,0.21937129178557768,0.5044922226724783,-0.2851209308869006,-5.665236051502143,0.8428571428571432,233810193819.25,0.05095541401273884,1,1,0.10737033666969964,1,1,0.0555050045495904,1,1,0.16469517743403106,1,1,0.1574158325750683,1,1,0.034576888080072754,1,1,1.0
2024-12-26,22.048,22.38,21.8,21.84,1101570260.0,TRALT,21.84,22.048,22.38,21.8,0,-0.006369426751592355,-0.06506849315068497,0.013927576601671321,0.02474011272298243,0.027150090537422362,23.091,21.3612,22.4238,-0.026034837984641346,31.379310344827616,0.14120551665219594,0.4318348814684218,-0.29062936481622587,-3.703703703703698,0.8542857142857146,232708623559.25,0.048534798534798584,1,1,0.11263736263736268,1,1,0.08516483516483508,1,1,0.07692307692307687,1,1,0.17948717948717952,1,1,0.08333333333333326,1,1,1.0
2024-12-27,22.067,22.26,21.84,22.1,1052311960.0,TRALT,22.1,22.067,22.26,21.84,0,0.011904761904762085,-0.011627906976744096,-0.027288732394366133,0.021475191986200477,0.024175218180128404,23.060000000000002,21.393600000000003,22.410099999999996,-0.013837510765235095,30.662020905923384,0.09909608580236906,0.36528712233521127,-0.2661910365328422,-5.231560891938248,0.838571428571429,233760935519.25,0.0009049773755656076,1,0,0.07692307692307687,1,1,0.08506787330316734,1,1,0.09773755656108607,1,1,0.16832579185520347,1,1,0.045248868778280604,1,1,1.0
2024-12-30,22.22,22.44,22.06,22.12,988155011.0,TRALT,22.12,22.22,22.44,22.06,0,0.0009049773755656076,0.010045662100456765,-0.034904013961605584,0.021354621294614382,0.024138551983859193,23.020000000000003,21.4364,22.394699999999997,-0.01226629515019162,39.7321428571429,0.06657050794791886,0.30554379945775284,-0.23897329150983398,-5.872340425531908,0.7742857142857148,234749090530.25,-0.015370705244122984,0,0,0.06962025316455689,1,1,0.10759493670886067,1,1,0.14195298372513565,1,1,0.13562386980108498,1,1,0.04339963833634708,1,1,1.0
2024-12-31,22.375,23.06,21.72,22.58,1626340092.0,TRALT,22.58,22.375,23.06,21.72,0,0.020795660036166286,0.03959484346224684,-0.043220338983051,0.020755581180680167,0.02420441656273181,22.969,21.486800000000002,22.3809,0.008895978267183136,42.307692307692285,0.07702402378334483,0.2598398443228712,-0.18281582053952639,-4.078164825828379,0.7671428571428576,236375430622.25,-0.026572187776793488,0,-1,0.008857395925597977,1,0,0.129317980513729,1,1,0.1647475642161207,1,1,0.12311780336581046,1,1,0.0310008857395927,1,1,1.0
2025-01-02,22.803,23.26,22.34,22.46,1758980986.0,TRALT,22.46,22.803,23.26,22.34,0,-0.005314437555358653,0.021838034576888044,-0.0594639865996649,0.02050563305933905,0.024125211165071724,22.898,21.5264,22.3725,0.003911051514135844,47.3684210526316,0.07476368406713263,0.2228246122717235,-0.14806092820459088,-5.071851225697377,0.7542857142857147,234616449636.25,0.024933214603739984,1,1,0.010685663401602818,1,0,0.10240427426536058,1,1,0.20480854853072117,1,1,0.12822796081923404,1,1,0.06856634016028496,1,1,1.0
2025-01-03,22.619,22.86,22.38,22.54,1210006236.0,TRALT,22.54,22.619,22.86,22.38,0,0.003561887800534125,0.03205128205128194,-0.06782464846980973,0.020246515390570718,0.02410938967166079,22.816,21.573600000000003,22.3697,0.00761297648157977,39.226519337016555,0.07852252122317793,0.19396419406201443,-0.1154416728388365,-3.51027397260274,0.7385714285714291,235826455872.25,0.03105590062111796,1,1,0.0017746228926351915,1,0,0.11268855368234254,1,1,0.2848269742679681,1,1,0.11091393078970713,1,1,0.08251996450754207,1,1,1.0
2025-01-06,22.883,23.26,22.58,23.12,1875848852.0,TRALT,23.12,22.883,23.26,22.58,0,0.025732031943212164,0.04615384615384621,-0.036666666666666625,0.021225200645029457,0.024112854688102942,22.772,21.624000000000002,22.3712,0.033471606351022754,45.273631840796035,0.12684044183007614,0.1805394436156268,-0.05369900178555065,3.3989266547406194,0.7385714285714293,237702304724.25,0.04671280276816603,1,1,-0.05017301038062283,0,-1,0.09169550173010377,1,1,0.20847750865051906,1,1,0.09083044982698962,1,1,0.05882352941176472,1,1,0.0
2025-01-07,23.43,23.68,23.12,23.5,2471058609.0,TRALT,23.5,23.43,23.68,23.12,0,0.016435986159169413,0.06238698010849908,-0.033717105263157854,0.021351431057622394,0.024174788683459285,22.731,21.6804,22.372600000000002,0.05039199735390598,49.54128440366974,0.1935642777263027,0.183144410437762,0.01041986728854069,7.30593607305936,0.7414285714285721,240173363333.25,0.028085106382978786,1,1,-0.05702127659574463,0,-1,0.0646808510638297,1,1,0.19744680851063823,1,1,0.06638297872340426,1,1,0.0646808510638297,1,1,0.0
2025-01-08,23.036,23.68,22.62,22.72,3665363741.0,TRALT,22.72,23.036,23.68,22.62,0,-0.03319148936170213,0.00620017714791854,-0.01388888888888895,0.01923889275554463,0.024263061262858824,22.714999999999996,21.7168,22.374899999999997,0.015423532619140312,40.63745019920317,0.1814127043945568,0.18279806922912098,-0.0013853648345641678,4.604051565377532,0.7700000000000006,236507999592.25,0.06073943661971848,1,1,-0.03169014084507038,0,-1,0.09595070422535201,1,1,0.2984154929577465,1,1,0.10475352112676073,1,1,0.08978873239436624,1,1,0.0
2025-01-09,22.932,23.12,22.72,23.1,1611981217.0,TRALT,23.1,22.932,23.12,22.72,0,0.01672535211267623,0.02849510240427433,-0.008583690987124415,0.019451904825050974,0.024274656505117988,22.705000000000002,21.7624,22.379299999999997,0.03220386696634847,47.450980392156886,0.2001382500247324,0.18626610538824329,0.013872144636489114,5.095541401273884,0.7428571428571435,238119980809.25,0.05367965367965355,1,1,0.0043290043290042934,1,0,0.07705627705627704,1,1,0.2432900432900431,1,1,0.11515151515151523,1,1,0.04069264069264067,1,1,0.0
2025-01-10,23.247,23.56,22.86,22.9,1669343107.0,TRALT,22.9,23.247,23.56,22.86,0,-0.008658008658008809,0.015971606033717833,0.00970017636684295,0.018565544927921885,0.02422376559249741,22.716,21.818,22.382999999999996,0.0230978867890812,56.27906976744184,0.19657406782587117,0.1883276978757689,0.008246369950102278,4.853479853479858,0.694285714285715,236450637702.25,0.061135371179039444,1,1,0.03493449781659397,1,1,0.014847161572052459,1,0,0.22707423580786035,1,1,0.11965065502183414,1,1,0.049781659388646426,1,1,1.0
2025-01-13,22.484,23.12,21.98,22.12,1459370454.0,TRALT,22.12,22.484,23.12,21.98,0,-0.03406113537117894,-0.04325259515570934,-0.05145797598627788,0.018917444148644085,0.02456499992571198,22.656,21.854399999999995,22.382799999999996,-0.011741158389477424,52.380952380952415,0.12931923484584118,0.17652600526978338,-0.047206770423942196,0.09049773755656076,0.7200000000000006,234991267248.25,0.07594936708860756,1,1,0.08408679927667273,1,1,0.051537070524412254,1,1,0.2350813743218807,1,1,0.1274864376130198,1,1,0.06871609403254975,1,1,1.0
2025-01-14,21.999,22.44,21.7,21.78,1143241842.0,TRALT,21.78,21.999,22.44,21.7,0,-0.015370705244122984,-0.07319148936170206,-0.07319148936170206,0.018967647946945564,0.02443019296532185,22.57,21.9038,22.3787,-0.026753117920164993,50.627615062761535,0.04803047128774551,0.1508268984733758,-0.10279642718563028,-1.5370705244122984,0.7200000000000006,233848025406.25,0.08631772268135895,1,1,0.12488521579430656,1,1,0.06795224977043168,1,1,0.28099173553719003,1,1,0.07713498622589521,1,1,0.11202938475665736,1,1,1.0
2025-01-15,21.866,22.12,21.54,21.98,1458012282.0,TRALT,21.98,21.866,22.12,21.54,0,0.009182736455463747,-0.03257042253521125,-0.06627017841971106,0.01915100514151722,0.024447510548341645,22.491999999999997,21.964599999999997,22.378399999999996,-0.017802881349872846,50.0,-0.00025024627244718545,0.1206114695242112,-0.12086171579665839,-2.6572187776793488,0.7157142857142864,235306037688.25,0.036396724294813554,1,1,0.16014558689717928,1,1,0.0555050045495904,1,1,0.3030027297543221,1,1,0.060964513193812575,1,1,0.1155595996360328,1,1,1.0
2025-01-16,22.477,23.1,22.04,23.02,1474252147.0,TRALT,23.02,22.477,23.1,22.04,0,0.047315741583257465,-0.0034632034632035014,-0.027049873203719432,0.022202735950615206,0.025027522097280392,22.46,22.05,22.387600000000003,0.02824778002108297,60.49822064056939,0.0448887954826418,0.10546693471589733,-0.06057813923325553,2.4933214603739984,0.7542857142857152,236780289835.25,-0.013900955690703709,0,0,0.07558644656820168,1,1,0.01476976542137276,1,0,0.2910512597741095,1,1,0.017376194613379692,1,0,0.034752389226759384,1,1,1.0
2025-01-17,23.102,23.34,22.8,23.24,1584227432.0,TRALT,23.24,23.102,23.34,22.8,0,0.009556907037358675,0.014847161572052459,-0.005136986301369939,0.022150937761624204,0.024945393018211928,22.454,22.135600000000004,22.395799999999998,0.037694567731449746,60.21505376344084,0.09729244591203923,0.10383203695512572,-0.00653959104308649,3.105590062111796,0.7628571428571436,238364517267.25,-0.02839931153184161,0,-1,0.0791738382099827,1,1,-0.03614457831325302,0,-1,0.25903614457831337,1,1,-0.0034423407917383297,0,0,0.002581755593803914,1,0,0.0
2025-01-20,23.946,24.38,23.32,24.2,2297866879.0,TRALT,24.2,23.946,24.38,23.32,0,0.04130808950086062,0.09403254972875219,0.08228980322003587,0.021578106035504366,0.025335485913389317,22.546,22.233399999999996,22.404899999999998,0.08012086641761407,65.95092024539876,0.21382188774804334,0.12583000711370923,0.08799188063433411,4.671280276816603,0.8171428571428577,240662384146.25,-0.09256198347107436,0,-1,0.04297520661157028,1,1,-0.04297520661157017,0,-1,0.17272727272727262,1,1,-0.054545454545454564,0,-1,-0.014049586776859524,0,0,0.0
2025-01-21,24.231,24.5,23.96,24.16,1682577713.0,TRALT,24.16,24.231,24.5,23.96,0,-0.0016528925619834212,0.10927456382001832,0.10319634703196345,0.020837779823586953,0.02534229285566311,22.659,22.323,22.409199999999995,0.07812862574299873,62.950819672131175,0.2994922836281262,0.16056246241659264,0.13892982121153355,2.8085106382978786,0.7600000000000006,238979806433.25,-0.08278145695364236,0,-1,0.0355960264900661,1,1,-0.03145695364238421,0,-1,0.17798013245033117,1,1,-0.018211920529801362,0,0,0.01407284768211925,1,0,0.0
2025-01-22,24.14,24.38,23.74,24.1,1688484683.0,TRALT,24.1,24.14,24.38,23.74,0,-0.002483443708609201,0.09645131938125573,0.10957642725598538,0.02068331614373873,0.025331061316477225,22.778,22.413199999999996,22.4203,0.07491871206005274,63.576158940397356,0.35841362189738746,0.2001326943127516,0.15828092758463586,6.073943661971848,0.7400000000000004,237291321750.25,-0.08713692946058094,0,-1,0.03319502074688785,1,1,0.0,0,0,0.17925311203319505,1,1,0.024896265560165887,1,1,0.03070539419087126,1,1,0.0
2025-01-23,24.386,24.72,24.1,24.34,1914679051.0,TRALT,24.34,24.386,24.72,24.1,0,0.009958506224066355,0.05734144222415294,0.10737033666969964,0.020654624043876947,0.025333477454904954,22.895999999999997,22.508000000000003,22.435100000000002,0.08490713212778189,64.51612903225808,0.4196378769870073,0.24403373084760277,0.1756041461394045,5.367965367965355,0.7500000000000002,239206000801.25,-0.04683648315529998,0,-1,0.022185702547247388,1,1,0.024650780608052703,1,1,0.14543960558751023,1,1,0.012325390304026351,1,0,0.025472473294987807,1,1,0.0
2025-01-24,24.394,24.64,24.2,24.3,1107075617.0,TRALT,24.3,24.394,24.64,24.2,0,-0.0016433853738700988,0.04561101549053359,0.11263736263736268,0.020540642448000274,0.024884112955564704,23.019,22.594,22.450300000000002,0.0823908811908971,60.42402826855124,0.45963251699184227,0.2871534880764507,0.17247902891539157,6.113537117903944,0.7300000000000002,238098925184.25,-0.024691358024691468,0,-1,-0.043621399176954845,0,-1,0.06913580246913575,1,1,0.14732510288065837,1,1,0.008230452674897082,1,0,0.013991769547325061,1,0,0.0
2025-01-27,23.847,24.16,23.52,23.8,1447416521.0,TRALT,23.8,23.847,24.16,23.52,0,-0.020576131687242816,-0.016528925619834656,0.07692307692307687,0.021282444432378384,0.02506483831266062,23.104,22.667599999999997,22.4591,0.059704084313262795,52.59515570934257,0.4458433316168069,0.31889145678452196,0.12695187483228493,7.594936708860756,0.7457142857142861,236651508663.25,0.007563025210084007,1,0,-0.02268907563025202,0,-1,0.08655462184873941,1,1,0.15126050420168058,1,1,0.07478991596638651,1,1,0.03949579831932759,1,1,0.0
2025-01-28,23.615,24.02,23.32,23.66,1917129111.0,TRALT,23.66,23.615,24.02,23.32,0,-0.00588235294117645,-0.020695364238410563,0.06962025316455689,0.021387015780921087,0.02415987846934823,23.181,22.736800000000002,22.458900000000003,0.053479912195165236,59.14396887159535,0.41879091194557816,0.3388713478167332,0.07991956412884493,8.631772268135895,0.7200000000000004,234734379552.25,0.035502958579881616,1,1,-0.01690617075232459,0,0,0.11158072696534238,1,1,0.12933220625528308,1,1,0.052409129332206206,1,1,0.029585798816567976,1,1,0.0
2025-01-29,23.467,24.08,22.72,22.78,1933110681.0,TRALT,22.78,23.467,24.08,22.72,0,-0.03719357565511405,-0.05477178423236517,0.008857395925597977,0.022814420589893736,0.024557640273980507,23.191,22.7956,22.4492,0.014735491687899893,47.16312056737588,0.3226240200442376,0.3356218822622341,-0.012997862217996481,3.6396724294813554,0.7885714285714288,232801268871.25,0.11940298507462677,1,1,0.01843722563652328,1,0,0.1536435469710271,1,1,0.1510096575943809,1,1,0.0623353819139596,1,1,0.0017559262510973284,1,0,1.0
2025-01-30,22.859,23.08,22.58,22.7,1202883235.0,TRALT,22.7,22.859,23.08,22.58,0,-0.00351185250219499,-0.06737880032867705,0.010685663401602818,0.022793012374676784,0.02451170081348761,23.203,22.8576,22.4391,0.011627026039368715,48.18840579710145,0.2372211956765824,0.3159417449451038,-0.0787205492685214,-1.390095569070371,0.7742857142857146,231598385636.25,0.09074889867841418,1,1,0.029074889867841458,1,1,0.17621145374449343,1,1,0.13303964757709252,1,1,0.046696035242290934,1,1,-0.004405286343612258,0,0,1.0
2025-01-31,22.836,23.1,22.58,22.58,1248589128.0,TRALT,22.58,22.836,23.1,22.58,0,-0.005286343612334821,-0.0707818930041153,0.0017746228926351915,0.022821978877590767,0.024516122724049853,23.205000000000002,22.878,22.429499999999997,0.00670991328384507,54.732510288065825,0.15803412592213562,0.2843602211405102,-0.12632609521837457,-2.839931153184161,0.7300000000000004,230349796508.25,0.11071744906997338,1,1,-0.00797165633303809,0,0,0.22143489813994677,1,1,0.10274579273693529,1,1,0.05845881310894607,1,1,0.007085916740478204,1,0,1.0
2025-02-03,21.973,22.4,21.72,21.96,1111100587.0,TRALT,21.96,21.973,22.4,21.72,0,-0.027457927369353263,-0.07731092436974785,-0.05017301038062283,0.022805830427390573,0.024747523611285457,23.147,22.889200000000002,22.416700000000002,-0.0203732039060166,51.75097276264591,0.04473332624646531,0.23643484216170121,-0.1917015159152359,-9.256198347107436,0.7385714285714288,229238695921.25,0.14936247723132956,1,1,0.05464480874316946,1,1,0.1766848816029143,1,1,0.1320582877959926,1,1,0.040983606557376984,1,1,0.040983606557376984,1,1,1.0
2025-02-04,22.192,22.54,21.98,22.16,1335592122.0,TRALT,22.16,22.192,22.54,21.98,0,0.009107468123861429,-0.06339814032121727,-0.05702127659574463,0.02254593417657198,0.02466630655064325,23.08,22.909599999999998,22.409000000000002,-0.011111606943638774,51.75097276264591,-0.02859047208913168,0.18342977931153465,-0.21202025140066633,-8.278145695364236,0.7385714285714285,230574288043.25,0.1290613718411553,1,1,0.05595667870036092,1,1,0.17870036101083042,1,1,0.10649819494584833,1,1,0.019855595667870096,1,0,0.044223826714801406,1,1,1.0
2025-02-05,22.142,22.5,21.64,22.0,1668266470.0,TRALT,22.0,22.142,22.5,21.64,0,-0.0072202166064981865,-0.034240561896400346,-0.03169014084507038,0.021416370987387724,0.024681124464086657,23.044,22.923199999999998,22.403,-0.017988662232736652,38.0281690140845,-0.0984756078553275,0.12704870187816222,-0.22552430973348972,-8.713692946058094,0.7199999999999999,228906021573.25,0.13181818181818183,1,1,0.09545454545454546,1,1,0.10818181818181816,1,1,0.15636363636363648,1,1,0.03454545454545466,1,1,0.044545454545454666,1,1,1.0
2025-02-06,22.923,23.6,22.14,23.2,3132587105.0,TRALT,23.2,22.923,23.6,22.14,0,0.05454545454545445,0.022026431718061623,0.0043290043290042934,0.02454192152977761,0.025586530063582476,23.049,22.9716,22.401299999999996,0.03565418078415106,49.61832061068703,-0.05638019447721021,0.09036292260708774,-0.14674311708429794,-4.683648315529998,0.7957142857142857,232038608678.25,0.07241379310344831,1,1,0.07500000000000018,1,1,0.10344827586206895,1,1,0.09655172413793123,1,1,-0.01982758620689662,0,0,-0.0060344827586207295,0,0,1.0
2025-02-07,23.377,23.82,23.08,23.7,1740394609.0,TRALT,23.7,23.377,23.82,23.08,0,0.02155172413793105,0.049601417183348095,0.03493449781659397,0.024876068177216253,0.025600040281886043,23.089000000000002,23.0148,22.4025,0.057917643120187545,44.76987447698744,0.01712909172475463,0.07571615643062111,-0.058587064705866485,-2.4691358024691468,0.7671428571428572,233779003287.25,-0.01940928270042197,0,0,0.09620253164556969,1,1,-0.0075949367088608,0,0,0.08691983122362879,1,1,-0.0016877637130801038,0,0,-0.032911392405063244,0,-1,0.0
2025-02-10,23.85,24.14,23.52,23.98,1891863231.0,TRALT,23.98,23.85,24.14,23.52,0,0.01181434599156117,0.09198542805100174,0.08408679927667273,0.023449147858052008,0.025622006629640415,23.182,23.04,22.407899999999998,0.07015829238795268,48.20717131474104,0.09686281633626947,0.07994548841175078,0.016917327924518694,0.7563025210084007,0.7728571428571431,235670866518.25,-0.030025020850708906,0,-1,0.07839866555462871,1,1,0.011676396997498006,1,0,0.07673060884070049,1,1,-0.03669724770642202,0,-1,-0.03753127606338624,0,-1,0.0
2025-02-11,24.195,24.56,23.74,24.5,2128713139.0,TRALT,24.5,24.195,24.56,23.74,0,0.021684737281067568,0.10559566787003605,0.12488521579430656,0.0232761398483936,0.025732305145572676,23.318,23.0716,22.4152,0.09300831578571689,53.64963503649634,0.1997098904183865,0.10389836881307793,0.09581152160530856,3.5502958579881616,0.7857142857142859,237799579657.25,-0.050612244897959124,0,-1,0.07346938775510203,1,1,0.031020408163265456,1,1,0.025306122448979673,1,1,-0.05795918367346942,0,-1,-0.05387755102040814,0,-1,0.0
2025-02-12,25.452,26.04,24.54,25.5,2652745317.0,TRALT,25.5,25.452,26.04,24.54,0,0.04081632653061229,0.15909090909090917,0.16014558689717928,0.02453348470804402,0.026019089198431457,23.494,23.1096,22.425700000000003,0.13708825142581937,59.294871794871796,0.35778426594803747,0.15467554824006985,0.20310871770796762,11.940298507462677,0.8514285714285718,240452324974.25,-0.09019607843137256,0,-1,0.030588235294117583,1,1,0.031372549019607954,1,1,-0.005490196078431375,0,0,-0.08705882352941174,0,-1,-0.05411764705882349,0,-1,0.0
2025-02-13,25.051,25.62,24.66,24.76,1542972336.0,TRALT,24.76,25.051,25.62,24.66,0,-0.029019607843137174,0.06724137931034502,0.07558644656820168,0.02398381916988968,0.02629254631602792,23.581,23.1272,22.43,0.10387873383860913,53.314121037463984,0.41852305856017935,0.20744505030409177,0.21107800825608758,9.074889867841417,0.8885714285714289,238909352638.25,-0.056542810985460545,0,-1,0.07835218093699514,1,1,0.09289176090468487,1,1,0.02342487883683364,1,1,-0.030694668820678617,0,-1,-0.054119547657512146,0,-1,0.0
2025-02-14,25.003,25.26,24.66,25.08,1507533719.0,TRALT,25.08,25.003,25.26,24.66,0,0.012924071082390798,0.05822784810126569,0.0791738382099827,0.02403722377882499,0.02313013427778776,23.673,23.1452,22.4391,0.11769188603821013,59.46745562130177,0.48686800367156735,0.26332964097758693,0.22353836269398042,11.071744906997338,0.8757142857142861,240416886357.25,-0.10685805422647532,0,-1,0.09968102073365226,1,1,0.15470494417862857,1,1,-0.0015948963317383713,0,0,-0.027113237639553422,0,-1,-0.06539074960127578,0,-1,0.0
2025-02-17,25.249,25.6,24.76,25.24,1265758742.0,TRALT,25.24,25.249,25.6,24.76,0,0.006379585326953707,0.052543786488740585,0.04297520661157028,0.022404147884984526,0.023095503676951103,23.725,23.17,22.4475,0.12440138100011122,61.6519174041298,0.5476297925346643,0.32018967128900244,0.22744012124566182,14.936247723132956,0.8857142857142861,241682645099.25,-0.08240887480190173,0,-1,0.023771790808240878,1,1,0.10697305863708406,1,1,-0.0007923930269413404,0,0,-0.030110935023771712,0,-1,-0.07923930269413626,0,-1,0.0
2025-02-18,25.006,25.34,24.7,25.02,1023997689.0,TRALT,25.02,25.006,25.34,24.7,0,-0.008716323296354966,0.0212244897959184,0.0355960264900661,0.022525791049753236,0.023061521291949716,23.768,23.183999999999997,22.4557,0.11419372364254943,68.30065359477125,0.5714445297631912,0.3704406429838402,0.20100388677935094,12.90613718411553,0.8342857142857147,240658647410.25,-0.06474820143884896,0,-1,0.04396482813749003,1,1,0.12470023980815359,1,1,0.0015987210231813709,1,0,0.0,0,0,-0.06714628297362113,0,-1,0.0
2025-02-19,25.421,26.06,24.7,24.9,3758287240.0,TRALT,24.9,25.421,26.06,24.7,0,-0.004796163069544446,-0.02352941176470591,0.03319502074688785,0.022555877743823772,0.02307231055008018,23.808,23.2212,22.464299999999998,0.10842536825095817,67.85714285714286,0.5740179617255627,0.4111561067321847,0.16286185499337802,13.181818181818183,0.8957142857142861,236900360170.25,-0.032128514056224744,0,-1,-0.0208835341365462,0,-1,0.18473895582329325,1,1,0.008032128514056325,1,0,-0.005622489959839272,0,0,-0.04738955823293167,0,-1,0.0
2025-02-20,25.084,25.36,24.82,24.88,1380098004.0,TRALT,24.88,25.084,25.36,24.82,0,-0.0008032128514056103,0.004846526655896577,0.022185702547247388,0.022481103767821222,0.02278000560872301,23.835,23.252799999999997,22.472600000000003,0.10712601123145493,68.976897689769,0.5678972265197189,0.4425043306896916,0.12539289583002727,7.241379310344831,0.8971428571428574,235520262166.25,0.002411575562700996,1,0,0.02893890675241173,1,1,0.15434083601286175,1,1,0.03536977491961424,1,1,-0.0337620578778135,0,-1,-0.05546623794212213,0,-1,0.0
2025-02-21,24.065,24.98,22.92,23.24,1965246635.0,TRALT,23.24,24.065,24.98,22.92,0,-0.06591639871382637,-0.07336523125996808,-0.043621399176954845,0.027057478941009665,0.024047037389927094,23.782,23.263999999999996,22.4723,0.0341620572883059,59.039548022598865,0.4258038046174768,0.4391642254752487,-0.013360420857771893,-1.940928270042197,0.982857142857143,233555015531.25,0.11790017211703963,1,1,0.012048192771084487,1,0,0.2091222030981068,1,1,0.10327022375215167,1,1,0.034423407917383964,1,1,0.017211703958692093,1,0,1.0
2025-02-24,23.348,23.6,23.0,23.26,962689578.0,TRALT,23.26,23.348,23.6,23.0,0,0.000860585197934638,-0.07844690966719481,-0.02268907563025202,0.02670002120344508,0.02300919246340601,23.755000000000003,23.2628,22.4739,0.03497835266687144,57.97101449275363,0.3112200261514211,0.4135753856104832,-0.1023553594590621,-3.0025020850708906,0.9842857142857147,234517705109.25,0.11177987962166802,1,1,0.042992261392949205,1,1,0.17454858125537398,1,1,0.07222699914015474,1,1,0.016337059329320613,1,0,0.044711951848667164,1,1,1.0
2025-02-25,23.441,23.74,23.18,23.26,1153720376.0,TRALT,23.26,23.441,23.74,23.18,0,0.0,-0.07034372501998398,-0.01690617075232459,0.026673544448611593,0.02298439966198803,23.735,23.258000000000003,22.4804,0.034679098236686245,59.34718100890209,0.21789974357942654,0.3744402572042719,-0.15654051362484533,-5.061224489795912,0.9628571428571432,234517705109.25,0.1306964746345658,1,1,0.08598452278589863,1,1,0.1994840928632844,1,1,0.008598452278589797,1,0,0.041272570937231245,1,1,0.06190885640584676,1,1,1.0
2025-02-26,23.186,23.42,22.8,23.2,975753997.0,TRALT,23.2,23.186,23.42,22.8,0,-0.00257953568357705,-0.06827309236947787,0.01843722563652328,0.02525335032859829,0.02266575806211475,23.756,23.251199999999997,22.4893,0.031601695028302235,50.0,0.13751604932980754,0.327055415629379,-0.18953936629957147,-9.019607843137257,0.8928571428571431,233541951112.25,0.13275862068965516,1,1,0.13362068965517238,1,1,0.23448275862068968,1,1,0.005172413793103514,1,0,0.05689655172413799,1,1,0.08189655172413812,1,1,1.0
2025-02-27,23.461,23.7,23.12,23.36,1340503339.0,TRALT,23.36,23.461,23.7,23.12,0,0.006896551724137945,-0.06109324758842438,0.029074889867841458,0.02525797701533669,0.022630615024087787,23.789,23.2452,22.5006,0.03819453703456799,46.7680608365019,0.08573376979714808,0.2787910864629328,-0.19305731666578474,-5.654281098546054,0.8814285714285715,234882454451.25,0.14297945205479445,1,1,0.15839041095890405,1,1,0.2722602739726028,1,1,0.0025684931506850806,1,0,0.019691780821917915,1,0,0.06421232876712324,1,1,1.0
2025-02-28,22.832,23.48,22.3,22.4,1123445576.0,TRALT,22.4,22.832,23.48,22.3,0,-0.04109589041095896,-0.03614457831325302,-0.00797165633303809,0.026991925882894417,0.02317487187343359,23.78,23.226,22.507400000000004,-0.004771763953189012,36.70033670033669,-0.03239461182869974,0.21655394680460632,-0.24894855863330606,-10.685805422647531,0.9214285714285714,233759008875.25,0.23124999999999996,1,1,0.2928571428571429,1,1,0.30625000000000013,1,1,0.03392857142857153,1,1,0.04017857142857162,1,1,0.07410714285714293,1,1,1.0
2025-03-03,23.055,23.5,22.52,23.16,1696151998.0,TRALT,23.16,23.055,23.5,22.52,0,0.03392857142857153,-0.004299226139295009,0.05464480874316946,0.027200813511886426,0.023591873094919762,23.84,23.241999999999997,22.517200000000003,0.02854706624269432,39.15857605177994,-0.06394938818138485,0.1604532798074081,-0.22440266798879294,-8.240887480190173,0.9414285714285714,235455160873.25,0.11571675302245255,1,1,0.20639032815198632,1,1,0.22538860103626934,1,1,-0.012089810017271163,0,0,0.030224525043177852,1,1,0.04749568221070821,1,1,1.0
2025-03-04,23.402,23.68,23.12,23.4,1359520555.0,TRALT,23.4,23.402,23.68,23.12,0,0.010362694300518172,0.006018916595012858,0.05595667870036092,0.027217046449222553,0.02356584035146574,23.902,23.272000000000002,22.526799999999998,0.03876271818456245,30.62730627306273,-0.06879772420492358,0.11460307900494177,-0.18340080320986535,-6.474820143884896,0.8714285714285713,236814681428.25,0.11623931623931627,1,1,0.20256410256410273,1,1,0.21623931623931636,1,1,0.013675213675213627,1,0,0.047008547008547064,1,1,0.028205128205128105,1,1,1.0
2025-03-05,23.866,24.16,23.54,24.1,1401319901.0,TRALT,24.1,23.866,24.16,23.54,0,0.02991452991453003,0.03879310344827602,0.09545454545454546,0.027738979371552463,0.022861984348574917,24.007,23.3196,22.539099999999998,0.06925298703142557,43.866171003717476,-0.015971802580004635,0.08848810268795249,-0.10445990526795712,-3.2128514056224744,0.8571428571428571,238216001329.25,0.011618257261410747,1,0,0.22406639004149365,1,1,0.17925311203319505,1,1,0.024896265560165887,1,1,0.03070539419087126,1,1,0.007468879668049766,1,0,1.0
2025-03-06,24.359,24.94,23.84,24.94,1976862372.0,TRALT,24.94,24.359,24.94,23.84,0,0.03485477178423246,0.06763698630136994,0.07500000000000018,0.026191883465857827,0.023240922839641312,24.094,23.378800000000002,22.554699999999997,0.10575622819190689,48.813559322033925,0.0926065896056727,0.08931180007149653,0.003294789534176168,0.2411575562700996,0.8928571428571429,240192863701.25,0.02646351242983158,1,1,0.15156375300721714,1,1,0.11788291900561343,1,1,-0.012028869286287103,0,0,0.000801924619085792,1,0,-0.06736166800320764,0,-1,1.0
2025-03-07,26.069,26.88,24.8,25.98,3607176734.0,TRALT,25.98,26.069,26.88,24.8,0,0.04170008019246185,0.15982142857142856,0.09620253164556969,0.02726971217843486,0.023517029642637216,24.208,23.461600000000004,22.5741,0.15087644690153756,55.45722713864308,0.2595827477043571,0.12336598959806863,0.13621675810628844,11.790017211703962,0.9814285714285713,243800040435.25,-0.09468822170900693,0,-1,0.08160123171670519,1,1,0.07313317936874508,1,1,-0.056966897613548895,0,-1,-0.05157813702848346,0,-1,-0.08314087759815247,0,-1,0.0
2025-03-10,26.189,26.86,25.62,25.86,2164105977.0,TRALT,25.86,26.189,26.86,25.62,0,-0.004618937644341847,0.11658031088082899,0.07839866555462871,0.027299888337721755,0.023290290735285553,24.302,23.5368,22.5949,0.14450606110228414,56.287425149700596,0.37787366646880116,0.17426752497221515,0.203606141496586,11.177987962166803,1.024285714285714,241635934458.25,-0.06187161639597827,0,-1,0.056457849961330187,1,1,0.05955143078112912,1,1,-0.010827532869296275,0,0,-0.04331013147718488,0,-1,-0.08043310131477177,0,-1,0.0
2025-03-11,26.277,26.78,25.7,26.3,2443276766.0,TRALT,26.3,26.277,26.78,25.7,0,0.017014694508894035,0.12393162393162394,0.07346938775510203,0.027161536895911716,0.02335984846772922,24.392,23.6204,22.616999999999997,0.16284210991731896,60.0,0.5013451992162281,0.23968305982101773,0.2616621393952104,13.06964746345658,1.0042857142857142,244079211224.25,-0.03954372623574143,0,-1,0.06083650190114054,1,1,0.015969581749049278,1,0,-0.05323193916349822,0,-1,-0.07376425855513313,0,-1,-0.07984790874524716,0,-1,0.0
2025-03-12,26.404,26.66,25.94,26.28,1956049669.0,TRALT,26.28,26.404,26.66,25.94,0,-0.0007604562737641984,0.09045643153526961,0.030588235294117583,0.025741782781729974,0.02336280624769847,24.431,23.694399999999995,22.6373,0.16091583360206396,60.0,0.5907733778734325,0.30990112343150067,0.28087225444193187,13.275862068965516,1.0171428571428571,242123161555.25,0.0007610350076103778,1,0,0.08980213089802125,1,1,-0.0022831050228311334,0,0,-0.07914764079147651,0,-1,-0.13165905631659058,0,-1,-0.11415525114155256,0,-1,0.0
2025-03-13,26.567,26.78,26.2,26.7,2415934336.0,TRALT,26.7,26.567,26.78,26.2,0,0.015981735159817267,0.07056936647955081,0.07835218093699514,0.02485514058989993,0.023428592566816803,24.528,23.7792,22.658199999999997,0.17838133655806732,79.93079584775083,0.6876100035692652,0.3854428994590536,0.3021671041102116,14.297945205479445,0.9114285714285716,244539095891.25,0.01348314606741563,1,0,0.11310861423220975,1,1,-0.03670411985018729,0,-1,-0.11011235955056176,0,-1,-0.15355805243445686,0,-1,-0.1123595505617978,0,-1,0.0
2025-03-14,27.274,27.6,26.76,27.58,3131562632.0,TRALT,27.58,27.274,27.6,26.76,0,0.032958801498127244,0.06158583525789063,0.09968102073365226,0.02562237781921078,0.023674009611723747,24.653,23.88,22.688000000000002,0.21562059238363873,82.53012048192767,0.8258425735182016,0.47352283427088326,0.3523197392473183,23.124999999999996,0.932857142857143,247670658523.25,0.05003625815808577,1,1,0.06091370558375653,1,1,-0.09717186366932562,0,-1,-0.13343002175489482,0,-1,-0.1754894851341552,0,-1,-0.1479332849891225,0,-1,0.0
2025-03-17,26.07,27.0,25.82,25.84,3544542028.0,TRALT,25.84,26.07,27.0,25.82,0,-0.06308919506889044,-0.0007733952049496784,0.023771790808240878,0.02980412804643684,0.02447120028001492,24.683,23.9344,22.7095,0.13784979854246027,65.39379474940333,0.7859297143782733,0.5360042102923613,0.24992550408591196,11.571675302245254,1.0185714285714287,244126116495.25,0.08126934984520129,1,1,0.09829721362229105,1,1,-0.03792569659442724,0,-1,-0.1153250773993808,0,-1,-0.1153250773993808,0,-1,-0.10835913312693501,0,-1,0.0
2025-03-18,26.116,26.48,25.64,26.12,2660638791.0,TRALT,26.12,26.116,26.48,25.64,0,0.010835913312693624,-0.006844106463878341,0.04396482813749003,0.02976841007339509,0.024300054667750603,24.738,23.9868,22.735699999999998,0.14885400493497025,66.97674418604652,0.7680386741475225,0.5824111030633936,0.18562757108412886,11.623931623931627,1.0342857142857143,246786755286.25,0.07733537519142408,1,1,0.08958652373660025,1,1,-0.061255742725880635,0,-1,-0.13476263399693722,0,-1,-0.11408882082695249,0,-1,-0.15543644716692195,0,-1,0.0
2025-03-19,25.966,27.74,23.6,24.38,6613666675.0,TRALT,24.38,25.966,27.74,23.6,0,-0.06661562021439515,-0.07229832572298334,-0.0208835341365462,0.03354482791360981,0.025884339423829564,24.712,24.02,22.750899999999998,0.07160595844559992,55.009823182711195,0.6064654810989545,0.5872219786705057,0.019243502428448744,1.1618257261410747,1.2885714285714285,240173088611.25,0.21000820344544713,1,1,0.16570959803117313,1,1,0.04347826086956541,1,1,-0.06644790812141088,0,-1,-0.05742411812961434,0,-1,-0.041837571780147687,0,-1,1.0
2025-03-20,25.326,26.08,24.44,25.6,2932830071.0,TRALT,25.6,25.326,26.08,24.44,0,0.05004101722723564,-0.041198501872659055,0.02893890675241173,0.035396822471855244,0.026583579826520178,24.748,24.07,22.772199999999998,0.12417772547228645,65.32567049808429,0.5702874468745911,0.5838350723113228,-0.013547625436731714,2.646351242983158,1.3257142857142856,243105918682.25,0.12187499999999996,1,1,0.08906249999999982,1,1,-0.006249999999999978,0,0,-0.11171875000000009,0,-1,-0.09921875000000013,0,-1,-0.04296875,0,-1,0.0
2025-03-21,24.159,25.76,23.2,23.52,2269633141.0,TRALT,23.52,24.159,25.76,23.2,0,-0.08125000000000004,-0.14720812182741116,0.012048192771084487,0.0370724528531696,0.028699360770557257,24.762,24.082399999999996,22.785,0.032258064516129004,51.53061224489795,0.3695179049965347,0.5409716388483652,-0.1714537338518305,-9.468822170900692,1.43,240836285541.25,0.19472789115646272,1,1,0.18537414965986398,1,1,0.09523809523809534,1,1,0.005952380952380931,1,0,-0.025510204081632515,0,-1,0.04251700680272119,1,1,1.0
2025-03-24,23.93,24.54,23.24,24.26,1928466819.0,TRALT,24.26,23.93,24.54,23.24,0,0.03146258503401378,-0.06114551083591324,0.042992261392949205,0.037681317136533866,0.02892800425151002,24.812,24.1252,22.8023,0.06392776167316461,53.50734094616641,0.2670401396505184,0.48618533900879585,-0.21914519935827742,-6.187161639597827,1.4828571428571429,242764752360.25,0.12613355317394892,1,1,0.1294311624072546,1,1,0.06430338004946412,1,1,-0.04781533388293491,0,-1,-0.048639736191261496,0,-1,0.030502885408079106,1,1,1.0
2025-03-25,25.014,25.64,24.54,25.26,1783389134.0,TRALT,25.26,25.014,25.64,24.54,0,0.0412201154163232,-0.032924961715160794,0.08598452278589863,0.03863547574185232,0.02936765344912208,24.912,24.1948,22.8257,0.10664733173571905,54.617834394904456,0.2634801794546284,0.4416443070979624,-0.17816412764333395,-3.9543726235741428,1.5271428571428571,244548141494.25,0.10451306413301653,1,1,0.05779889152810758,1,1,-0.005542359461599422,0,0,-0.08630245447347595,0,-1,-0.08234362628661918,0,-1,-0.008709422011084822,0,0,1.0
2025-03-26,25.647,26.5,24.58,26.3,2678890503.0,TRALT,26.3,25.647,26.5,24.58,0,0.041171813143309643,0.07875307629204276,0.13362068965517238,0.03942278006763627,0.029697074727044477,25.067,24.281200000000002,22.852000000000004,0.15088394888849965,55.32915360501567,0.3406513766862851,0.42144572101562694,-0.08079434432934185,0.07610350076103778,1.5857142857142856,247227031997.25,0.08897338403041832,1,1,-0.003041825095057127,0,0,-0.03574144486692021,0,-1,-0.11482889733840307,0,-1,-0.08288973384030418,0,-1,-0.012927756653992373,0,0,1.0
2025-03-27,26.655,27.24,26.24,27.06,1599132667.0,TRALT,27.06,26.655,27.24,26.24,0,0.02889733840304176,0.05703124999999987,0.15839041095890405,0.039724198376777514,0.02986301720855218,25.252,24.362,22.8823,0.18257343011847582,54.32692307692307,0.4578578545551153,0.42872814772352463,0.029129706831590663,1.348314606741563,1.5085714285714287,248826164664.25,0.09830007390983009,1,1,-0.049519586104951996,0,-1,-0.06356245380635617,0,-1,-0.11308203991130816,0,-1,-0.13451589061345148,0,-1,-0.0347376201034737,0,-1,0.0
2025-03-28,27.907,29.28,26.72,28.96,3457257398.0,TRALT,28.96,27.907,29.28,26.72,0,0.07021433850702152,0.23129251700680276,0.2928571428571429,0.040256090648220534,0.031078282690946875,25.580000000000002,24.476399999999998,22.921299999999995,0.26345364355424894,60.869565217391305,0.6960354898705283,0.48218961615292544,0.21384587371760289,5.003625815808577,1.6028571428571432,252283422062.25,0.01035911602209949,1,0,-0.14019337016574596,0,-1,-0.1353591160220995,0,-1,-0.1574585635359117,0,-1,-0.19060773480662985,0,-1,-0.09185082872928174,0,-1,0.0
2025-04-02,28.333,29.62,27.74,27.94,2173574562.0,TRALT,27.94,28.333,29.62,27.74,0,-0.035220994475138157,0.15169002473206916,0.20639032815198632,0.041382073250626136,0.03137279403112544,25.819,24.551200000000005,22.952,0.21732310909724628,55.525606469002696,0.793342349563563,0.5444201628350529,0.24892218672851008,8.12693498452013,1.6600000000000004,250109847500.25,0.015748031496062964,1,0,-0.11023622047244097,0,-1,-0.09735146743020762,0,-1,-0.12383679312813178,0,-1,-0.16821760916249118,0,-1,-0.061560486757337274,0,-1,0.0
2025-04-03,28.14,28.58,27.6,28.14,2945719615.0,TRALT,28.14,28.14,28.58,27.6,0,0.007158196134574135,0.11401425178147262,0.20256410256410273,0.04138783253715315,0.031331539438149265,26.056,24.6308,22.9855,0.22425007069674363,56.19174434087883,0.8764933951969844,0.6108348093074392,0.2656585858895453,7.733537519142408,1.6785714285714288,253055567115.25,0.011371712864250094,1,0,-0.12864250177683012,0,-1,-0.10945273631840802,0,-1,-0.11087420042643925,0,-1,-0.17057569296375263,0,-1,-0.08173418621179818,0,-1,0.0
2025-04-04,28.801,29.74,27.92,29.5,4016156155.0,TRALT,29.5,28.801,29.74,27.92,0,0.04832977967306329,0.1216730038022813,0.22406639004149365,0.04205152441541703,0.03148091303561314,26.326,24.7388,23.0246,0.28123832770167567,58.771929824561404,1.0401417255912975,0.6966961925642109,0.3434455330270866,21.000820344544714,1.7671428571428571,257071723270.25,-0.0366101694915254,0,-1,-0.13762711864406774,0,-1,-0.14915254237288134,0,-1,-0.16067796610169482,0,-1,-0.19593220338983053,0,-1,-0.13830508474576264,0,-1,0.0
2025-04-07,28.567,29.52,27.76,28.72,3577065280.0,TRALT,28.72,28.567,29.52,27.76,0,-0.026440677966101722,0.061345158906134456,0.15156375300721714,0.042454268853569024,0.031697493097360606,26.514999999999997,24.8264,23.057399999999998,0.24558710001995032,53.593947036569986,1.0942805402809554,0.7762130621075598,0.31806747817339565,12.187499999999996,1.828571428571428,253494657990.25,-0.029247910863509752,0,-1,-0.11420612813370468,0,-1,-0.10306406685236758,0,-1,-0.1629526462395543,0,-1,-0.1817548746518105,0,-1,-0.121866295264624,0,-1,0.0
2025-04-08,28.5,29.24,28.1,28.1,1757319037.0,TRALT,28.1,28.5,29.24,28.1,0,-0.021587743732590425,-0.02969613259668502,0.08160123171670519,0.04216385140302898,0.03182960847038314,26.621000000000002,24.902399999999997,23.0865,0.21716154462564696,57.66621438263229,1.0747678675702232,0.8359240232000925,0.23884384437013073,19.472789115646272,1.7842857142857138,251737338953.25,-0.007829181494662052,0,0,-0.08327402135231321,0,-1,-0.0875444839857652,0,-1,-0.14448398576512467,0,-1,-0.15871886120996448,0,-1,-0.09323843416370114,0,-1,0.0
2025-04-09,28.079,28.58,27.22,27.32,2287416074.0,TRALT,27.32,28.079,28.58,27.22,0,-0.02775800711743781,-0.022190408017179752,0.056457849961330187,0.042748878491589225,0.031712319982962,26.694,24.972800000000003,23.1148,0.1819267309256407,53.93700787401574,0.9850098719413545,0.865741192948345,0.11926867899300952,12.613355317394891,1.821428571428571,249449922879.25,0.002928257686676261,1,0,-0.054904831625183004,0,-1,-0.08711566617862365,0,-1,-0.13469985358711567,0,-1,-0.11054172767203507,0,-1,-0.07833089311859442,0,-1,0.0
2025-04-10,28.042,28.42,27.8,27.9,1794744305.0,TRALT,27.9,28.042,28.42,27.8,0,0.021229868228404003,-0.008528784648187737,0.06083650190114054,0.04282866593693977,0.031684945308369496,26.774,25.057599999999997,23.1485,0.2052616800224636,62.5,0.9497292785347895,0.8825388100656338,0.06719046846915566,10.451306413301653,1.604285714285714,251244667184.25,-0.042293906810035864,0,-1,-0.0996415770609318,0,-1,-0.15913978494623648,0,-1,-0.1318996415770609,0,-1,-0.11469534050179209,0,-1,-0.08960573476702505,0,-1,0.0
2025-04-11,28.466,28.84,28.0,28.64,2386752163.0,TRALT,28.64,28.466,28.84,28.0,0,0.026523297491039433,-0.02915254237288134,0.08980213089802125,0.043108066983331396,0.03180599827731912,26.892000000000003,25.1748,23.1835,0.2353613561369079,61.17647058823529,0.9702960013241224,0.9000902483173316,0.07020575300679077,8.897338403041832,1.55,253631419347.25,-0.0844972067039107,0,-1,-0.11452513966480449,0,-1,-0.18575418994413406,0,-1,-0.143854748603352,0,-1,-0.12360335195530725,0,-1,-0.12150837988826813,0,-1,0.0
2025-04-14,29.412,30.08,28.36,29.72,3540644355.0,TRALT,29.72,29.412,30.08,28.36,0,0.0377094972067038,0.03481894150417819,0.11310861423220975,0.04366419961047559,0.031612572639405326,27.043,25.3152,23.2255,0.27962799509160186,74.60317460317461,1.0615058724402786,0.9323733731419211,0.12913249929835746,9.83000739098301,1.4899999999999998,257172063702.25,-0.13458950201884257,0,-1,-0.14737550471063254,0,-1,-0.21197846567967693,0,-1,-0.19851951547779267,0,-1,-0.1635262449528937,0,-1,-0.1608344549125168,0,-1,0.0
2025-04-15,29.508,29.92,29.04,29.26,1507698546.0,TRALT,29.26,29.508,29.92,29.04,0,-0.015477792732166762,0.04128113879003559,0.06091370558375653,0.04344987674584766,0.0317132696738604,27.127000000000002,25.448800000000002,23.2713,0.2573427354724489,70.2922077922078,1.0841745079593146,0.9627336001053999,0.1214409078539147,1.035911602209949,1.4599999999999997,255664365156.25,-0.14900888585099126,0,-1,-0.14422419685577592,0,-1,-0.20847573479152426,0,-1,-0.20369104579630892,0,-1,-0.17771701982228305,0,-1,-0.13192071086807944,0,-1,0.0
2025-04-16,28.781,29.28,28.3,28.38,2021805472.0,TRALT,28.38,28.781,29.28,28.3,0,-0.03007518796992492,0.03879941434846268,0.09829721362229105,0.04134854576773349,0.03164198985666049,27.254,25.577199999999998,23.31345,0.2173230474254133,62.78688524590164,1.0193801396855164,0.9740629080214231,0.045317231664093294,1.5748031496062964,1.4314285714285713,253642559684.25,-0.12403100775193798,0,-1,-0.11134601832276247,0,-1,-0.1937984496124031,0,-1,-0.15926708949964763,0,-1,-0.14517265680056368,0,-1,-0.10147991543340373,0,-1,0.0
2025-04-17,28.484,28.96,27.6,28.46,2234006626.0,TRALT,28.46,28.484,28.96,27.6,0,0.0028188865398168783,0.02007168458781372,0.08958652373660025,0.04133313955386311,0.031635738429640396,27.371000000000002,25.703200000000002,23.354049999999997,0.2186323143095097,59.60854092526691,0.9633802199304284,0.9719263704032243,-0.008546150472795833,1.1371712864250094,1.3914285714285712,255876566310.25,-0.13843991567111735,0,-1,-0.11946591707659882,0,-1,-0.16654954321855242,0,-1,-0.13914265635980327,0,-1,-0.15460295151089254,0,-1,-0.1278988053408292,0,-1,0.0
2025-04-18,28.792,29.2,28.42,28.42,2702340683.0,TRALT,28.42,28.792,29.2,28.42,0,-0.0014054813773717312,-0.007681564245810013,0.16570959803117313,0.037797539672179095,0.03163274478676816,27.573,25.8316,23.39225,0.21493229595271934,56.46387832699621,0.9053360637698269,0.9586083090765449,-0.053272245306718036,-3.66101694915254,1.3757142857142852,253174225627.25,-0.10485573539760729,0,-1,-0.1168191414496833,0,-1,-0.13089373680506688,0,-1,-0.12596762843068265,0,-1,-0.14567206192821958,0,-1,-0.135116115411682,0,-1,0.0
2025-04-21,28.519,29.1,27.82,27.88,2443110829.0,TRALT,27.88,28.519,29.1,27.82,0,-0.01900070372976781,-0.0619111709286676,0.08906249999999982,0.03693513546472139,0.031749332820173566,27.687,25.9252,23.422449999999998,0.1903110050400365,44.10480349344977,0.8064657298688438,0.9281797932350048,-0.12171406336616097,-2.924791086350975,1.2842857142857138,250731114798.25,-0.08751793400286934,0,-1,-0.07604017216642744,0,-1,-0.11621233859397417,0,-1,-0.10473457675753217,0,-1,-0.1657101865136298,0,-1,-0.152080344332855,0,-1,0.0
2025-04-22,28.167,28.62,27.88,27.88,1489915545.0,TRALT,27.88,28.167,28.62,27.88,0,0.0,-0.04716336295283674,0.18537414965986398,0.0309394756146662,0.031746173867789475,27.905,26.0088,23.45205,0.18880865425410565,49.63144963144962,0.7198127249051787,0.8865063795690397,-0.166693654663861,-0.7829181494662052,1.2028571428571424,250731114798.25,-0.07604017216642744,0,-1,-0.08034433285509324,0,-1,-0.12123385939741749,0,-1,-0.11621233859397417,0,-1,-0.14562410329985653,0,-1,-0.1377331420373027,0,-1,0.0
2025-04-24,27.635,28.12,27.28,27.4,1337945375.0,TRALT,27.4,27.635,28.12,27.28,0,-0.017216642754662836,-0.03453136011275548,0.1294311624072546,0.030993131048330867,0.031707198071329455,28.062,26.077199999999998,23.479049999999997,0.16699781294387983,45.60570071258907,0.6054286016441282,0.8302908239840574,-0.22486222233992925,0.2928257686676261,1.1928571428571426,249393169423.25,-0.0576642335766423,0,-1,-0.08978102189781012,0,-1,-0.06642335766423357,0,-1,-0.09708029197080292,0,-1,-0.1321167883211678,0,-1,-0.09051094890510936,0,-1,0.0
2025-04-25,27.21,27.6,26.68,26.72,1080882293.0,TRALT,26.72,27.21,27.6,26.68,0,-0.02481751824817513,-0.06113843991567114,0.05779889152810758,0.030621078728509075,0.031889280080591005,28.135,26.121599999999997,23.50315,0.1368688877873816,32.04134366925065,0.4546669255661655,0.7551660443004791,-0.30049911873431356,-4.229390681003586,1.1285714285714286,248312287130.25,-0.059880239520958,0,-1,-0.12200598802395202,0,-1,-0.06811377245508987,0,-1,-0.08832335329341312,0,-1,-0.09431137724550898,0,-1,-0.10179640718562866,0,-1,0.0
2025-04-28,26.365,26.72,26.0,26.22,1191477558.0,TRALT,26.22,26.365,26.72,26.0,0,-0.018712574850299424,-0.07741027445460957,-0.003041825095057127,0.029629870739062078,0.03158687982876441,28.131,26.136,23.52225,0.11468928355068075,33.243967828418235,0.2914813739316813,0.6624291102267196,-0.3709477362950383,-8.44972067039107,1.0542857142857145,247120809572.25,-0.03279938977879482,0,-1,-0.11060259344012202,0,-1,-0.0770404271548436,0,-1,-0.12967200610221197,0,-1,-0.11212814645308922,0,-1,-0.04652936689549958,0,-1,0.0
2025-04-29,25.938,26.32,25.68,25.72,1131519474.0,TRALT,25.72,25.938,26.32,25.68,0,-0.019069412662090057,-0.07747489239598282,-0.049519586104951996,0.029126755705319394,0.03170355278777043,28.064,26.1552,23.53585,0.09280098233120948,33.78746594005449,0.1204216810678318,0.554027624394942,-0.4336059433271102,-13.458950201884257,1.018571428571429,245989290098.25,-0.014774494556765161,0,0,-0.08942457231726275,0,-1,-0.07620528771384127,0,-1,-0.12130637636080865,0,-1,-0.07853810264385686,0,-1,-0.0528771384136858,0,-1,0.0
2025-04-30,25.222,25.88,24.8,24.9,1083806757.0,TRALT,24.9,25.222,25.88,24.8,0,-0.0318818040435459,-0.10688665710186518,-0.14019337016574596,0.024330233573337127,0.031999956992914996,27.861,26.151600000000002,23.544050000000002,0.05759204554866293,33.60433604336043,-0.08038487808267902,0.42714512389941783,-0.5075300019820969,-14.900888585099125,0.9985714285714289,244905483341.25,0.005622489959839383,1,0,-0.06987951807228909,0,-1,-0.04016064257028118,0,-1,-0.08674698795180724,0,-1,-0.056224899598393496,0,-1,-0.04578313253012034,0,-1,0.0
2025-05-02,25.037,25.24,24.82,24.86,797280209.0,TRALT,24.86,25.037,25.24,24.82,0,-0.0016064257028112205,-0.09270072992700729,-0.11023622047244097,0.02344070749366704,0.03176790279554871,27.707,26.144000000000002,23.553149999999995,0.05548514742189492,27.7777777777778,-0.23998677054438744,0.29371874501065676,-0.5337055155550442,-12.4031007751938,0.9500000000000001,244108203132.25,0.014481094127111849,1,0,-0.07964601769911506,0,-1,-0.08045052292839905,0,-1,-0.08045052292839905,0,-1,-0.07320997586484312,0,-1,0.0,0,0,0.0
2025-05-05,24.842,25.4,24.42,24.52,981740157.0,TRALT,24.52,24.842,25.4,24.42,0,-0.013676588897827857,-0.08233532934131738,-0.12864250177683012,0.023308145251740003,0.031824547538644506,27.526000000000003,26.134,23.560850000000002,0.04070948204330471,18.01242236024845,-0.3894186034355336,0.1570912753214187,-0.5465098787569522,-13.843991567111736,0.9528571428571426,243126462975.25,0.022022838499184294,1,1,-0.03262642740619903,0,-1,-0.07830342577487759,0,-1,-0.056280587275693295,0,-1,-0.100326264274062,0,-1,0.06443719412724325,1,1,0.0
2025-05-06,25.129,25.54,24.5,25.44,1456437606.0,TRALT,25.44,25.129,25.54,24.5,0,0.03752039151712894,-0.029748283752860316,-0.13762711864406774,0.022059112708317175,0.03212308707387522,27.322999999999997,26.1448,23.573649999999997,0.07917102357929306,15.92356687898095,-0.4286666935532608,0.03993968154648281,-0.4686063750997436,-10.485573539760729,0.904285714285714,244582900581.25,-0.013364779874213806,0,0,-0.029088050314465486,0,-1,-0.10534591194968557,0,-1,-0.09669811320754718,0,-1,-0.08176100628930827,0,-1,0.0062893081761006275,1,0,0.0
2025-05-07,25.451,25.78,25.2,25.44,1076913238.0,TRALT,25.44,25.451,25.78,25.2,0,0.0,-0.010886469673405785,-0.11420612813370468,0.02163004985688898,0.031401469106730494,27.159000000000002,26.156000000000002,23.58425,0.07868598747045175,17.18213058419248,-0.45453153118335266,-0.05895456099948429,-0.3955769701838684,-8.751793400286934,0.8828571428571426,244582900581.25,0.012578616352201255,1,0,-0.03144654088050314,0,-1,-0.10613207547169823,0,-1,-0.09355345911949697,0,-1,-0.036949685534591215,0,-1,-0.0015723270440252124,0,0,0.0
2025-05-08,25.722,26.02,25.42,25.76,739510293.0,TRALT,25.76,25.722,26.02,25.42,0,0.012578616352201255,0.0345381526104418,-0.08327402135231321,0.0216687128497335,0.03132818293183461,27.042,26.206400000000002,23.59985,0.09153236143450072,25.095057034220574,-0.4440890930737851,-0.13598146741434444,-0.3081076256594406,-7.604017216642744,0.8557142857142852,245322410874.25,-0.004658385093167738,0,0,-0.048913043478260976,0,-1,-0.08152173913043481,0,-1,-0.11024844720496896,0,-1,-0.04813664596273304,0,-1,0.05590062111801242,1,1,0.0
2025-05-09,25.883,26.18,25.64,25.82,1078143933.0,TRALT,25.82,25.883,26.18,25.64,0,0.0023291925465838137,0.0386162510056316,-0.054904831625183004,0.020974239800707863,0.03130110571268461,26.966999999999995,26.257599999999996,23.612550000000002,0.09348630283472126,24.80916030534351,-0.42606052654265625,-0.19399727924000681,-0.23206324730264943,-5.76642335766423,0.7971428571428566,246400554807.25,-0.03408210689388069,0,-1,-0.009295120061967532,0,0,-0.10534469403563129,0,-1,-0.10611928737412868,0,-1,-0.031758326878388865,0,-1,0.041053446940356286,1,1,0.0
2025-05-12,25.34,26.22,24.82,25.12,1656201153.0,TRALT,25.12,25.34,26.22,24.82,0,-0.0271107668474051,0.024469820554649413,-0.0996415770609318,0.020867270399195902,0.03140727165116327,26.827999999999996,26.2948,23.621350000000003,0.06344472267673096,22.033898305084747,-0.4629206464793221,-0.2477819526878699,-0.21513869379145217,-5.9880239520958,0.841428571428571,244744353654.25,-0.06608280254777066,0,-1,-0.008757961783439572,0,0,-0.0812101910828027,0,-1,-0.07722929936305734,0,-1,-0.0031847133757962887,0,0,0.09554140127388533,1,1,0.0
2025-05-13,25.513,25.74,25.22,25.36,1703375004.0,TRALT,25.36,25.513,25.74,25.22,0,0.009554140127388422,-0.003144654088050425,-0.11452513966480449,0.019836376247083932,0.03099048670886147,26.663999999999998,26.338,23.631749999999997,0.0731325441408277,27.5,-0.46737890971768437,-0.2917013440938328,-0.17567756562385156,-3.279938977879482,0.7942857142857136,246447728658.25,-0.08044164037854884,0,-1,-0.045741324921135695,0,-1,-0.08201892744479489,0,-1,-0.04889589905362768,0,-1,0.023659305993690927,1,1,0.059148264984227206,1,1,0.0
2025-05-14,25.572,25.88,25.28,25.34,1339684257.0,TRALT,25.34,25.572,25.88,25.28,0,-0.0007886435331230235,-0.0039308176100629755,-0.14737550471063254,0.017057421975756108,0.03074986957376577,26.445,26.377599999999997,23.64125,0.07185533759847718,27.40213523131672,-0.4671410372153453,-0.32678928271813534,-0.14035175449720994,-1.477449455676516,0.7842857142857133,245108044401.25,-0.07576953433307021,0,-1,-0.062352012628255626,0,-1,-0.05288082083662193,0,-1,-0.07576953433307021,0,-1,0.030781373322809724,1,1,0.06235201262825574,1,1,0.0
2025-05-15,25.2,25.58,24.78,25.04,1088858540.0,TRALT,25.04,25.2,25.58,24.78,0,-0.011838989739542227,-0.02795031055900632,-0.14422419685577592,0.01699051450503851,0.030751313856168843,26.233999999999998,26.4304,23.648849999999996,0.05882527057341069,28.308823529411768,-0.4855627492181789,-0.35854397601814403,-0.12701877320003485,0.5622489959839383,0.7814285714285703,244019185861.25,-0.07507987220447276,0,-1,-0.045527156549520775,0,-1,-0.025559105431309903,0,-1,-0.0638977635782747,0,-1,0.0503194888178915,1,1,0.09105431309904155,1,1,0.0
2025-05-16,25.159,25.44,24.74,25.22,1102713688.0,TRALT,25.22,25.159,25.44,24.74,0,0.007188498402555865,-0.02323780015491872,-0.11134601832276247,0.016432476361606593,0.030754138304202278,26.076,26.4716,23.65905,0.0659768672030363,34.81781376518218,-0.4801032614800249,-0.38285583311052024,-0.09724742836950467,1.4481094127111849,0.7657142857142846,245121899549.25,-0.09278350515463918,0,-1,-0.09357652656621729,0,-1,-0.029341792228390062,0,-1,-0.0785091197462332,0,-1,0.03965107057890571,1,1,0.1260904044409199,1,1,0.0
2025-05-20,25.359,25.62,24.98,25.06,1103035542.0,TRALT,25.06,25.359,25.62,24.98,0,-0.006344171292624878,-0.0023885350318472165,-0.11946591707659882,0.016308060633183602,0.030743670657197738,25.906,26.5048,23.66355,0.05901270096836697,37.39130434782607,-0.48311815557143944,-0.40290829760270414,-0.08020985796873531,2.2022838499184294,0.759999999999999,244018864007.25,-0.05347166799680769,0,-1,-0.09816440542697513,0,-1,-0.0015961691939345712,0,0,-0.0686352753391859,0,-1,0.031125299281723917,1,1,0.1388667198723066,1,1,0.0
2025-05-21,25.319,25.58,25.02,25.1,926447370.0,TRALT,25.1,25.319,25.58,25.02,0,0.0015961691939345712,-0.010252365930599305,-0.1168191414496833,0.016368352094369005,0.030736098903640013,25.74,26.5248,23.667550000000002,0.060523797351225594,42.51207729468602,-0.476783748884408,-0.4176833878590449,-0.05910036102536309,-1.3364779874213806,0.7542857142857132,244945311377.25,-0.015936254980079778,0,0,-0.0932270916334661,0,-1,-0.013545816733067761,0,0,-0.05498007968127505,0,-1,0.012749003984063645,1,0,0.12270916334661353,1,1,0.0
2025-05-22,25.591,25.98,24.96,25.76,1512800139.0,TRALT,25.76,25.591,25.98,24.96,0,0.026294820717131406,0.016574585635359185,-0.07604017216642744,0.017573551997736952,0.03091368270290514,25.633999999999997,26.5412,23.685750000000002,0.08757375215055463,60.80402010050255,-0.4137378889571437,-0.4168942880786647,0.003156399121520992,1.2578616352201255,0.749999999999999,246458111516.25,-0.0434782608695653,0,-1,-0.11723602484472062,0,-1,-0.06677018633540377,0,-1,-0.08773291925465843,0,-1,-0.020962732919254767,0,-1,0.2026397515527949,1,1,0.0
2025-05-23,25.293,25.98,24.76,25.64,1806653736.0,TRALT,25.64,25.293,25.98,24.76,0,-0.004658385093167738,0.02396166134185318,-0.08034433285509324,0.017551392008761782,0.029650176475117595,25.522,26.5344,23.697250000000004,0.0819820865290275,59.605911330049274,-0.36920067233085874,-0.4073555649291035,0.03815489259824478,-0.46583850931677384,0.8071428571428562,244651457780.25,-0.04446177847113886,0,-1,-0.077223088923557,0,-1,-0.06240249609984405,0,-1,-0.07800312012480504,0,-1,-0.006240249609984372,0,0,0.2753510140405617,1,1,0.0
2025-05-26,25.241,25.92,24.9,24.94,861141920.0,TRALT,24.94,25.241,25.92,24.9,0,-0.027301092043681696,-0.011102299762093426,-0.08978102189781012,0.018086759677567923,0.029891628940324756,25.399,26.516,23.699450000000002,0.05234509661616604,54.751131221719476,-0.3859398824119076,-0.4030724284256644,0.0171325460137568,-3.4082106893880693,0.8099999999999995,243790315860.25,0.025661587810745567,1,1,-0.07377706495589409,0,-1,-0.05212510024057737,0,-1,-0.02566158781074579,0,-1,0.009623095429029505,1,0,0.3536487570168403,1,1,0.0
2025-05-27,24.056,24.96,23.46,23.46,1696064176.0,TRALT,23.46,24.056,24.96,23.46,0,-0.05934242181234961,-0.06384676775738218,-0.12200598802395202,0.021457678468514322,0.03091002665290351,25.235999999999997,26.4592,23.694850000000002,-0.009911436451380817,30.12048192771084,-0.512719150909458,-0.42500177292242314,-0.08771737798703483,-6.608280254777066,0.8428571428571424,242094251684.25,0.0613810741687979,1,1,-0.016197783461210702,0,0,0.03239556692242096,1,1,0.052855924978687074,1,1,0.08269394714407485,1,1,0.5208866155157714,1,1,0.0
2025-05-28,23.496,23.9,23.18,23.32,1231533501.0,TRALT,23.32,23.496,23.9,23.18,0,-0.0059676044330776445,-0.07091633466135461,-0.11060259344012202,0.02125681687806274,0.030919056306174832,25.091,26.4,23.69165,-0.015686961440000924,29.296875,-0.6173727755054408,-0.4634759734390267,-0.1538968020664141,-8.044164037854884,0.8528571428571422,240862718183.25,0.037735849056603765,1,1,-0.0017152658662091813,0,0,0.05145797598627788,1,1,0.07632933104631223,1,1,0.07890222984562612,1,1,0.5951972555746141,1,1,0.0
2025-05-29,23.464,23.9,22.96,23.42,1669392631.0,TRALT,23.42,23.464,23.9,22.96,0,0.004288164665523286,-0.09083850931677018,-0.08942457231726275,0.0211205686299567,0.030911827788090245,24.976,26.334400000000002,23.69395,-0.011562023216897144,26.12244897959185,-0.6843535608668994,-0.5076514909246013,-0.1767020699422981,-7.576953433307021,0.8771428571428564,242532110814.25,0.014517506404782221,1,0,0.024765157984628416,1,1,0.01707941929974366,1,0,0.061485909479077616,1,1,0.06490179333902635,1,1,0.5943637916310847,1,1,1.0
2025-05-30,23.367,23.62,23.06,23.16,1155662019.0,TRALT,23.16,23.367,23.62,23.06,0,-0.01110162254483349,-0.09672386895475815,-0.06987951807228909,0.020191173422141804,0.030466809227652818,24.889000000000003,26.246,23.693550000000002,-0.02251878675842167,23.92156862745101,-0.7497732239179911,-0.5560758375232793,-0.1936973863947118,-7.507987220447276,0.8785714285714281,241376448795.25,0.031951640759930955,1,1,0.05354058721934374,1,1,0.006044905008635526,1,0,0.03886010362694292,1,1,0.09671848013816908,1,1,0.7210708117443869,1,1,1.0
2025-06-02,23.087,23.42,22.74,22.88,854294832.0,TRALT,22.88,23.087,23.42,22.74,0,-0.012089810017271163,-0.08259823576583813,-0.07964601769911506,0.02027752399678011,0.03020230248711672,24.79,26.186799999999998,23.690549999999998,-0.03421406425768925,26.068376068376082,-0.814819703813658,-0.6078246107813551,-0.2069950930323029,-9.278350515463918,0.8271428571428571,240522153963.25,-0.0008741258741258306,0,0,0.06993006993007,1,1,0.04283216783216792,1,1,0.06031468531468542,1,1,0.11451048951048959,1,1,0.7482517482517483,1,1,1.0
2025-06-03,23.388,23.78,23.0,23.72,761982779.0,TRALT,23.72,23.388,23.78,23.0,0,0.036713286713286664,0.011082693947144007,-0.03262642740619903,0.022056943572178335,0.030541542630357903,24.75,26.1388,23.68855,0.0013276456347053323,34.469696969697,-0.7894878039733584,-0.6441572494197557,-0.14533055455360266,-5.347166799680769,0.8471428571428573,241284136742.25,-0.04721753794266437,0,-1,0.05480607082630695,1,1,0.03288364249578413,1,1,0.014333895446880351,1,0,0.04637436762225966,1,1,0.5817875210792582,1,1,1.0
2025-06-04,24.369,24.82,23.5,24.7,1198240653.0,TRALT,24.7,24.369,24.82,23.5,0,0.04131534569983142,0.05917667238421953,-0.029088050314465486,0.022422888303693364,0.030761132862694114,24.713,26.1452,23.691950000000002,0.04254820730248032,44.871794871794876,-0.6824672237113134,-0.6518192442780673,-0.030647979433246153,-1.5936254980079778,0.8985714285714289,242482377395.25,-0.07854251012145741,0,-1,0.0024291497975710286,1,0,0.005668016194332104,1,0,-0.017004048582995868,0,0,-0.004858299595141724,0,0,0.5336032388663969,1,1,0.0
2025-06-05,24.703,24.94,24.48,24.64,334983306.0,TRALT,24.64,24.703,24.94,24.48,0,-0.0024291497975708065,0.05209222886421849,-0.03144654088050314,0.02242242977753839,0.03043802638844166,24.673000000000002,26.126000000000005,23.69435,0.03991035837657497,46.66666666666668,-0.5956281112699813,-0.64058101767645,0.04495290640646876,-4.34782608695653,0.8742857142857149,242147394089.25,-0.07711038961038974,0,-1,-0.024350649350649456,0,-1,0.012987012987013102,1,0,-0.05600649350649345,0,-1,-0.04058441558441561,0,-1,0.5357142857142858,1,1,0.0
2025-06-10,24.504,24.78,24.26,24.5,1085370611.0,TRALT,24.5,24.504,24.78,24.26,0,-0.005681818181818232,0.05785837651122616,-0.048913043478260976,0.022195802076258937,0.029955394202222388,24.610000000000003,26.145600000000005,23.684050000000003,0.03445145572653319,43.95973154362418,-0.5319720760379383,-0.6188592293487477,0.08688715331080943,-4.446177847113885,0.8614285714285719,241062023478.25,-0.03428571428571425,0,-1,-0.018775510204081636,0,0,0.005714285714285783,1,0,-0.027755102040816326,0,-1,-0.018775510204081636,0,0,0.5363265306122449,1,1,0.0
2025-06-11,25.362,25.92,24.54,25.58,2087389379.0,TRALT,25.58,25.362,25.92,24.54,0,0.04408163265306109,0.11800699300699291,-0.009295120061967532,0.024495404460633433,0.030497699313587194,24.598,26.172000000000004,23.67745,0.08035282515642517,53.77906976744185,-0.38988290796681824,-0.5730639650723618,0.18318105710554355,2.5661587810745567,0.9171428571428576,243149412857.25,-0.09695074276778726,0,-1,-0.07584050039093038,0,-1,-0.0328381548084441,0,-1,-0.07036747458952297,0,-1,-0.025801407349491656,0,-1,0.36591086786551985,1,1,0.0
2025-06-12,24.977,25.96,24.44,24.9,1617388770.0,TRALT,24.9,24.977,25.96,24.44,0,-0.026583268178264285,0.04974704890387849,-0.008757961783439572,0.024465147703981012,0.030611354387705337,24.586999999999996,26.164799999999996,23.65855,0.05247363004072514,48.67021276595743,-0.328361389871592,-0.5241234500322078,0.19576206016061581,6.13810741687979,0.9857142857142863,241532024087.25,-0.07309236947791165,0,-1,-0.027309236947791193,0,-1,-0.02168674698795181,0,-1,-0.028112449799196804,0,-1,-0.036144578313252906,0,-1,0.38152610441767076,1,1,0.0
2025-06-13,23.975,24.38,23.5,24.2,1135856813.0,TRALT,24.2,23.975,24.38,23.5,0,-0.028112449799196804,-0.020242914979757054,-0.045741324921135695,0.0251194595662396,0.030819043975892486,24.529000000000003,26.122799999999998,23.63825,0.023764449567967194,39.68253968253967,-0.33225921598078045,-0.4857506032219224,0.15349138724114192,3.7735849056603765,1.0128571428571433,240396167274.25,-0.0380165289256198,0,-1,0.013223140495867813,1,0,-0.057024793388429695,0,-1,-0.0380165289256198,0,-1,0.03305785123966953,1,1,0.4570247933884297,1,1,0.0
2025-06-16,23.897,24.32,23.6,23.76,870702392.0,TRALT,23.76,23.897,24.32,23.6,0,-0.018181818181818077,-0.0357142857142857,-0.062352012628255626,0.02537372340907432,0.030817378516289635,24.45,26.0568,23.62525,0.005703643347689358,38.07106598984772,-0.3666263536334995,-0.46192575330423785,0.09529939967073836,1.451750640478222,0.9771428571428576,239525464882.25,0.010101010101009944,1,0,0.002525252525252375,1,0,-0.04882154882154888,0,-1,-0.002525252525252597,0,0,0.025252525252525082,1,1,0.4907407407407407,1,1,1.0
2025-06-17,24.001,24.3,23.8,23.9,1249950620.0,TRALT,23.9,24.001,24.3,23.8,0,0.005892255892255838,-0.02448979591836742,-0.045527156549520775,0.02535499908981219,0.030501293641414802,24.393,25.9556,23.615750000000002,0.012036458719286713,42.896174863387955,-0.3782060044596065,-0.44518180353531156,0.06697579907570506,3.1951640759930955,0.9428571428571431,240775415502.25,0.02092050209205021,1,1,-0.025104602510460206,0,-1,-0.04853556485355648,0,-1,-0.0167364016736401,0,0,-0.0058577405857739295,0,0,0.6301255230125524,1,1,0.0
2025-06-18,23.405,24.1,22.86,22.86,1052777837.0,TRALT,22.86,23.405,24.1,22.86,0,-0.04351464435146435,-0.10633307271305703,-0.09357652656621729,0.026874947633372847,0.029935421890061223,24.275,25.853999999999996,23.60275,-0.031468790712946615,45.63953488372092,-0.4659313034890644,-0.44933170352606217,-0.016599599963002254,-0.08741258741258306,0.9242857142857146,239722637665.25,0.07086614173228356,1,1,0.04374453193350836,1,1,0.0,0,0,0.007874015748031482,1,0,0.08748906386701671,1,1,0.7707786526684164,1,1,1.0
2025-06-19,22.933,23.4,22.56,22.6,1007984205.0,TRALT,22.6,22.933,23.4,22.56,0,-0.011373578302712128,-0.09236947791164651,-0.09816440542697513,0.02691605581959339,0.029916371399325428,24.151999999999997,25.7432,23.59005,-0.04196896572919517,44.85714285714286,-0.5500929331732394,-0.4694839494554976,-0.08060898371774178,-4.721753794266437,0.9328571428571433,238714653460.25,0.10707964601769904,1,1,0.08407079646017701,1,1,0.023893805309734395,1,1,-0.023893805309734617,0,-1,0.15486725663716805,1,1,,0,0,1.0
2025-06-20,22.92,23.16,22.76,22.76,979379774.0,TRALT,22.76,22.92,23.16,22.76,0,0.0070796460176991705,-0.05950413223140483,-0.0932270916334661,0.027012476917597724,0.028705534605637507,24.035000000000004,25.608400000000003,23.57595,-0.03460942188967986,45.32577903682719,-0.5969991338298044,-0.494986986330359,-0.10201214749944543,-7.854251012145741,0.9057142857142862,239694033234.25,0.08787346221441128,1,1,0.0913884007029877,1,1,0.009666080843585112,1,0,0.026362038664323295,1,1,0.12478031634446385,1,1,,0,0,1.0
2025-06-23,22.717,22.88,22.46,22.74,850280383.0,TRALT,22.74,22.717,22.88,22.46,0,-0.0008787346221442727,-0.04292929292929304,-0.11723602484472062,0.026046364833646106,0.02792075166931025,23.883999999999997,25.4888,23.564150000000005,-0.034974739169458924,46.92082111436949,-0.6285410388019947,-0.5216977968246862,-0.10684324197730855,-7.711038961038974,0.8957142857142859,238843752851.25,0.057167985927880416,1,1,0.09762532981530359,1,1,0.014072119613016687,1,0,0.07739665787159189,1,1,0.11697449428320139,1,1,,0,0,1.0
2025-06-24,23.398,23.76,23.06,23.66,893513903.0,TRALT,23.66,23.398,23.76,23.06,0,0.04045734388742317,-0.010041841004184038,-0.077223088923557,0.02803648477178482,0.02641572148602817,23.785,25.4,23.56025,0.004233826041744049,55.227882037533526,-0.5727001832810359,-0.5318982741159561,-0.04080190916507975,-3.4285714285714253,0.9200000000000002,239737266754.25,0.01606086221470826,1,0,0.041420118343195256,1,1,-0.03127641589180041,0,-1,0.036348267117497945,1,1,0.14961961115807276,1,1,,0,0,1.0
2025-06-25,23.335,23.98,23.02,23.1,672219618.0,TRALT,23.1,23.335,23.98,23.02,0,-0.023668639053254337,0.01049868766404205,-0.07377706495589409,0.0278864796082153,0.02627680525416465,23.693,25.3156,23.55585,-0.019351880743000094,45.68245125348191,-0.56709609210899,-0.5389378377145629,-0.028158254394427096,-9.695074276778726,0.9242857142857144,239065047136.25,0.023376623376623273,1,1,0.07099567099567095,1,1,-0.0008658008658010141,0,0,0.08225108225108224,1,1,0.16363636363636358,1,1,,0,0,1.0
2025-06-26,23.11,23.32,22.92,23.08,726941269.0,TRALT,23.08,23.11,23.32,22.92,0,-0.0008658008658010141,0.02123893805309729,-0.016197783461210702,0.02458901236664483,0.025700212547336114,23.674,25.2192,23.553350000000002,-0.020096928886973786,36.97749196141478,-0.5578382304544327,-0.5427179162625368,-0.015120314191895856,-7.309236947791165,0.8585714285714285,238338105867.25,0.0493934142114385,1,1,0.0554592720970537,1,1,0.004332755632582286,1,0,0.08492201039861347,1,1,0.19237435008665527,1,1,,0,0,1.0
2025-06-27,23.192,23.38,22.92,23.28,703321815.0,TRALT,23.28,23.192,23.38,22.92,0,0.008665511265164794,0.02284710017574687,-0.0017152658662091813,0.02463639333008656,0.025128537338582838,23.672,25.112,23.556150000000002,-0.011723053215402346,39.308176100628934,-0.5282733732555158,-0.5398290076611327,0.01155563440561691,-3.8016528925619797,0.8585714285714283,239041427682.25,0.053264604810996596,1,1,-0.019759450171821347,0,0,0.03608247422680422,1,1,0.11512027491408938,1,1,0.15378006872852223,1,1,,0,0,0.0
2025-06-30,23.745,24.08,23.1,24.0,1574237755.0,TRALT,24.0,23.745,24.08,23.1,0,0.030927835051546282,0.0554089709762533,0.024765157984628416,0.025571424459591093,0.025171803145501534,23.701,24.9976,23.561750000000004,0.018600061540420265,46.397694524495684,-0.4416539167805169,-0.5201939894850096,0.0785400727044927,1.0101010101009944,0.8914285714285709,240615665437.25,-0.007499999999999951,0,0,-0.05833333333333324,0,-1,-0.02416666666666656,0,-1,0.08833333333333337,1,1,0.12166666666666681,1,1,,0,0,0.0
2025-07-01,24.392,24.68,23.94,24.4,1304587417.0,TRALT,24.4,24.392,24.68,23.94,0,0.016666666666666607,0.03127641589180041,0.05354058721934374,0.025603167004955702,0.02347109939221357,23.762999999999998,24.9004,23.574250000000003,0.035027625481192315,40.57507987220447,-0.33684774527696604,-0.48352474064340095,0.14667699536643491,2.092050209205021,0.8428571428571422,241920252854.25,-0.04508196721311464,0,-1,-0.06803278688524594,0,-1,-0.03934426229508181,0,-1,0.07786885245901654,1,1,0.11967213114754105,1,1,,0,0,0.0
2025-07-02,24.666,25.08,24.32,24.48,1396530194.0,TRALT,24.48,24.666,25.08,24.32,0,0.003278688524590345,0.05974025974025965,0.06993006993007,0.025358394569275258,0.023086764610783374,23.843,24.822400000000002,23.585350000000002,0.03793244535272944,46.289752650176695,-0.24451416081945965,-0.43572262467861267,0.19120846385915302,7.086614173228356,0.7885714285714277,243316783048.25,-0.025326797385620936,0,-1,-0.06617647058823528,0,-1,-0.05065359477124187,0,-1,0.07107843137254899,1,1,0.16013071895424824,1,1,,0,0,0.0
2025-07-03,25.048,25.44,24.66,25.02,1198261859.0,TRALT,25.02,25.048,25.44,24.66,0,0.022058823529411686,0.08405545927209701,0.05480607082630695,0.024552882504042698,0.02326573476522284,23.908,24.753600000000002,23.592750000000002,0.060495279270114555,57.45454545454547,-0.12630962415537894,-0.373840024573966,0.24753040041858704,10.707964601769904,0.7571428571428565,244515044907.25,-0.02078337330135893,0,-1,-0.07513988808952832,0,-1,-0.06714628297362113,0,-1,0.03277378097521977,1,1,0.14068745003996797,1,1,,0,0,0.0
2025-07-04,24.737,25.16,24.44,24.76,843097540.0,TRALT,24.76,24.737,25.16,24.44,0,-0.010391686650679355,0.06357388316151202,0.0024291497975710286,0.022972694117961857,0.022342678113965,23.911,24.6804,23.59665,0.04930148983012428,59.3984962406015,-0.05300054700653689,-0.3096721290604802,0.2566715820539433,8.787346221441128,0.7571428571428565,243671947367.25,0.003231017770597644,1,0,-0.07189014539579974,0,-1,-0.042003231017770704,0,-1,0.026655896607431284,1,1,0.13812600969305322,1,1,,0,0,0.0
2025-07-07,24.106,24.48,23.88,24.04,718973855.0,TRALT,24.04,24.106,24.48,23.88,0,-0.029079159935379795,0.0016666666666667052,-0.024350649350649456,0.023897948511763793,0.022392797234932146,23.881,24.6036,23.59665,0.018788683986921795,51.186440677966104,-0.052396562949681424,-0.25821701583832046,0.20582045288863904,5.716798592788042,0.781428571428571,242952973512.25,0.038269550748752046,1,1,-0.040765391014975005,0,-1,-0.022462562396006636,0,-1,0.04908485856905154,1,1,0.2886855241264559,1,1,,0,0,0.0
2025-07-08,24.18,24.42,24.0,24.04,968926290.0,TRALT,24.04,24.18,24.42,24.0,0,0.0,-0.014754098360655665,-0.018775510204081636,0.02387263570799086,0.022257419962062642,23.857999999999997,24.526799999999998,23.598450000000003,0.018710974661471313,62.13991769547323,-0.05132624423904275,-0.21683886151846493,0.16551261727942218,1.606086221470826,0.7228571428571424,242952973512.25,0.024958402662229595,1,1,-0.04658901830282847,0,-1,-0.016638935108153063,0,0,0.05990016638935103,1,1,0.36023294509151427,1,1,,0,0,0.0
2025-07-09,23.94,24.36,23.5,23.64,1534558497.0,TRALT,23.64,23.94,24.36,23.5,0,-0.016638935108153063,-0.03431372549019607,-0.07584050039093038,0.02163725153689356,0.022087961594869605,23.761000000000003,24.451600000000003,23.595350000000003,0.0018923220041235922,60.39999999999998,-0.08181159289322437,-0.18983340779341681,0.10802181490019244,2.3376623376623273,0.7242857142857139,241418415015.25,0.04653130287648044,1,1,-0.02368866328257202,0,-1,0.027918781725888353,1,1,0.06514382402707275,1,1,0.4280879864636209,1,1,,0,0,0.0
2025-07-10,24.173,24.44,23.84,24.22,1554113484.0,TRALT,24.22,24.173,24.44,23.84,0,0.024534686971235065,-0.03197442046362908,-0.027309236947791193,0.021811974923875932,0.022151328478523323,23.727,24.401600000000002,23.594749999999998,0.026499539092382784,63.468634686346824,-0.058495993201848506,-0.16356592487510316,0.10506993167325465,4.93934142114385,0.7414285714285711,242972528499.25,0.005780346820809301,1,0,-0.04293971924029727,0,-1,0.019818331957060398,1,0,0.04872006606110646,1,1,0.47316267547481416,1,1,,0,0,0.0
2025-07-11,24.483,24.72,24.28,24.52,1252823606.0,TRALT,24.52,24.483,24.72,24.28,0,0.012386457473162693,-0.009693053311793265,0.013223140495867813,0.021044213855006145,0.0219154970485431,23.743,24.367600000000003,23.59945,0.03900726499981988,65.6140350877193,-0.01563054052966706,-0.13397884800601595,0.11834830747634889,5.32646048109966,0.747142857142857,244225352105.25,-0.06933115823817293,0,-1,-0.01631321370309946,0,0,0.023654159869494373,1,1,0.02610114192495927,1,1,0.5171288743882547,1,1,,0,0,0.0
2025-07-14,24.129,24.68,23.76,23.82,911399737.0,TRALT,23.82,24.129,24.68,23.76,0,-0.028548123980424167,-0.009151414309484185,0.002525252525252375,0.021656838342978317,0.02152868788683477,23.746,24.3296,23.59955,0.009341279812538739,51.45985401459855,-0.037708826435739695,-0.1147248436919607,0.07701601725622101,-0.7499999999999951,0.7399999999999994,243313952368.25,-0.05121746431570107,0,-1,-0.016792611251049472,0,0,0.04366078925272876,1,1,0.0470193115029387,1,1,0.5675902602854745,1,1,,0,0,0.0
2025-07-16,23.614,24.04,23.14,23.3,1088657594.0,TRALT,23.3,23.614,24.04,23.14,0,-0.02183039462636438,-0.030782029950083167,-0.025104602510460206,0.022164633709038414,0.021604313349174255,23.716,24.2976,23.59555,-0.012525666916007427,51.838235294117645,-0.09605838004948808,-0.11099155096346619,0.014933170913978111,-4.508196721311464,0.735714285714285,242225294774.25,-0.02403433476394856,0,-1,0.006008583690987113,1,0,0.032618025751072866,1,1,0.09012875536480669,1,1,0.7107296137339054,1,1,,0,0,1.0
2025-07-17,23.686,24.0,23.42,23.86,1134589418.0,TRALT,23.86,23.686,24.0,23.42,0,0.02403433476394845,0.009306260575296044,0.04374453193350836,0.020429837335981884,0.021608046273641685,23.766,24.277600000000003,23.59645,0.011169052971951254,56.521739130434796,-0.09600679521639321,-0.1079945998140516,0.011987804597658386,-2.5326797385620936,0.7571428571428565,243359884192.25,-0.04191114836546517,0,-1,-0.025984911986588477,0,-1,0.0167644593461862,1,0,0.06873428331936293,1,1,0.6764459346186087,1,1,,0,0,0.0
2025-07-18,24.17,24.62,23.82,24.5,1775333274.0,TRALT,24.5,24.17,24.62,23.82,0,0.026823134953897654,0.011560693641618602,0.08407079646017701,0.02086112220112195,0.021930964010475236,23.861,24.277200000000004,23.600749999999998,0.03810260267152543,59.50155763239876,-0.04381815416235213,-0.09515931068371171,0.05134115652135958,-2.078337330135893,0.781428571428571,245135217466.25,-0.05551020408163265,0,-1,-0.04734693877551022,0,-1,-0.017959183673469492,0,0,0.013061224489795853,1,0,0.5314285714285716,1,1,,0,0,0.0
2025-07-21,24.698,24.9,24.46,24.84,1088678862.0,TRALT,24.84,24.698,24.9,24.46,0,0.013877551020408108,0.013050570962479524,0.0913884007029877,0.020964765320964928,0.022029556952746103,23.964999999999996,24.2652,23.608849999999997,0.05214781744981245,56.95364238410596,0.024692241582688013,-0.07118900023043177,0.09588124181311979,0.3231017770597644,0.7428571428571425,246223896328.25,-0.0748792270531401,0,-1,-0.04508856682769735,0,-1,-0.02254428341384862,0,-1,-0.01046698872785834,0,0,0.5249597423510468,1,1,,0,0,0.0
2025-07-22,25.037,25.26,24.78,24.96,1771219432.0,TRALT,24.96,25.037,25.26,24.78,0,0.004830917874396157,0.04785894206549113,0.09762532981530359,0.02092520745387256,0.021932516060375704,24.076,24.2556,23.62475,0.05651911660440856,54.86111111111113,0.08765973407144756,-0.039419253370055904,0.12707898744150348,3.8269550748752046,0.7242857142857141,247995115760.25,-0.07612179487179493,0,-1,-0.05849358974358976,0,-1,-0.06810897435897434,0,-1,-0.05288461538461542,0,-1,0.5160256410256412,1,1,,0,0,0.0
2025-07-23,24.807,25.06,24.52,24.64,799460514.0,TRALT,24.64,24.807,25.06,24.52,0,-0.012820512820512886,0.057510729613733824,0.041420118343195256,0.019499832206568507,0.021979011734963198,24.125,24.233199999999997,23.635150000000003,0.04251506760058632,51.333333333333336,0.11046720272707233,-0.009441962150630256,0.11990916487770259,2.4958402662229595,0.7085714285714284,247195655246.25,-0.06980519480519476,0,-1,-0.04058441558441561,0,-1,-0.03327922077922074,0,-1,-0.024350649350649456,0,-1,0.5275974025974026,1,1,,0,0,0.0
2025-07-24,24.852,25.08,24.62,24.74,1196702781.0,TRALT,24.74,24.852,25.08,24.62,0,0.0040584415584414835,0.03688181056160933,0.07099567099567095,0.018524214916377874,0.021897859963285478,24.207,24.211599999999997,23.656750000000002,0.04579031354687335,47.4820143884892,0.13505462457717954,0.019457355194931705,0.11559726938224783,4.653130287648044,0.6728571428571425,248392358027.25,-0.06709781729991915,0,-1,-0.017784963621665262,0,0,-0.0388035569927242,0,-1,0.007275666936136016,1,0,0.412287793047696,1,1,,0,0,0.0
2025-07-25,24.515,24.86,24.26,24.36,685261799.0,TRALT,24.36,24.515,24.86,24.26,0,-0.015359741309620034,-0.005714285714285783,0.0554592720970537,0.018985816278713086,0.02176051652626779,24.271,24.196399999999997,23.675249999999995,0.028922609053758874,46.4788732394366,0.12246579982068795,0.04005904412008295,0.08240675570060499,0.5780346820809301,0.6642857142857138,247707096228.25,-0.04844006568144499,0,-1,0.013957307060755264,1,0,-0.006568144499178974,0,0,-0.014778325123152691,0,0,0.41215106732348117,1,1,,0,0,0.0
2025-07-28,22.799,23.56,22.44,22.82,2145967519.0,TRALT,22.82,22.799,23.56,22.44,0,-0.06321839080459768,-0.0813204508856683,-0.019759450171821347,0.023979181053366078,0.02308229337736416,24.248,24.145599999999998,23.687250000000002,-0.036612523615025094,40.61538461538461,-0.011641864017828851,0.029718862492500595,-0.041360726510329446,-6.9331158238172925,0.7385714285714278,245561128709.25,0.056967572304995606,1,1,0.0999123575810692,1,1,0.02015775635407535,1,1,0.0955302366345312,1,1,0.5451358457493425,1,1,,0,0,1.0
2025-07-29,22.799,23.14,22.5,22.6,996592785.0,TRALT,22.6,22.799,23.14,22.5,0,-0.009640666082383786,-0.09455128205128205,-0.05833333333333324,0.022850412698484816,0.022996387114006537,24.178,24.090799999999998,23.69965,-0.04639941940070835,39.28571428571429,-0.13412915774865297,-0.0030507415557301173,-0.13107841619292285,-5.121746431570107,0.7542857142857134,244564535924.25,0.036283185840708,1,1,0.09999999999999987,1,1,0.04867256637168138,1,1,0.07787610619469021,1,1,0.5672566371681416,1,1,,0,0,1.0
2025-07-30,22.811,23.26,22.58,22.74,1675757299.0,TRALT,22.74,22.811,23.26,22.58,0,0.00619469026548658,-0.07711038961038974,-0.06803278688524594,0.022499387604593895,0.022677923277200387,24.095,24.0448,23.71185,-0.040985836195826186,43.034055727554154,-0.21739835759191095,-0.04592026476296629,-0.17147809282894466,-2.403433476394856,0.7414285714285709,246240293223.25,0.030782761653474155,1,1,0.05804749340369386,1,1,0.033421284080914715,1,1,0.04485488126649084,1,1,0.7132805628847847,1,1,,0,0,1.0
2025-07-31,22.895,23.04,22.8,22.86,969467921.0,TRALT,22.86,22.895,23.04,22.8,0,0.005277044854881341,-0.07599029911075184,-0.06617647058823528,0.02253442204447128,0.02269353124079121,24.014,23.997600000000002,23.726750000000003,-0.03653049827726107,38.66666666666666,-0.27058763544526343,-0.09085373889942572,-0.1797338965458377,-4.191114836546516,0.7057142857142852,247209761144.25,0.016622922134733153,1,0,0.0612423447069117,1,1,0.007874015748031482,1,0,0.08748906386701671,1,1,0.7707786526684164,1,1,,0,0,1.0
2025-08-01,22.954,23.18,22.7,23.14,1478108265.0,TRALT,23.14,22.954,23.18,22.7,0,0.012248468941382429,-0.05008210180623973,-0.07513988808952832,0.02205802909648092,0.022697638079977905,23.919999999999998,23.959199999999996,23.7425,-0.025376434663577974,38.46153846153846,-0.2868403444705976,-0.1300510600136601,-0.1567892844569375,-5.551020408163265,0.7042857142857137,248687869409.25,0.008643042350907404,1,0,0.03975799481417441,1,1,-0.046672428694900736,0,-1,0.1279170267934313,1,1,,0,0,,0,0,1.0
2025-08-04,23.098,23.28,22.96,22.98,1116224069.0,TRALT,22.98,23.098,23.28,22.96,0,-0.00691443388072599,0.007011393514460895,-0.07189014539579974,0.022015866280266572,0.02214734787480862,23.831,23.9168,23.7604,-0.03284456490631471,42.27941176470588,-0.3090686453369358,-0.16585457707831525,-0.14321406825862054,-7.487922705314009,0.661428571428571,247571645340.25,0.032201914708442025,1,1,0.056570931244560585,1,1,0.01653611836379465,1,0,0.114012184508268,1,1,,0,0,,0,0,1.0
2025-08-05,23.259,23.54,23.06,23.06,2009982921.0,TRALT,23.06,23.259,23.54,23.06,0,0.003481288076588207,0.02035398230088492,-0.040765391014975005,0.021213207851941085,0.02215577139793163,23.782,23.862800000000004,23.777200000000004,-0.030163349763639324,47.59999999999997,-0.31658006458734533,-0.19599967458012124,-0.12058039000722409,-7.612179487179493,0.6371428571428568,249581628261.25,0.019080659150043422,1,0,0.008673026886383495,1,0,0.06244579358196023,1,1,0.10147441457068518,1,1,,0,0,,0,0,1.0
2025-08-06,23.021,23.24,22.84,22.92,1117041715.0,TRALT,22.92,23.021,23.24,22.84,0,-0.00607111882046818,0.007915567282322122,-0.04658901830282847,0.02122860517576651,0.02208715683947027,23.726000000000003,23.808399999999995,23.7914,-0.03662668022899018,39.737991266375545,-0.33002542081387887,-0.22280482382687278,-0.10722059698700609,-6.980519480519476,0.6157142857142853,248464586546.25,0.03141361256544495,1,1,0.03926701570680624,1,1,0.06980802792321117,1,1,0.18673647469458965,1,1,,0,0,,0,0,1.0
2025-08-07,23.138,23.28,23.0,23.08,1310865489.0,TRALT,23.08,23.138,23.28,23.0,0,0.00698080279232105,0.00962379702537186,-0.02368866328257202,0.021037141449635716,0.022109703927111417,23.698,23.771200000000004,23.8044,-0.030431348826267524,32.682926829268226,-0.32403502559747466,-0.24305086418099314,-0.08098416141648151,-6.709781729991915,0.5842857142857137,249775452035.25,0.05285961871750433,1,1,0.030329289428076445,1,1,0.08318890814558078,1,1,0.1646447140381282,1,1,,0,0,,0,0,1.0
2025-08-08,23.189,23.32,23.04,23.18,1252359090.0,TRALT,23.18,23.189,23.32,23.04,0,0.004332755632582286,0.0017286084701815252,-0.04293971924029727,0.020216372540645677,0.021866721311157862,23.646,23.7656,23.8204,-0.026884519151651465,28.4974093264248,-0.30767178119035066,-0.25597504758286466,-0.051696733607486,-4.844006568144499,0.5728571428571426,251027811125.25,0.06557377049180335,1,1,0.04400345125107852,1,1,0.08024158757549604,1,1,0.18723037100949091,1,1,,0,0,,0,0,1.0
2025-08-11,23.652,24.12,23.22,24.12,2249763831.0,TRALT,24.12,23.652,24.12,23.22,0,0.04055220017256267,0.04960835509138373,-0.01631321370309946,0.022158569372679654,0.022480333115688998,23.626,23.781600000000005,23.8407,0.01171526003850576,41.02564102564101,-0.21635958934783872,-0.2480519559358595,0.03169236658802077,5.696757230499561,0.6057142857142855,253277574956.25,0.04063018242122718,1,1,-0.03482587064676612,0,-1,0.07628524046434504,1,1,0.11359867330016571,1,1,,0,0,,0,0,0.0
2025-08-12,23.516,23.92,23.26,23.42,1665835517.0,TRALT,23.42,23.516,23.92,23.26,0,-0.029021558872305064,0.015611448395490113,-0.016792611251049472,0.02219024388590601,0.02277816804609191,23.606,23.781599999999997,23.8554,-0.018251632754009428,37.94466403162054,-0.19819351779774763,-0.23808026830823714,0.03988675051048951,3.6283185840708,0.6285714285714283,251611739439.25,0.061485909479077616,1,1,0.011955593509820561,1,0,0.1152860802732707,1,1,0.14944491887275824,1,1,,0,0,,0,0,1.0
2025-08-13,23.427,23.62,23.24,23.44,1129924477.0,TRALT,23.44,23.427,23.62,23.24,0,0.0008539709649870719,0.022687609075043635,0.006008583690987113,0.021620904829721472,0.02273522528890545,23.613,23.7872,23.8717,-0.018084174985443013,36.94779116465864,-0.1801067834744856,-0.22648557134148684,0.046378787867001225,3.0782761653474155,0.622857142857143,252741663916.25,0.026450511945392385,1,1,0.0025597269624573205,1,0,0.12201365187713309,1,1,0.16552901023890776,1,1,,0,0,,0,0,1.0
2025-08-14,23.452,23.72,23.18,23.24,1286059761.0,TRALT,23.24,23.452,23.72,23.18,0,-0.008532423208191253,0.006932409012131657,-0.025984911986588477,0.020973821681393383,0.022731669753592545,23.582,23.7944,23.884900000000002,-0.027000322379411412,38.333333333333314,-0.1798381821274937,-0.21715609349868822,0.03731791137119453,1.6622922134733153,0.6185714285714289,251455604155.25,0.04388984509466454,1,1,-0.008605851979345935,0,0,0.12822719449225484,1,1,0.2220309810671257,1,1,,0,0,,0,0,0.0
2025-08-15,23.42,23.72,23.14,23.34,1600458256.0,TRALT,23.34,23.42,23.72,23.14,0,0.004302925989672968,0.00690250215703192,-0.04734693877551022,0.019976437023492336,0.02273164571397663,23.524,23.786800000000003,23.898200000000003,-0.02335740767087069,57.73809523809525,-0.16960109352653774,-0.20764509350425814,0.0380439999777204,0.8643042350907404,0.5228571428571431,253056062411.25,0.03084832904884305,1,1,-0.054841473864610135,0,-1,0.10711225364181653,1,1,0.22279348757497863,1,1,,0,0,,0,0,0.0
2025-08-18,23.644,23.86,23.38,23.72,1816978462.0,TRALT,23.72,23.644,23.86,23.38,0,0.016281062553556103,-0.016583747927031545,-0.04508856682769735,0.020085366688565358,0.02283809897036392,23.468,23.7672,23.912299999999995,-0.00804188639319492,65.90909090909089,-0.12933441620640096,-0.1919829580446867,0.06264854183828575,3.2201914708442025,0.5142857142857145,254873040873.25,0.02360876897133224,1,1,-0.015177065767284947,0,0,0.07166947723440154,1,1,0.1880269814502531,1,1,,0,0,,0,0,0.0
2025-08-19,23.627,23.84,23.4,23.5,1166363427.0,TRALT,23.5,23.627,23.84,23.4,0,-0.009274873524451888,0.0034158838599487318,-0.05849358974358976,0.02007649808158227,0.02258618077674005,23.395,23.744399999999995,23.925699999999996,-0.017792582871138385,60.555555555555586,-0.11386241071391368,-0.17635884857853212,0.06249643786461845,1.9080659150043422,0.4971428571428572,253706677446.25,-0.01021276595744669,0,0,0.042553191489361764,1,1,0.07319148936170206,1,1,0.3182978723404255,1,1,,0,0,,0,0,0.0
2025-08-20,23.618,23.82,23.38,23.64,1717159282.0,TRALT,23.64,23.618,23.82,23.38,0,0.005957446808510625,0.008532423208191142,-0.04058441558441561,0.020022942138590658,0.022600818293277824,23.345,23.727199999999996,23.9433,-0.012667426795805126,60.773480662983445,-0.08927480059058368,-0.15894203898094245,0.06966723839035877,3.141361256544495,0.5071428571428572,255423836728.25,0.0076142131979695105,1,0,0.0372250423011844,1,1,0.07783417935702208,1,1,0.383248730964467,1,1,,0,0,,0,0,0.0
2025-08-21,24.155,24.42,23.72,24.3,2416288793.0,TRALT,24.3,24.155,24.42,23.72,0,0.027918781725888353,0.04561101549053359,-0.017784963621665262,0.021078141365205805,0.022640071032040406,23.323,23.7016,23.9633,0.014050652456047308,64.50000000000001,-0.016344054190927437,-0.13042244202293943,0.11407838783201199,5.285961871750433,0.5285714285714287,257840125521.25,-0.02139917695473248,0,-1,0.028806584362139898,1,1,0.036213991769547205,1,1,0.3893004115226337,1,1,,0,0,,0,0,0.0
2025-08-22,24.622,24.9,24.3,24.7,2059599317.0,TRALT,24.7,24.622,24.9,24.3,0,0.016460905349794164,0.05826906598114823,0.013957307060755264,0.021112886694185613,0.021361579324513068,23.339999999999996,23.6976,23.99025,0.029584935546732583,70.28301886792454,0.07289050842066658,-0.08975985193421823,0.1626503603548848,6.557377049180335,0.5485714285714286,259899724838.25,-0.020242914979757054,0,-1,0.013765182186234792,1,0,0.028340080971659853,1,1,0.4445344129554656,1,1,,0,0,,0,0,0.0
2025-08-25,25.198,25.4,24.94,25.1,2260106365.0,TRALT,25.1,25.198,25.4,24.94,0,0.01619433198380582,0.058178752107926,0.0999123575810692,0.015000726504317828,0.0214290835035773,23.454,23.7156,24.02105,0.0449168541758167,72.36842105263162,0.17388179812011373,-0.037031521923351844,0.21091332004346558,4.063018242122718,0.5585714285714286,262159831203.25,-0.07250996015936251,0,-1,0.03426294820717124,1,1,0.0023904382470119057,1,0,0.4820717131474104,1,1,,0,0,,0,0,0.0
2025-08-26,25.011,25.32,24.72,24.86,2361524126.0,TRALT,24.86,25.011,25.32,24.72,0,-0.009561752988047845,0.05787234042553191,0.09999999999999987,0.01499671619705266,0.02147257733149382,23.567,23.7376,24.051599999999997,0.033611069533835636,70.81545064377679,0.2318791698433813,0.016750616429994786,0.21512855341338652,6.148590947907762,0.5728571428571431,259798307077.25,-0.0466613032984714,0,-1,0.05068382944489147,1,1,0.0032180209171359664,1,0,0.5020112630732101,1,1,,0,0,,0,0,0.0
2025-08-27,24.465,25.18,24.02,24.06,2123565105.0,TRALT,24.06,24.465,25.18,24.02,0,-0.032180209171359664,0.017766497461928932,0.05804749340369386,0.017124097686870395,0.021846794659819507,23.633000000000003,23.7408,24.0771,-0.0007102184233152009,59.245283018867916,0.21085854461410491,0.05557220206681682,0.1552863425472881,2.6450511945392385,0.6300000000000002,257674741972.25,-0.023275145469659142,0,-1,0.09310058187863679,1,1,0.0556940980881131,1,1,0.656691604322527,1,1,,0,0,,0,0,0.0
2025-08-28,24.313,24.48,24.14,24.26,1719344398.0,TRALT,24.26,24.313,24.48,24.14,0,0.008312551953449931,-0.0016460905349794386,0.0612423447069117,0.017159091685532996,0.021800374472489333,23.703,23.768800000000002,24.10185,0.006561736962100495,60.0,0.20794086337049578,0.08604593432755261,0.12189492904294316,4.388984509466454,0.6400000000000003,259394086370.25,-0.05028854080791434,0,-1,0.08079142621599322,1,1,0.051112943116240706,1,1,0.6488046166529264,1,1,,0,0,,0,0,0.0
2025-08-29,24.154,24.5,23.96,24.06,1197658922.0,TRALT,24.06,24.154,24.5,23.96,0,-0.008244023083264773,-0.025910931174089047,0.03975799481417441,0.017196859331126246,0.021326922297783314,23.749000000000002,23.798,24.12375,-0.0026426239701540233,49.356223175965646,0.18733081836914423,0.10630291113587093,0.0810279072332733,3.084832904884305,0.6114285714285715,258196427448.25,-0.0831255195344971,0,-1,0.0739817123857025,1,1,0.03158769742310885,1,1,0.5594347464671656,1,1,,0,0,,0,0,0.0
2025-09-01,24.269,24.52,23.88,24.28,1589142762.0,TRALT,24.28,24.269,24.52,23.88,0,0.009143807148794814,-0.03266932270916334,0.056570931244560585,0.017128991246442977,0.020676903616621077,23.814,23.8284,24.147199999999998,0.005499602438377993,60.28708133971288,0.18659838062313838,0.12236200503332442,0.06423637558981396,2.360876897133224,0.595714285714286,259785570210.25,-0.03789126853377267,0,-1,0.04695222405271826,1,1,0.012355848434925765,1,0,0.5601317957166392,1,1,,0,0,,0,0,0.0
2025-09-02,23.553,24.54,22.62,23.26,2446192071.0,TRALT,23.26,23.553,24.54,22.62,0,-0.04200988467874789,-0.0643604183427191,0.008673026886383495,0.01985104710549466,0.02137297776710119,23.824,23.838800000000003,24.1655,-0.03747077445118041,48.262548262548265,0.10253053474665919,0.11839571097599139,-0.0158651762293322,-1.021276595744669,0.7057142857142856,257339378139.25,0.05331040412725696,1,1,0.08426483233018045,1,1,0.016337059329320613,1,0,0.6268271711092004,1,1,,0,0,,0,0,0.0
2025-09-03,23.495,24.16,22.96,23.82,1980075845.0,TRALT,23.82,23.495,24.16,22.96,0,0.02407566638005143,-0.009975062344139585,0.03926701570680624,0.02045172248674546,0.02160027396995456,23.869,23.842000000000002,24.1846,-0.01507570933569291,55.2346570397112,0.08016933886341704,0.11075043655347652,-0.030581097690059483,0.761421319796951,0.7528571428571428,259319453984.25,0.029387069689336576,1,1,0.06968933669185562,1,1,0.009235936188077165,1,0,0.5801847187237616,1,1,,0,0,,0,0,0.0
2025-09-04,23.747,24.06,23.52,23.78,1233014682.0,TRALT,23.78,23.747,24.06,23.52,0,-0.0016792611251049694,-0.019785655399835123,0.030329289428076445,0.02043522067769286,0.020801997563141397,23.904,23.8556,24.2029,-0.01747311272616081,54.01459854014599,0.05854538950915256,0.10030942714461173,-0.041764037635459175,-2.139917695473248,0.75,258086439302.25,0.051303616484440706,1,1,0.05887300252312855,1,1,0.047939444911690554,1,1,0.4693019343986542,1,1,,0,0,,0,0,0.0
2025-09-05,24.059,24.42,23.76,24.2,1618960001.0,TRALT,24.2,24.059,24.42,23.76,0,0.01766190075693852,0.005818786367414841,0.04400345125107852,0.020740871081174863,0.02066351897871441,23.955,23.878,24.2229,-0.0009453863905642956,54.34782608695652,0.07444063842523008,0.09513566940073541,-0.020695030975505332,-2.0242914979757054,0.76,259705399303.25,0.034710743801652955,1,1,0.04958677685950419,1,1,-0.008264462809917328,0,0,0.42148760330578505,1,1,,0,0,,0,0,0.0
2025-09-08,23.691,24.24,23.0,23.28,2029364688.0,TRALT,23.28,23.691,24.24,23.0,0,-0.0380165289256198,-0.041186161449752845,-0.03482587064676612,0.020566387333622937,0.020927628461059732,23.913,23.878,24.240099999999998,-0.0396079224095609,48.2315112540193,0.012655541269158022,0.07863964377441993,-0.0659841025052619,-7.25099601593625,0.817142857142857,257676034615.25,0.11512027491408938,1,1,0.0807560137457044,1,1,0.07388316151202745,1,1,0.5146048109965635,1,1,,0,0,,0,0,0.0
2025-09-09,23.716,24.04,23.3,23.7,1681665223.0,TRALT,23.7,23.716,24.04,23.3,0,0.018041237113401998,0.018916595012897552,0.011955593509820561,0.019942832865205564,0.02092928349958853,23.927,23.872000000000003,24.2606,-0.023107425207950394,50.46153846153845,-0.0023915353205765655,0.062433407955420635,-0.0648249432759972,-4.666130329847141,0.8399999999999996,259357699838.25,0.10210970464135039,1,1,0.052320675105485215,1,1,0.02784810126582271,1,1,0.4945147679324895,1,1,,0,0,,0,0,0.0
2025-09-10,23.558,23.82,23.34,23.5,933104349.0,TRALT,23.5,23.558,23.82,23.34,0,-0.008438818565400852,-0.013434089000839644,0.0025597269624573205,0.020049119392517474,0.02094470191009936,23.93,23.854,24.2703,-0.031738379830492325,43.37748344370861,-0.03010771743138463,0.043925182878059583,-0.0740329003094442,-2.327514546965914,0.8185714285714282,258424595489.25,0.11914893617021272,1,1,0.08085106382978724,1,1,0.01106382978723408,1,0,0.657872340425532,1,1,,0,0,,0,0,0.0
2025-09-11,23.535,23.92,23.0,23.04,1580607915.0,TRALT,23.04,23.535,23.92,23.0,0,-0.019574468085106433,-0.031118587047939572,-0.008605851979345935,0.020453694668961964,0.020321686281743703,23.92,23.8252,24.278499999999998,-0.051012212451345795,36.39344262295083,-0.08817472372981072,0.017505201556485522,-0.10567992528629624,-5.028854080791434,0.8414285714285713,256843987574.25,0.13802083333333326,1,1,0.10677083333333348,1,1,0.07899305555555558,1,1,0.7569444444444444,1,1,,0,0,,0,0,1.0
2025-09-12,22.317,23.1,21.92,22.06,1985699792.0,TRALT,22.06,22.317,23.1,21.92,0,-0.04253472222222221,-0.0884297520661157,-0.054841473864610135,0.022487465455093558,0.021012442880347263,23.856,23.766,24.2831,-0.09154926677401165,27.245508982035915,-0.21084061500373252,-0.02816396175555809,-0.18267665324817445,-8.31255195344971,0.8757142857142856,254858287782.25,0.17135086128739796,1,1,0.12511332728921132,1,1,0.18313689936536726,1,1,,0,0,,0,0,,0,0,1.0
2025-09-15,22.641,23.36,21.66,23.36,2289506275.0,TRALT,23.36,22.641,23.36,21.66,0,0.058930190389845816,0.0034364261168384758,-0.015177065767284947,0.026101305184721747,0.022340495540617025,23.838,23.737999999999996,24.2933,-0.038418000024698085,40.310077519379846,-0.20083992452029875,-0.06269915430850623,-0.13814077021179252,-3.789126853377267,0.954285714285714,257147794057.25,0.08818493150684947,1,1,0.05222602739726012,1,1,0.09589041095890427,1,1,,0,0,,0,0,,0,0,1.0
2025-09-16,24.17,24.7,23.28,24.5,2788592589.0,TRALT,24.5,24.17,24.7,23.28,0,0.048801369863013644,0.03375527426160341,0.042553191489361764,0.02821198182854818,0.02318636930445781,23.887999999999998,23.7472,24.3119,0.007736951863079433,52.722772277227726,-0.09977568069970744,-0.07011445958674647,-0.02966122111296096,5.331040412725696,0.9728571428571424,259936386646.25,0.029387755102040725,1,1,-0.03510204081632651,0,-1,0.03673469387755102,1,1,,0,0,,0,0,,0,0,0.0
2025-09-17,24.482,24.7,24.22,24.52,1312251614.0,TRALT,24.52,24.482,24.7,24.22,0,0.0008163265306122547,0.04340425531914893,0.0372250423011844,0.02820188544813177,0.022615467389663583,23.932000000000002,23.756800000000002,24.326800000000002,0.007941858361971033,51.645569620253156,-0.01786180670124793,-0.059663929009646774,0.041802122308398845,2.9387069689336576,0.9771428571428566,261248638260.25,0.039151712887438794,1,1,-0.019575856443719397,0,0,0.10929853181076665,1,1,,0,0,,0,0,,0,0,0.0
2025-09-18,25.219,25.96,24.78,25.0,3207074887.0,TRALT,25.0,25.219,25.96,24.78,0,0.019575856443719397,0.08506944444444442,0.028806584362139898,0.027861181156784837,0.022509752890755085,23.967000000000002,23.784000000000002,24.3382,0.027191821909590574,55.745721271393656,0.08480988155055158,-0.030769166897607107,0.1155790484481587,5.130361648444071,1.0414285714285711,264455713147.25,0.007200000000000095,1,0,-0.0031999999999999806,0,0,0.07519999999999993,1,1,,0,0,,0,0,,0,0,0.0
2025-09-19,25.121,25.68,24.68,25.04,3211180846.0,TRALT,25.04,25.121,25.68,24.68,0,0.0016000000000000458,0.13508612873980064,0.013765182186234792,0.027646626587819315,0.022507484601530913,23.984,23.8004,24.3488,0.02838743593113402,54.74999999999999,0.1674750517586503,0.008879676833644372,0.15859537492500592,3.4710743801652955,1.0671428571428567,267666893993.25,0.01437699680511173,1,0,-0.04153354632587858,0,-1,0.09904153354632594,1,1,,0,0,,0,0,,0,0,0.0
2025-09-22,26.175,26.64,25.3,25.96,3857605087.0,TRALT,25.96,26.175,26.64,25.3,0,0.036741214057508076,0.11130136986301387,0.03426294820717124,0.028604346477631378,0.02294427655096633,24.027,23.8292,24.360599999999998,0.06565519732683112,67.08860759493672,0.30372297654552227,0.06784833677601995,0.23587463976950232,11.512027491408938,1.044285714285714,271524499080.25,-0.03081664098613257,0,-1,-0.036979969183358996,0,-1,0.034668721109399,1,1,,0,0,,0,0,,0,0,0.0
2025-09-23,26.091,26.42,25.58,26.12,1916243324.0,TRALT,26.12,26.091,26.42,25.58,0,0.006163328197226425,0.06612244897959196,0.05068382944489147,0.028483571256669785,0.02263717740396794,24.09,23.8752,24.371799999999997,0.07173044256066463,65.33333333333334,0.41977222842645645,0.13823311510610725,0.2815391133203492,10.210970464135038,1.0185714285714287,273440742404.25,-0.045176110260336855,0,-1,-0.06738131699846861,0,-1,0.030627871362940207,1,1,,0,0,,0,0,,0,0,0.0
2025-09-24,26.303,26.7,25.8,26.3,2609610329.0,TRALT,26.3,26.303,26.7,25.8,0,0.006891271056661541,0.07259380097879298,0.09310058187863679,0.02726779977144679,0.02256242832143406,24.201999999999998,23.9352,24.382400000000004,0.07864689284073734,66.49214659685865,0.520269252225745,0.21464034253003483,0.3056289096957102,11.91489361702127,1.0442857142857143,276050352733.25,-0.034220532319391705,0,-1,-0.09657794676806075,0,-1,0.03878326996197723,1,1,,0,0,,0,0,,0,0,0.0
2025-09-25,26.092,26.44,25.74,26.22,1630664475.0,TRALT,26.22,26.092,26.44,25.74,0,-0.003041825095057127,0.048799999999999955,0.08079142621599322,0.027309268824946616,0.02256874443650798,24.3,23.9824,24.3935,0.07487650398671786,63.83561643835616,0.58669547597475,0.2890513692189779,0.29764410675577213,13.802083333333325,1.0471428571428574,274419688258.25,-0.027459954233409523,0,-1,-0.051868802440884765,0,-1,0.0831426392067125,1,1,,0,0,,0,0,,0,0,0.0
2025-09-26,25.96,26.34,25.46,25.84,2548915443.0,TRALT,25.84,25.96,26.34,25.46,0,-0.01449275362318836,0.03194888178913735,0.0739817123857025,0.027494788157007247,0.022494742683283237,24.389,24.009199999999996,24.401099999999996,0.05896865305252641,68.93491124260353,0.601739435026257,0.35158898238043373,0.2501504526458233,17.135086128739797,1.0214285714285718,271870772815.25,-0.03947368421052633,0,-1,0.010061919504644079,1,0,0.10448916408668718,1,1,,0,0,,0,0,,0,0,0.0
2025-09-29,25.86,26.28,25.42,25.42,1704390088.0,TRALT,25.42,25.86,26.28,25.42,0,-0.016253869969040213,-0.02080123266563938,0.04695222405271826,0.027825956993724015,0.022556764194019543,24.446,24.020799999999998,24.412999999999997,0.04124851513537897,62.72189349112428,0.5731643096674475,0.3959040478378365,0.17726026182961097,8.818493150684947,1.028571428571429,270166382727.25,-0.03304484657749818,0,-1,0.007081038552321006,1,0,0.10857592446892195,1,1,,0,0,,0,0,,0,0,0.0
2025-09-30,25.338,25.74,25.0,25.22,1198439575.0,TRALT,25.22,25.338,25.74,25.0,0,-0.007867820613690069,-0.03445635528330793,0.08426483233018045,0.025923322334939283,0.022246391112894056,24.544,24.026,24.422600000000003,0.0326500863953878,62.72189349112424,0.5282901879798665,0.4223812758662425,0.10590891211362397,2.9387755102040725,1.0471428571428574,268967943152.25,-0.06264869151467078,0,-1,0.007137192704202988,1,0,0.2283901665344965,1,1,,0,0,,0,0,,0,0,0.0
2025-10-01,25.145,25.54,24.66,25.48,1446439378.0,TRALT,25.48,25.145,25.54,24.66,0,0.010309278350515427,-0.03117870722433458,0.06968933669185562,0.02555266789459124,0.022277989954759096,24.627,24.042800000000003,24.4366,0.04269824771040165,68.59756097560975,0.5078527400710229,0.4394755687071986,0.06837717136382426,3.9151712887438794,1.0442857142857143,270414382530.25,-0.05651491365777084,0,-1,0.06750392464678168,1,1,0.28335949764521207,1,1,,0,0,,0,0,,0,0,0.0
2025-10-02,25.401,25.68,25.12,25.18,1116589473.0,TRALT,25.18,25.401,25.68,25.12,0,-0.011773940345368938,-0.0396643783371472,0.05887300252312855,0.025762965632720514,0.022220688116997307,24.697,24.051600000000004,24.4459,0.030029575511639983,76.53061224489794,0.46212137501342454,0.4440047299684438,0.018116645044980728,0.7200000000000095,1.0,269297793057.25,-0.010325655281969714,0,0,0.06751389992057177,1,1,0.3407466243050039,1,1,,0,0,,0,0,,0,0,0.0
2025-10-03,25.826,26.48,25.08,25.4,3367940634.0,TRALT,25.4,25.826,26.48,25.08,0,0.008737092930897417,-0.01702786377708987,0.04958677685950419,0.025575476291324607,0.02203346659196654,24.757,24.0724,24.4554,0.03862541606352776,71.24999999999997,0.4385754750393751,0.44291887898263005,-0.004343403943254942,1.437699680511173,0.9785714285714288,272665733691.25,-0.055118110236220375,0,-1,0.08346456692913384,1,1,0.40472440944881893,1,1,,0,0,,0,0,,0,0,0.0
2025-10-06,25.519,25.86,25.12,25.16,1510960038.0,TRALT,25.16,25.519,25.86,25.12,0,-0.009448818897637712,-0.010228166797797034,0.0807560137457044,0.023924439823563935,0.022023078100278592,24.851,24.1192,24.463500000000003,0.028470987389375813,58.46153846153846,0.3959845223527019,0.43353200765664446,-0.037547485303942585,-3.081664098613257,0.9300000000000003,271154773653.25,-0.006359300476947549,0,0,0.06756756756756754,1,1,0.4785373608903021,1,1,,0,0,,0,0,,0,0,0.0
2025-10-07,25.099,25.46,24.8,24.94,1257595009.0,TRALT,24.94,25.099,25.46,24.8,0,-0.008744038155802825,-0.011102299762093426,0.052320675105485215,0.02385603451840943,0.021724152548184363,24.913,24.166000000000004,24.4699,0.019211357627125558,55.12195121951221,0.34055304064829883,0.4149362142549754,-0.07438317360667657,-4.517611026033686,0.9428571428571431,269897178644.25,-0.023255813953488413,0,-1,0.07939053728949474,1,1,0.49719326383319973,1,1,,0,0,,0,0,,0,0,0.0
2025-10-08,25.458,25.94,25.02,25.4,2088173830.0,TRALT,25.4,25.458,25.94,25.02,0,0.01844426623897344,-0.0031397174254317317,0.08085106382978724,0.023945478424144028,0.021628819643525286,25.008000000000003,24.2192,24.480099999999997,0.03757746087638547,54.90196078431371,0.3299380274536965,0.3979365768947196,-0.06799854944102313,-3.4220532319391705,0.9114285714285716,271985352474.25,-0.0645669291338582,0,-1,0.07559055118110236,1,1,0.5692913385826772,1,1,,0,0,,0,0,,0,0,0.0
2025-10-09,26.023,26.58,25.4,25.5,2152908773.0,TRALT,25.5,26.023,26.58,25.4,0,0.003937007874015741,0.012708498808578161,0.10677083333333348,0.023286809950638736,0.0214313179402057,25.131,24.272,24.4958,0.040994782779088634,55.555555555555564,0.32583865213081964,0.3835169919419396,-0.05767833981111997,-2.7459954233409523,0.9242857142857144,274138261247.25,-0.02509803921568632,0,-1,0.11372549019607847,1,1,0.5686274509803921,1,1,,0,0,,0,0,,0,0,0.0
2025-10-10,24.84,25.44,24.48,24.82,1909952380.0,TRALT,24.82,24.84,25.44,24.48,0,-0.026666666666666616,-0.022834645669291276,0.12511332728921132,0.021792199907378292,0.021465593725293348,25.269,24.305600000000005,24.5104,0.012631372805013363,35.38461538461537,0.26466861560000865,0.3597473166735534,-0.09507870107354477,-3.9473684210526327,0.8828571428571428,272228308867.25,0.05157131345688959,1,1,0.14987912973408535,1,1,0.5116841257050766,1,1,,0,0,,0,0,,0,0,1.0
2025-10-13,24.583,24.94,24.3,24.58,1410209444.0,TRALT,24.58,24.583,24.94,24.3,0,-0.00966962127316684,-0.02305246422893492,0.05222602739726012,0.018136855486325473,0.02143104268244068,25.330000000000002,24.337600000000002,24.524700000000003,0.0022548695804636143,30.65326633165826,0.19458190759894478,0.3267142348586317,-0.13213232725968693,-3.3044846577498177,0.8685714285714283,270818099423.25,0.041497152156224626,1,1,0.14646053702196915,1,1,0.5410903173311639,1,1,,0,0,,0,0,,0,0,1.0
2025-10-14,24.124,24.76,23.64,23.64,1219876015.0,TRALT,23.64,24.124,24.76,23.64,0,-0.03824247355573629,-0.05212510024057737,-0.03510204081632651,0.016893762759504296,0.02198254321049385,25.287,24.349199999999996,24.532999999999998,-0.03639995108629179,21.94092827004218,0.06246745651436214,0.2738648791897778,-0.21139742267541567,-6.264869151467078,0.8842857142857142,269598223408.25,0.0744500846023688,1,1,0.31049069373942473,1,1,0.6006768189509308,1,1,,0,0,,0,0,,0,0,1.0
2025-10-15,24.216,24.5,23.8,24.04,1793760351.0,TRALT,24.04,24.216,24.5,23.8,0,0.016920473773265554,-0.053543307086614145,-0.019575856443719397,0.01739385174129048,0.022039089757177225,25.262999999999998,24.371600000000004,24.544,-0.02053455019556716,28.458498023715393,-0.009844064495087679,0.21712309045280473,-0.2269671549478924,-5.651491365777083,0.8957142857142854,271391983759.25,0.13144758735440942,1,1,0.36023294509151427,1,1,0.5657237936772048,1,1,,0,0,,0,0,,0,0,1.0
2025-10-16,24.686,25.08,23.98,24.92,2520025198.0,TRALT,24.92,24.686,25.08,23.98,0,0.03660565723793696,-0.02274509803921565,-0.0031999999999999806,0.018805632620244907,0.02253981949849801,25.259,24.408399999999997,24.5581,0.014736482056836753,41.72661870503599,0.003813223198307014,0.1744611170019052,-0.17064789380359818,-1.0325655281969714,0.911428571428571,273912008957.25,0.0786516853932584,1,1,0.3547351524879614,1,1,0.402086677367576,1,1,,0,0,,0,0,,0,0,1.0
2025-10-17,24.419,25.2,23.62,24.0,2277565408.0,TRALT,24.0,24.419,25.2,23.62,0,-0.036918138041733606,-0.033037872683319924,-0.04153354632587858,0.020527465894736672,0.022962699806123983,25.207,24.4248,24.5675,-0.023099623486313225,38.28382838283828,-0.05892039155129325,0.1277848152912655,-0.18670520684255876,-5.5118110236220375,0.9628571428571424,271634443549.25,0.14666666666666672,1,1,0.4866666666666666,1,1,0.43333333333333335,1,1,,0,0,,0,0,,0,0,1.0
2025-10-20,24.543,25.08,23.74,25.0,2353042526.0,TRALT,25.0,24.543,25.08,23.74,0,0.04166666666666674,0.017087062652563212,-0.036979969183358996,0.0210388621725152,0.02204139329719019,25.159,24.4424,24.579599999999996,0.01710361437940433,48.39650145772596,-0.027627122291846717,0.09670242777464307,-0.12432955006648978,-0.6359300476947549,1.0057142857142853,273987486075.25,0.07440000000000002,1,1,0.4880000000000002,1,1,0.4103999999999999,1,1,,0,0,,0,0,,0,0,1.0
2025-10-21,24.778,25.32,24.12,24.36,2386423344.0,TRALT,24.36,24.778,25.32,24.12,0,-0.025600000000000067,0.030456852791878042,-0.06738131699846861,0.021607426152673283,0.022276348318736896,25.070999999999998,24.461200000000005,24.589100000000002,-0.009317136454770725,42.26519337016573,-0.05384889569494078,0.0665921630807263,-0.12044105877566708,-2.3255813953488413,1.0285714285714282,271601062731.25,0.1050903119868638,1,1,0.5328407224958951,1,1,0.4540229885057472,1,1,,0,0,,0,0,,0,0,1.0
2025-10-22,24.067,24.54,23.72,23.76,1392315333.0,TRALT,23.76,24.067,24.54,23.72,0,-0.02463054187192104,-0.011647254575707033,-0.09657794676806075,0.021974483938732803,0.022520221543025194,24.944,24.4676,24.5952,-0.033957845433255196,40.58355437665783,-0.12164260539029925,0.028945209386521186,-0.15058781477682043,-6.45669291338582,1.047142857142857,270208747398.25,0.14983164983164987,1,1,0.6776094276094276,1,1,0.6397306397306397,1,1,,0,0,,0,0,,0,0,1.0
2025-10-23,24.547,25.08,23.94,24.86,2431310231.0,TRALT,24.86,24.547,25.08,23.94,0,0.04629629629629628,-0.0024077046548957037,-0.051868802440884765,0.024777229308507228,0.02326323362274703,24.875999999999998,24.5,24.6039,0.010408918911229526,46.793349168646074,-0.08562180694204358,0.006031806120808236,-0.09165361306285182,-2.509803921568632,1.0414285714285707,272640057629.25,0.1423974255832663,1,1,0.6090104585679808,1,1,0.6283185840707963,1,1,,0,0,,0,0,,0,0,1.0
2025-10-24,25.535,26.2,24.68,26.1,3043911605.0,TRALT,26.1,25.535,26.2,24.68,0,0.04987932421560748,0.08750000000000013,0.010061919504644079,0.02718368453861805,0.02404748117312407,24.889000000000003,24.5552,24.6169,0.060247228529993535,54.989384288747345,0.042492742348663626,0.013323993366379313,0.02916874898228431,5.157131345688959,1.0971428571428565,275683969234.25,0.09348659003831417,1,1,0.4375478927203065,1,1,,0,0,,0,0,,0,0,,0,0,1.0
2025-10-27,25.664,26.28,25.26,25.6,1710730857.0,TRALT,25.6,25.664,26.28,25.26,0,-0.019157088122605415,0.02400000000000002,0.007081038552321006,0.027287374565399106,0.02417849696488379,24.898000000000003,24.5928,24.6313,0.039328009483868165,53.40206185567011,0.10249710156675462,0.03115861500645438,0.07133848656030024,4.149715215622463,1.1228571428571423,273973238377.25,0.10078124999999982,1,1,0.47968750000000004,1,1,,0,0,,0,0,,0,0,,0,0,1.0
2025-10-28,25.434,25.7,25.18,25.4,478513504.0,TRALT,25.4,25.434,25.7,25.18,0,-0.007812500000000111,0.04269293924466333,0.007137192704202988,0.027286462741993967,0.024211397180656034,24.907,24.630800000000004,24.6428,0.030727027772817994,50.0,0.1323865898251846,0.051404209970200426,0.08098237985498416,7.445008460236879,1.0885714285714279,273494724873.25,0.21968503937007888,1,1,0.48976377952755934,1,1,,0,0,,0,0,,0,0,,0,0,1.0
2025-10-30,26.64,27.42,25.4,27.2,3722777371.0,TRALT,27.2,26.64,27.42,25.4,0,0.07086614173228356,0.14478114478114468,0.06750392464678168,0.03145026288634448,0.02576939352498352,24.993000000000002,24.701999999999998,24.664300000000004,0.10280851270865154,57.630161579892274,0.29788534455956395,0.10070043688807313,0.19718490767149083,13.144758735440941,1.1485714285714281,277217502244.25,0.20220588235294135,1,1,0.3838235294117647,1,1,,0,0,,0,0,,0,0,,0,0,1.0
2025-10-31,27.223,28.02,26.66,26.88,3273149567.0,TRALT,26.88,27.223,28.02,26.66,0,-0.0117647058823529,0.08125502815768293,0.06751389992057177,0.031450023290417586,0.025836092921900606,25.078,24.753600000000002,24.688100000000006,0.088783665004597,59.5547309833024,0.39862784078097846,0.1602859176666542,0.23834192311432426,7.86516853932584,1.1728571428571424,273944352677.25,0.25595238095238093,1,1,0.29985119047619047,1,1,,0,0,,0,0,,0,0,,0,0,1.0
2025-11-03,27.208,27.64,26.76,27.52,2598069428.0,TRALT,27.52,27.208,27.64,26.76,0,0.023809523809523725,0.05440613026819907,0.08346456692913384,0.03175530167800788,0.02597677352236168,25.183999999999997,24.81,24.7168,0.11341273951320563,63.14847942754919,0.5240685105751801,0.2330424362483594,0.2910260743268207,14.666666666666671,1.1899999999999995,276542422105.25,0.2965116279069768,1,1,0.25,1,1,,0,0,,0,0,,0,0,,0,0,1.0
2025-11-04,27.016,27.42,26.68,26.86,1400140001.0,TRALT,26.86,27.016,27.42,26.68,0,-0.02398255813953487,0.04921874999999987,0.06756756756756754,0.03225341796302668,0.025738645215007946,25.269,24.8452,24.7412,0.08563853006321431,64.77064220183485,0.563726374253541,0.29917922384939577,0.2645471504041452,7.440000000000002,1.1699999999999995,275142282104.25,0.38495904690990335,1,1,0.3127326880119137,1,1,,0,0,,0,0,,0,0,,0,0,1.0
2025-11-05,26.853,27.14,26.5,26.92,1665748429.0,TRALT,26.92,26.853,27.14,26.5,0,0.0022338049143708627,0.0598425196850394,0.07939053728949474,0.03212253548872218,0.025411953044621904,25.368000000000002,24.8864,24.760699999999996,0.08720674294345487,63.63636363636363,0.5931594426710234,0.35797526761372134,0.23518417505730205,10.50903119868638,1.1542857142857137,276808030533.25,0.3870728083209509,1,1,0.31575037147102525,1,1,,0,0,,0,0,,0,0,,0,0,1.0
2025-11-06,27.3,27.6,26.98,27.32,2288437615.0,TRALT,27.32,27.3,27.6,26.98,0,0.014858841010401136,0.004411764705882337,0.07559055118110236,0.03204942857717674,0.025459557443065276,25.464,24.9516,24.781100000000002,0.10245307916113489,61.90476190476189,0.6413687191500053,0.41465395792097814,0.22671476122902712,14.983164983164986,1.1242857142857139,279096468148.25,0.4590043923865299,1,1,0.4260614934114202,1,1,,0,0,,0,0,,0,0,,0,0,1.0
2025-11-07,28.136,28.74,27.28,28.4,3745477358.0,TRALT,28.4,28.136,28.74,27.28,0,0.039531478770131745,0.05654761904761907,0.11372549019607847,0.033011900486836554,0.025847830021453515,25.608999999999998,25.0344,24.8021,0.14506432923018608,71.484375,0.7579843207315413,0.4833200304830908,0.2746642902484505,14.239742558326629,1.1157142857142852,282841945506.25,0.40845070422535223,1,1,0.4253521126760562,1,1,,0,0,,0,0,,0,0,,0,0,1.0
2025-11-10,28.758,29.3,28.24,28.54,3772002929.0,TRALT,28.54,28.758,29.3,28.24,0,0.004929577464788837,0.0370639534883721,0.14987912973408535,0.0321146435072547,0.02584821543897128,25.794999999999998,25.124000000000002,24.824,0.14969384466645175,68.86993603411513,0.8518799137571733,0.5570320071379073,0.29484790661926596,9.348659003831417,1.0957142857142854,286613948435.25,0.31464611072179416,1,1,,0,0,,0,0,,0,0,,0,0,,0,0,1.0
2025-11-11,28.328,29.0,27.36,28.18,5374237715.0,TRALT,28.18,28.328,29.0,27.36,0,-0.01261387526278901,0.04914370811615787,0.14646053702196915,0.032204071274535125,0.02587868554195571,25.975,25.202,24.8444,0.13425963194925217,70.98901098901099,0.8870188551446923,0.6230293767392643,0.26398947840542797,10.078124999999982,1.127142857142857,281239710720.25,0.3442157558552166,1,1,,0,0,,0,0,,0,0,,0,0,,0,0,1.0
2025-11-12,30.551,30.98,29.28,30.98,8099868749.0,TRALT,30.98,30.551,30.98,29.28,0,0.09936124911284594,0.15081723625557197,0.31049069373942473,0.03638052299428049,0.028643608644905092,26.342000000000002,25.356399999999997,24.877599999999997,0.2452969739846289,81.94690265486724,1.1278027111589068,0.7239840436231928,0.40381866753571405,21.96850393700789,1.2685714285714285,289339579469.25,0.2214331826985152,1,1,,0,0,,0,0,,0,0,,0,0,,0,0,1.0
2025-11-13,32.397,33.22,31.4,32.7,12919038375.0,TRALT,32.7,32.397,33.22,31.4,0,0.05551969012265978,0.19692532942898988,0.36023294509151427,0.03753656191479481,0.02937659118762574,26.775,25.534000000000002,24.9196,0.3122200998410891,82.88590604026845,1.4408065560571224,0.8673485461099788,0.5734580099471436,20.220588235294134,1.3342857142857143,302258617844.25,0.1510703363914372,1,1,,0,0,,0,0,,0,0,,0,0,,0,0,1.0
2025-11-14,32.884,33.76,32.22,33.76,7755512534.0,TRALT,33.76,32.884,33.76,32.22,0,0.03241590214067269,0.18873239436619715,0.3547351524879614,0.037427949813802056,0.02943955146678905,27.216999999999995,25.733600000000003,24.9694,0.3520549152162247,82.6235093696763,1.754176445295812,1.0447141259471455,0.7094623193486664,25.595238095238095,1.3357142857142856,310014130378.25,0.03495260663507116,1,1,,0,0,,0,0,,0,0,,0,0,,0,0,1.0
2025-11-17,34.557,36.0,32.72,35.68,11225007381.0,TRALT,35.68,34.557,36.0,32.72,0,0.056872037914692086,0.2501751927119833,0.4866666666666666,0.036315112604916336,0.030138901497208735,27.801,25.963199999999997,25.0295,0.42551788889110864,88.29787234042551,2.132865943186001,1.2623444893949167,0.8705214537910844,29.651162790697683,1.497142857142857,321239137759.25,-0.0358744394618834,0,-1,,0,0,,0,0,,0,0,,0,0,,0,0,1.0
2025-11-18,36.403,37.22,35.32,37.2,11718614181.0,TRALT,37.2,36.403,37.22,35.32,0,0.04260089686098656,0.320085166784954,0.4880000000000002,0.03634417971691337,0.03047252878478894,28.411,26.2416,25.101599999999998,0.4819772444784398,90.74585635359117,2.5265073908984164,1.5151770696956168,1.0113303212027995,38.495904690990336,1.5957142857142856,332957751940.25,-0.05215053763440869,0,-1,,0,0,,0,0,,0,0,,0,0,,0,0,0.0
2025-11-19,37.307,38.0,36.52,37.34,11053409297.0,TRALT,37.34,37.307,38.0,36.52,0,0.0037634408602149616,0.2052937378954165,0.5328407224958951,0.03494226060725924,0.03039804475205548,29.059999999999995,26.514400000000002,25.1748,0.4832292610070388,89.54758190327614,2.8172919167027466,1.7756000390970428,1.0416918776057038,38.707280832095094,1.5571428571428567,344011161237.25,-0.05141938939475099,0,-1,,0,0,,0,0,,0,0,,0,0,,0,0,0.0
2025-11-20,39.209,40.0,37.5,39.86,9206423441.0,TRALT,39.86,39.209,40.0,37.5,0,0.06748794858061058,0.21896024464831787,0.6776094276094276,0.034520247363458545,0.030925521564202516,29.865,26.8416,25.2612,0.5779139549981791,93.20905459387484,3.214034301116939,2.063286891501022,1.1507474096159171,45.90043923865299,1.6499999999999992,353217584678.25,-0.022579026593075757,0,-1,,0,0,,0,0,,0,0,,0,0,,0,0,0.0
2025-11-21,39.812,40.36,39.02,40.0,7007974403.0,TRALT,40.0,39.812,40.36,39.02,0,0.00351229302558953,0.18483412322274884,0.6090104585679808,0.034571147183987336,0.030933302495159933,30.621999999999996,27.180799999999998,25.351399999999998,0.5778221321110473,92.97520661157026,3.499413271229294,2.3505121674466767,1.1489011037826171,40.84507042253522,1.682857142857142,360225559081.25,0.01200000000000001,1,0,,0,0,,0,0,,0,0,,0,0,,0,0,0.0
2025-11-24,38.569,40.18,37.2,37.52,4498429637.0,TRALT,37.52,38.569,40.18,37.2,0,-0.061999999999999944,0.05156950672645744,0.4375478927203065,0.03903188367657247,0.032189199026812124,31.193,27.49,25.4282,0.47552717062159355,82.61933904528766,3.48528667207254,2.5774670683718495,0.9078196037006907,31.464611072179416,1.8357142857142847,355727129444.25,,0,0,,0,0,,0,0,,0,0,,0,0,,0,0,0.0
2025-11-25,37.708,38.5,36.62,37.88,4433759453.0,TRALT,37.88,37.708,38.5,36.62,0,0.009594882729211163,0.018279569892473146,0.47968750000000004,0.03806931878300724,0.03218953894162985,31.807,27.780400000000004,25.507600000000004,0.4850475936583605,82.93269230769232,3.4632184058149953,2.754617335860479,0.7086010699545162,34.42157558552166,1.9242857142857133,360160888897.25,,0,0,,0,0,,0,0,,0,0,,0,0,,0,0,0.0
2025-11-26,37.966,38.86,37.3,37.84,5095291413.0,TRALT,37.84,37.966,38.86,37.3,0,-0.001055966209081327,0.013390465988216471,0.48976377952755934,0.03783448607246043,0.03154003141315375,32.429,28.047200000000004,25.580800000000004,0.4792344258193644,82.30958230958234,3.4032706940084836,2.8843480074900802,0.5189226865184033,22.14331826985152,1.9871428571428564,355065597484.25,,0,0,,0,0,,0,0,,0,0,,0,0,,0,0,0.0
2025-11-27,38.009,38.74,37.24,37.64,4023081072.0,TRALT,37.64,38.009,38.74,37.24,0,-0.005285412262156508,-0.055694932262920216,0.3838235294117647,0.036332487495035176,0.031524007976162595,32.951,28.3096,25.650499999999997,0.4674177891269178,80.0,3.3015649859662517,2.9677914031853145,0.33377358278093716,15.107033639143719,1.9899999999999995,351042516412.25,,0,0,,0,0,,0,0,,0,0,,0,0,,0,0,0.0
2025-11-28,36.091,38.14,34.7,34.94,4645712514.0,TRALT,34.94,36.091,38.14,34.7,0,-0.07173219978746026,-0.12650000000000006,0.29985119047619047,0.041004408136201535,0.03314904829651272,33.354,28.508399999999998,25.7053,0.35925276110374105,67.8173719376392,2.968871739084541,2.96800747036516,0.0008642687193809451,3.495260663507116,2.1599999999999993,346396803898.25,,0,0,,0,0,,0,0,,0,0,,0,0,,0,0,1.0
2025-12-01,34.662,35.16,34.12,34.4,3253475140.0,TRALT,34.4,34.662,35.16,34.12,0,-0.015455065827132186,-0.08315565031982952,0.25,0.04144714855061149,0.033243537664121324,33.698,28.6956,25.7548,0.3356733502104461,67.1444321940463,2.631304417577965,2.900666859807721,-0.269362442229756,-3.58744394618834,2.117142857142856,343143328758.25,,0,0,,0,0,,0,0,,0,0,,0,0,,0,0,1.0
2025-12-02,35.186,35.68,34.34,35.26,4419183940.0,TRALT,35.26,35.186,35.68,34.34,0,0.02499999999999991,-0.06916578669482587,0.3127326880119137,0.04064675758037143,0.032808589047346313,34.118,28.8816,25.803600000000003,0.3664759955975132,63.209876543209866,2.405446209359674,2.8016227297181118,-0.39617652035843776,-5.215053763440869,2.0128571428571416,347562512698.25,,0,0,,0,0,,0,0,,0,0,,0,0,,0,0,1.0
2025-12-03,35.644,36.04,35.32,35.42,2929930227.0,TRALT,35.42,35.644,36.04,35.32,0,0.004537719795802753,-0.06395348837209303,0.31575037147102525,0.040613484478139644,0.03278111951634715,34.543,29.067600000000002,25.8569,0.3698471201110729,59.28961748633879,2.213842813070592,2.684066746388608,-0.47022393331801604,-5.141938939475099,1.9085714285714275,350492442925.25,,0,0,,0,0,,0,0,,0,0,,0,0,,0,0,1.0
2025-12-04,36.416,38.96,35.42,38.96,5231926675.0,TRALT,38.96,36.416,38.96,35.42,0,0.09994353472614348,0.03506907545164717,0.4260614934114202,0.04487553610144364,0.0348249022151388,35.125,29.3208,25.9263,0.502721175023046,65.18691588785046,2.320890376512814,2.6114314724134493,-0.29054109590063515,-2.2579026593075757,2.0514285714285703,355724369600.25,,0,0,,0,0,,0,0,,0,0,,0,0,,0,0,1.0
2025-12-05,39.932,40.82,38.76,40.48,10432490577.0,TRALT,40.48,39.932,40.82,38.76,0,0.03901437371663241,0.1585575271894677,0.4253521126760562,0.04486313830009685,0.03483016151648158,35.729,29.605999999999998,26.0025,0.5567733871743099,64.35406698564593,2.49956421822381,2.589058021575522,-0.08949380335171186,1.200000000000001,1.9642857142857133,366156860177.25,,0,0,,0,0,,0,0,,0,0,,0,0,,0,0,
